# Blender 3.6.7
# www.blender.org
o Cube.001
v -0.398450 -0.653784 0.547866
v -0.392668 -0.686496 0.571180
v -0.396756 -0.663365 0.566638
v -0.132817 -0.653784 0.547866
v -0.130889 -0.686504 0.571179
v -0.132252 -0.663368 0.566638
v -0.934346 -0.684867 -0.566045
v -0.985783 -0.685834 -0.534853
v -0.950000 -0.653784 -0.547866
v -0.968998 -0.689428 -0.555442
v -0.971587 -0.667972 -0.558749
v -0.981192 -0.663172 -0.541357
v -0.942173 -0.662888 -0.565134
v 0.130889 -0.686504 0.571179
v 0.132817 -0.653784 0.547866
v 0.132252 -0.663368 0.566638
v 0.398450 -0.653784 0.547866
v 0.392668 -0.686496 0.571180
v 0.396756 -0.663365 0.566638
v 0.934346 -0.684867 -0.566045
v 0.950000 -0.653784 -0.547866
v 0.985783 -0.685834 -0.534853
v 0.945117 -0.662688 -0.565622
v 0.972555 -0.667126 -0.559512
v 0.981489 -0.663372 -0.543567
v 0.970420 -0.685351 -0.556421
v -0.654452 -0.686478 0.571183
v -0.654137 -0.653784 0.547866
v -0.658349 -0.663360 0.566639
v -0.950000 -0.653784 0.377242
v -0.985789 -0.685821 0.380323
v -0.981193 -0.663167 0.380520
v -0.841624 -0.686467 0.526475
v -0.863344 -0.653784 0.497891
v -0.907958 -0.685817 0.488688
v -0.857527 -0.663352 0.519055
v -0.882929 -0.667771 0.510719
v -0.898053 -0.663165 0.496270
v -0.879941 -0.687641 0.510569
v 0.985789 -0.685821 0.380323
v 0.950000 -0.653784 0.377242
v 0.981193 -0.663167 0.380520
v 0.654452 -0.686478 0.571183
v 0.654137 -0.653784 0.547866
v 0.658349 -0.663360 0.566639
v 0.841624 -0.686467 0.526475
v 0.907958 -0.685817 0.488688
v 0.863344 -0.653784 0.497891
v 0.879941 -0.687641 0.510569
v 0.882929 -0.667771 0.510719
v 0.898053 -0.663165 0.496270
v 0.857527 -0.663352 0.519055
v -0.950000 -0.653784 0.143058
v -0.985786 -0.685827 0.143813
v -0.981192 -0.663169 0.143279
v -0.950000 -0.653784 -0.096862
v -0.985785 -0.685831 -0.092696
v -0.981192 -0.663171 -0.095642
v -0.985784 -0.685834 -0.329205
v -0.950000 -0.653784 -0.336782
v -0.981192 -0.663171 -0.334562
v 0.950000 -0.653784 -0.336782
v 0.985784 -0.685834 -0.329205
v 0.981192 -0.663171 -0.334562
v 0.950000 -0.653784 -0.096862
v 0.985785 -0.685831 -0.092696
v 0.981192 -0.663171 -0.095642
v 0.985786 -0.685827 0.143813
v 0.950000 -0.653784 0.143058
v 0.981192 -0.663169 0.143279
v 0.904855 -0.751352 -0.543251
v 0.957150 -0.750385 -0.512722
v 0.892933 -0.782435 -0.503759
v 0.939935 -0.754946 -0.532980
v 0.927542 -0.769941 -0.524736
v 0.932453 -0.773048 -0.508242
v 0.898894 -0.773331 -0.527270
v -0.904855 -0.751352 -0.543251
v -0.892933 -0.782435 -0.503759
v -0.957150 -0.750385 -0.512722
v -0.895950 -0.773532 -0.527621
v -0.927324 -0.769094 -0.524553
v -0.932928 -0.772848 -0.506034
v -0.941358 -0.750869 -0.533959
v 0.125237 -0.782435 0.526152
v 0.127165 -0.749715 0.560510
v 0.125802 -0.772852 0.548159
v -0.127165 -0.749715 0.560510
v -0.125237 -0.782435 0.526152
v -0.125802 -0.772852 0.548159
v 0.616240 -0.782435 0.526152
v 0.635816 -0.749742 0.560505
v 0.626093 -0.772860 0.548158
v 0.381493 -0.749724 0.560508
v 0.375711 -0.782435 0.526152
v 0.377405 -0.772854 0.548158
v -0.381493 -0.749724 0.560508
v -0.375711 -0.782435 0.526152
v -0.377405 -0.772854 0.548158
v -0.816313 -0.749753 0.517386
v -0.882129 -0.750402 0.479413
v -0.811892 -0.782435 0.479415
v -0.854371 -0.751577 0.501387
v -0.843036 -0.769071 0.496115
v -0.853722 -0.773054 0.481025
v -0.817100 -0.772865 0.502527
v -0.616240 -0.782435 0.526152
v -0.635816 -0.749742 0.560505
v -0.626093 -0.772860 0.548158
v -0.957144 -0.750399 0.374973
v -0.892933 -0.782435 0.366583
v -0.932451 -0.773052 0.371416
v 0.816313 -0.749753 0.517386
v 0.811892 -0.782435 0.479415
v 0.882128 -0.750402 0.479413
v 0.817100 -0.772865 0.502527
v 0.843036 -0.769071 0.496115
v 0.853722 -0.773054 0.481025
v 0.854371 -0.751577 0.501387
v 0.892933 -0.782435 0.366583
v 0.957144 -0.750399 0.374973
v 0.932451 -0.773052 0.371416
v -0.892933 -0.782435 -0.306366
v -0.957150 -0.750386 -0.313943
v -0.932452 -0.773048 -0.308586
v 0.892933 -0.782435 0.146090
v 0.957147 -0.750392 0.145335
v 0.932451 -0.773050 0.145869
v -0.957147 -0.750392 0.145335
v -0.892933 -0.782435 0.146090
v -0.932451 -0.773050 0.145869
v -0.957149 -0.750388 -0.084304
v -0.892933 -0.782435 -0.080138
v -0.932452 -0.773049 -0.081358
v 0.957150 -0.750386 -0.313943
v 0.892933 -0.782435 -0.306366
v 0.932452 -0.773048 -0.308586
v 0.957149 -0.750388 -0.084304
v 0.892933 -0.782435 -0.080138
v 0.932452 -0.773049 -0.081358
vn -0.0000 -0.1664 0.9861
vn -0.9141 -0.4055 -0.0000
vn -0.2263 -0.2266 0.9473
vn 0.9141 -0.4055 -0.0000
vn -0.0000 -0.3243 -0.9460
vn -0.0000 -1.0000 -0.0000
vn 0.2263 -0.2266 0.9473
vn -0.0000 1.0000 -0.0000
vn 0.7519 -0.3783 0.5400
vn -0.7519 -0.3783 0.5400
vn -0.2391 -0.1106 -0.9647
vn -0.8270 -0.0860 -0.5556
vn -0.2991 0.8241 -0.4810
vn 0.2282 -0.1366 -0.9640
vn 0.2806 0.8550 -0.4362
vn 0.8386 -0.1103 -0.5335
vn -0.3557 0.0017 0.9346
vn -0.2713 0.8288 0.4894
vn -0.6467 -0.0334 0.7620
vn 0.3557 0.0017 0.9346
vn 0.6467 -0.0334 0.7620
vn 0.2713 0.8288 0.4894
vn 0.1566 -0.5945 -0.7887
vn 0.6104 -0.7158 -0.3391
vn 0.1688 -0.9439 -0.2837
vn -0.1858 -0.5916 -0.7846
vn -0.1876 -0.9380 -0.2916
vn -0.5949 -0.7091 -0.3785
vn -0.3023 -0.4853 0.8205
vn -0.5386 -0.5882 0.6032
vn -0.2026 -0.9134 0.3531
vn 0.3023 -0.4853 0.8205
vn 0.2026 -0.9134 0.3531
vn 0.5386 -0.5882 0.6032
vn -0.0001 0.0302 -0.9995
vn -0.0001 0.8893 -0.4573
vn -0.0000 0.8906 0.4547
vn -0.0000 0.1926 0.9813
vn -0.0000 0.8908 0.4545
vn -0.0000 0.1928 0.9812
vn -0.0000 0.8907 0.4546
vn -0.2297 0.1504 0.9616
vn -0.1035 0.8953 0.4333
vn -0.8020 0.1578 0.5761
vn -0.2644 0.9455 0.1899
vn 0.2297 0.1504 0.9616
vn 0.1035 0.8953 0.4333
vn 0.8020 0.1578 0.5761
vn 0.2644 0.9455 0.1899
vn -0.2882 0.9576 -0.0000
vn -0.9801 0.1986 -0.0000
vn 0.2881 0.9576 -0.0000
vn 0.9800 0.1988 -0.0000
vn -0.2881 0.9576 -0.0000
vn -0.9800 0.1988 -0.0000
vn -0.9801 0.1987 -0.0000
vn 0.2898 0.9571 -0.0003
vn 0.9811 0.1934 0.0006
vn 0.2882 0.9576 -0.0000
vn 0.9801 0.1986 -0.0000
vn 0.9801 0.1987 -0.0000
vn 0.0001 -0.9347 -0.3553
vn 0.0001 -0.5821 -0.8131
vn -0.0000 -0.4709 0.8822
vn -0.0000 -0.9168 0.3993
vn -0.0000 -0.4711 0.8821
vn -0.0000 -0.9169 0.3991
vn -0.0000 -0.4710 0.8822
vn -0.0000 -0.9169 0.3992
vn -0.0870 -0.9272 0.3644
vn -0.1977 -0.5253 0.8276
vn -0.2108 -0.9657 0.1514
vn -0.5810 -0.6988 0.4173
vn 0.0870 -0.9272 0.3644
vn 0.1977 -0.5253 0.8276
vn 0.2108 -0.9657 0.1514
vn 0.5810 -0.6988 0.4173
vn -0.6781 -0.7350 0.0004
vn -0.2321 -0.9727 -0.0002
vn 0.6760 -0.7369 -0.0000
vn 0.2310 -0.9729 -0.0000
vn -0.6760 -0.7369 -0.0000
vn -0.2310 -0.9729 -0.0000
vn -0.6761 -0.7368 -0.0000
vn -0.2311 -0.9729 -0.0000
vn 0.6761 -0.7368 -0.0000
vn 0.2311 -0.9729 -0.0000
vn 0.5922 -0.3416 0.7298
vn 0.3617 -0.2727 0.8915
vn 0.7118 -0.4860 -0.5071
vn 0.2253 -0.4010 -0.8880
vn -0.7096 -0.4917 -0.5048
vn -0.2243 -0.4067 -0.8856
vn -0.5922 -0.3416 0.7298
vn -0.3617 -0.2727 0.8915
vt 0.200194 0.750000
vt 0.166990 0.750000
vt 0.166990 0.750000
vt 0.125000 0.656008
vt 0.125000 0.604005
vt 0.125000 0.552003
vt 0.125000 0.506771
vt 0.125000 0.506905
vt 0.143252 0.740167
vt 0.143386 0.740223
vt 0.375000 0.656008
vt 0.375000 0.708010
vt 0.375000 0.708010
vt 0.131584 0.500000
vt 0.368416 0.500000
vt 0.368305 0.500000
vt 0.131695 0.500000
vt 0.375000 0.604005
vt 0.299806 0.750000
vt 0.266602 0.750000
vt 0.299806 0.750000
vt 0.375000 0.506771
vt 0.375000 0.552003
vt 0.375000 0.552003
vt 0.375000 0.506905
vt 0.131628 0.506628
vt 0.368372 0.506628
vt 0.368372 0.552003
vt 0.368372 0.604005
vt 0.368372 0.656008
vt 0.368372 0.706692
vt 0.357628 0.732628
vt 0.331692 0.743372
vt 0.299806 0.743372
vt 0.266602 0.743372
vt 0.233398 0.743372
vt 0.200194 0.743372
vt 0.168308 0.743372
vt 0.142372 0.732629
vt 0.131628 0.706692
vt 0.131628 0.656008
vt 0.131628 0.604005
vt 0.131628 0.552003
vt 0.356748 0.740167
vt 0.333010 0.750000
vt 0.356614 0.740223
vt 0.233398 0.750000
vt 0.131250 0.506250
vt 0.131250 0.552003
vt 0.131250 0.604005
vt 0.131250 0.656008
vt 0.131250 0.706767
vt 0.142082 0.732918
vt 0.168233 0.743750
vt 0.200194 0.743750
vt 0.233398 0.743750
vt 0.266602 0.743750
vt 0.299806 0.743750
vt 0.331767 0.743750
vt 0.357918 0.732918
vt 0.368750 0.706767
vt 0.368750 0.656008
vt 0.368750 0.604005
vt 0.368750 0.552003
vt 0.368750 0.506250
vt 0.365137 0.731821
vt 0.365194 0.731684
vt 0.134862 0.731821
vt 0.125000 0.708010
vt 0.134806 0.731684
vt 0.125000 0.500000
vt 0.126184 0.501297
vt 0.132228 0.500000
vt 0.125000 0.507661
vt 0.368140 0.500000
vt 0.373856 0.501242
vt 0.375000 0.500000
vt 0.375000 0.507182
vt 0.375000 0.500000
vt 0.375000 0.507182
vt 0.141933 0.739621
vt 0.137605 0.737584
vt 0.137298 0.737702
vt 0.135548 0.733476
vt 0.141933 0.739621
vt 0.135548 0.733476
vt 0.362701 0.737702
vt 0.362395 0.737584
vt 0.358067 0.739621
vt 0.364452 0.733476
vt 0.362702 0.737702
vt 0.364452 0.733476
vt 0.374320 0.500602
vt 0.369162 0.500000
vt 0.375000 0.505598
vt 0.131228 0.500000
vt 0.125690 0.500616
vt 0.125000 0.506105
vt 0.131228 0.500000
vt 0.137322 0.737513
vt 0.141124 0.739286
vt 0.135567 0.733520
vt 0.135567 0.733520
vt 0.358876 0.739286
vt 0.362678 0.737513
vt 0.364433 0.733520
vt 0.233433 0.750000
vt 0.266567 0.750000
vt 0.299700 0.750000
vt 0.332732 0.749967
vt 0.200300 0.750000
vt 0.200194 0.750000
vt 0.167268 0.749967
vt 0.125078 0.707932
vt 0.374922 0.707932
vt 0.364452 0.733476
vt 0.125000 0.552243
vt 0.375000 0.656032
vt 0.125000 0.656032
vt 0.125000 0.604137
vt 0.375000 0.552243
vt 0.375000 0.604137
vt 0.233360 0.750000
vt 0.266640 0.750000
vt 0.299918 0.750000
vt 0.333277 0.749887
vt 0.200082 0.750000
vt 0.166723 0.749887
vt 0.125065 0.708064
vt 0.374935 0.708064
vt 0.125000 0.551748
vt 0.375000 0.655982
vt 0.125000 0.655982
vt 0.125000 0.603865
vt 0.375000 0.551748
vt 0.375000 0.603865
s 0
f 2/1/1 27/2/1 108/3/1 97/1/1
f 54/4/2 57/5/2 132/5/2 129/4/2
f 59/6/2 8/7/2 80/8/2 124/6/2
f 27/3/3 33/9/3 100/10/3 108/2/3
f 68/11/4 40/12/4 121/13/4 127/11/4
f 7/14/5 20/15/5 71/16/5 78/17/5
f 66/18/4 68/11/4 127/11/4 138/18/4
f 18/19/1 14/20/1 86/20/1 94/21/1
f 22/22/4 63/23/4 135/24/4 72/25/4
f 79/26/6 73/27/6 136/28/6 139/29/6 126/30/6 120/31/6 114/32/6 91/33/6 95/34/6 85/35/6 89/36/6 98/37/6 107/38/6 102/39/6 111/40/6 130/41/6 133/42/6 123/43/6
f 46/44/7 43/45/7 92/45/7 113/46/7
f 43/45/1 18/19/1 94/19/1 92/45/1
f 14/20/1 5/47/1 88/47/1 86/20/1
f 9/48/8 60/49/8 56/50/8 53/51/8 30/52/8 34/53/8 28/54/8 1/55/8 4/56/8 15/57/8 17/58/8 44/59/8 48/60/8 41/61/8 69/62/8 65/63/8 62/64/8 21/65/8
f 40/12/9 47/66/9 115/67/9 121/13/9
f 35/68/10 31/69/10 110/69/10 101/70/10
f 57/5/2 59/6/2 124/6/2 132/5/2
f 31/69/2 54/4/2 129/4/2 110/69/2
f 63/24/4 66/18/4 138/18/4 135/24/4
f 7/14/11 10/71/11 11/72/11 13/73/11
f 8/7/12 12/74/12 11/72/12 10/71/12
f 9/48/13 13/73/13 11/72/13 12/74/13
f 20/15/14 23/75/14 24/76/14 26/77/14
f 21/65/15 25/78/15 24/76/15 23/75/15
f 22/22/16 26/79/16 24/76/16 25/80/16
f 33/9/17 36/81/17 37/82/17 39/83/17
f 34/53/18 38/84/18 37/82/18 36/85/18
f 35/68/19 39/83/19 37/82/19 38/86/19
f 46/44/20 49/87/20 50/88/20 52/89/20
f 47/66/21 51/90/21 50/88/21 49/91/21
f 48/60/22 52/89/22 50/88/22 51/92/22
f 71/16/23 74/79/23 75/93/23 77/94/23
f 72/25/24 76/95/24 75/93/24 74/79/24
f 73/27/25 77/94/25 75/93/25 76/95/25
f 78/17/26 81/96/26 82/97/26 84/71/26
f 79/26/27 83/98/27 82/97/27 81/99/27
f 80/8/28 84/71/28 82/97/28 83/98/28
f 100/10/29 103/83/29 104/100/29 106/101/29
f 101/70/30 105/102/30 104/100/30 103/83/30
f 102/39/31 106/101/31 104/100/31 105/103/31
f 113/46/32 116/104/32 117/105/32 119/91/32
f 114/32/33 118/106/33 117/105/33 116/104/33
f 115/67/34 119/91/34 117/105/34 118/106/34
f 20/15/35 7/14/35 13/73/35 23/75/35
f 23/75/36 13/73/36 9/48/36 21/65/36
f 15/57/37 4/56/37 6/107/37 16/108/37
f 16/108/38 6/107/38 5/47/38 14/20/38
f 44/59/39 17/58/39 19/109/39 45/110/39
f 45/110/40 19/109/40 18/19/40 43/45/40
f 17/58/41 15/57/41 16/108/41 19/109/41
f 19/109/38 16/108/38 14/20/38 18/19/38
f 4/56/41 1/55/41 3/111/41 6/107/41
f 6/107/38 3/111/38 2/112/38 5/47/38
f 33/9/42 27/3/42 29/113/42 36/81/42
f 36/81/43 29/113/43 28/54/43 34/53/43
f 31/69/44 35/68/44 38/84/44 32/114/44
f 32/114/45 38/84/45 34/53/45 30/52/45
f 43/45/46 46/44/46 52/89/46 45/110/46
f 45/110/47 52/89/47 48/60/47 44/59/47
f 47/66/48 40/12/48 42/115/48 51/116/48
f 51/116/49 42/115/49 41/61/49 48/60/49
f 60/49/50 9/48/50 12/74/50 61/117/50
f 61/117/51 12/74/51 8/7/51 59/6/51
f 69/62/52 41/61/52 42/115/52 70/118/52
f 70/118/53 42/115/53 40/12/53 68/11/53
f 1/55/39 28/54/39 29/113/39 3/111/39
f 3/111/40 29/113/40 27/2/40 2/1/40
f 30/52/54 53/51/54 55/119/54 32/114/54
f 32/114/55 55/119/55 54/4/55 31/69/55
f 53/51/54 56/50/54 58/120/54 55/119/54
f 55/119/56 58/120/56 57/5/56 54/4/56
f 56/50/50 60/49/50 61/117/50 58/120/50
f 58/120/51 61/117/51 59/6/51 57/5/51
f 21/65/57 62/64/57 64/121/57 25/78/57
f 25/78/58 64/121/58 63/23/58 22/22/58
f 62/64/59 65/63/59 67/122/59 64/121/59
f 64/121/60 67/122/60 66/18/60 63/24/60
f 65/63/52 69/62/52 70/118/52 67/122/52
f 67/122/61 70/118/61 68/11/61 66/18/61
f 73/27/62 79/26/62 81/96/62 77/94/62
f 77/94/63 81/96/63 78/17/63 71/16/63
f 86/20/64 88/47/64 90/123/64 87/124/64
f 87/124/65 90/123/65 89/36/65 85/35/65
f 92/45/66 94/19/66 96/125/66 93/126/66
f 93/126/67 96/125/67 95/34/67 91/33/67
f 94/21/68 86/20/68 87/124/68 96/125/68
f 96/125/69 87/124/69 85/35/69 95/34/69
f 88/47/68 97/1/68 99/127/68 90/123/68
f 90/123/69 99/127/69 98/37/69 89/36/69
f 102/39/70 107/38/70 109/128/70 106/101/70
f 106/101/71 109/128/71 108/2/71 100/10/71
f 111/40/72 102/39/72 105/102/72 112/129/72
f 112/129/73 105/102/73 101/70/73 110/69/73
f 91/33/74 114/32/74 116/104/74 93/126/74
f 93/126/75 116/104/75 113/46/75 92/45/75
f 114/32/76 120/31/76 122/130/76 118/106/76
f 118/106/77 122/130/77 121/13/77 115/67/77
f 124/6/78 80/8/78 83/98/78 125/131/78
f 125/131/79 83/98/79 79/26/79 123/43/79
f 127/11/80 121/13/80 122/130/80 128/132/80
f 128/132/81 122/130/81 120/31/81 126/30/81
f 97/1/66 108/3/66 109/128/66 99/127/66
f 99/127/67 109/128/67 107/38/67 98/37/67
f 110/69/82 129/4/82 131/133/82 112/129/82
f 112/129/83 131/133/83 130/41/83 111/40/83
f 129/4/84 132/5/84 134/134/84 131/133/84
f 131/133/85 134/134/85 133/42/85 130/41/85
f 132/5/84 124/6/84 125/131/84 134/134/84
f 134/134/85 125/131/85 123/43/85 133/42/85
f 72/25/86 135/24/86 137/135/86 76/95/86
f 76/95/87 137/135/87 136/28/87 73/27/87
f 135/24/86 138/18/86 140/136/86 137/135/86
f 137/135/87 140/136/87 139/29/87 136/28/87
f 138/18/86 127/11/86 128/132/86 140/136/86
f 140/136/87 128/132/87 126/30/87 139/29/87
f 115/67/88 47/66/88 49/87/88 119/91/88
f 119/91/89 49/87/89 46/44/89 113/46/89
f 22/22/90 72/25/90 74/79/90 26/79/90
f 26/79/91 74/79/91 71/16/91 20/15/91
f 80/8/92 8/7/92 10/71/92 84/71/92
f 84/71/93 10/71/93 7/14/93 78/17/93
f 35/68/94 101/70/94 103/83/94 39/83/94
f 39/83/95 103/83/95 100/10/95 33/9/95
f 5/47/1 2/112/1 97/1/1 88/47/1
o Cube.002
v -0.483160 -0.664584 0.553041
v -0.483160 -0.655573 0.560809
v -0.472993 -0.655573 0.553041
v -0.553485 -0.655573 0.553041
v -0.543318 -0.655573 0.560809
v -0.543318 -0.664584 0.553041
v 0.049307 -0.664584 0.553041
v 0.049307 -0.655573 0.560809
v 0.059881 -0.655573 0.553041
v -0.023826 -0.655573 0.553041
v -0.013252 -0.655573 0.560809
v -0.013252 -0.664584 0.553041
v -0.933602 -0.664584 0.398186
v -0.946812 -0.655573 0.399702
v -0.930974 -0.655573 0.405804
v -0.951376 -0.655573 0.346654
v -0.961958 -0.655573 0.355788
v -0.948748 -0.664584 0.354272
v -0.948748 0.664584 0.354272
v -0.961958 0.655573 0.355788
v -0.951376 0.655573 0.346654
v -0.933602 0.664584 0.398186
v -0.930974 0.655573 0.405804
v -0.946812 0.655573 0.399702
v 0.948748 -0.664584 0.354272
v 0.961958 -0.655573 0.355788
v 0.951376 -0.655573 0.346654
v 0.933602 -0.664584 0.398186
v 0.930974 -0.655573 0.405804
v 0.946812 -0.655573 0.399702
v 0.564349 -0.664584 0.538409
v 0.566269 -0.655573 0.546028
v 0.573999 -0.655573 0.536894
v 0.499077 -0.655573 0.548660
v 0.510646 -0.655573 0.554762
v 0.508727 -0.664584 0.547144
v 0.508727 0.664584 0.547144
v 0.510646 0.655573 0.554762
v 0.499077 0.655573 0.548660
v 0.564349 0.664584 0.538409
v 0.573999 0.655573 0.536894
v 0.566269 0.655573 0.546028
v 0.933602 0.664584 0.398186
v 0.946812 0.655573 0.399702
v 0.930974 0.655573 0.405804
v 0.951376 0.655573 0.346654
v 0.961958 0.655573 0.355788
v 0.948748 0.664584 0.354272
v -0.013252 0.664584 0.553041
v -0.013252 0.655573 0.560809
v -0.023826 0.655573 0.553041
v 0.049307 0.664584 0.553041
v 0.059881 0.655573 0.553041
v 0.049307 0.655573 0.560809
v -0.543317 0.664584 0.553041
v -0.543317 0.655573 0.560809
v -0.553485 0.655573 0.553041
v -0.483160 0.664584 0.553041
v -0.472993 0.655573 0.553041
v -0.483160 0.655573 0.560809
v -0.958974 -0.664584 -0.073884
v -0.972443 -0.655573 -0.073884
v -0.958974 -0.655573 -0.066117
v -0.958974 -0.655573 -0.127607
v -0.972443 -0.655573 -0.119840
v -0.958974 -0.664584 -0.119840
v -0.958974 0.664584 -0.119840
v -0.972443 0.655573 -0.119840
v -0.958974 0.655573 -0.127607
v -0.958974 0.664584 -0.073884
v -0.958974 0.655573 -0.066117
v -0.972443 0.655573 -0.073884
v 0.958974 -0.664584 -0.119840
v 0.972443 -0.655573 -0.119840
v 0.958974 -0.655573 -0.127607
v 0.958974 -0.655573 -0.066117
v 0.972443 -0.655573 -0.073884
v 0.958974 -0.664584 -0.073884
v 0.958974 0.664584 -0.073884
v 0.972443 0.655573 -0.073884
v 0.958974 0.655573 -0.066117
v 0.958974 0.664584 -0.119840
v 0.958974 0.655573 -0.127607
v 0.972443 0.655573 -0.119840
v -0.894270 0.664584 0.393674
v -0.881060 0.655573 0.392159
v -0.891642 0.655573 0.401293
v -0.909416 0.664584 0.349761
v -0.912044 0.655573 0.342142
v -0.896206 0.655573 0.348245
v -0.912044 -0.655573 0.342142
v -0.909416 -0.664584 0.349761
v -0.896206 -0.655573 0.348245
v -0.894270 -0.664584 0.393674
v -0.891642 -0.655573 0.401293
v -0.881060 -0.655573 0.392159
v 0.558634 0.664584 0.515727
v 0.556715 0.655573 0.508108
v 0.568284 0.655573 0.514211
v 0.503012 0.664584 0.524462
v 0.493362 0.655573 0.525977
v 0.501092 0.655573 0.516843
v 0.493362 -0.655573 0.525977
v 0.503012 -0.664584 0.524462
v 0.501092 -0.655573 0.516843
v 0.558634 -0.664584 0.515727
v 0.568284 -0.655573 0.514211
v 0.556715 -0.655573 0.508108
v 0.894270 -0.664584 0.393674
v 0.881060 -0.655573 0.392159
v 0.891642 -0.655573 0.401293
v 0.909416 -0.664584 0.349761
v 0.912044 -0.655573 0.342142
v 0.896206 -0.655573 0.348245
v 0.912044 0.655573 0.342142
v 0.909416 0.664584 0.349761
v 0.896206 0.655573 0.348245
v 0.894270 0.664584 0.393674
v 0.891642 0.655573 0.401293
v 0.881060 0.655573 0.392159
v 0.049307 0.664584 0.529914
v 0.049307 0.655573 0.522147
v 0.059881 0.655573 0.529914
v -0.013252 0.664584 0.529914
v -0.023826 0.655573 0.529914
v -0.013252 0.655573 0.522147
v -0.023826 -0.655573 0.529914
v -0.013252 -0.664584 0.529914
v -0.013252 -0.655573 0.522147
v 0.049307 -0.664584 0.529914
v 0.059881 -0.655573 0.529914
v 0.049307 -0.655573 0.522147
v -0.483160 0.664584 0.529914
v -0.483160 0.655573 0.522147
v -0.472993 0.655573 0.529914
v -0.543317 0.664584 0.529914
v -0.553485 0.655573 0.529914
v -0.543317 0.655573 0.522147
v -0.553485 -0.655573 0.529914
v -0.543318 -0.664584 0.529914
v -0.543318 -0.655573 0.522147
v -0.483160 -0.664584 0.529914
v -0.472993 -0.655573 0.529914
v -0.483160 -0.655573 0.522147
v -0.918871 0.664584 -0.073884
v -0.905403 0.655573 -0.073884
v -0.918871 0.655573 -0.066117
v -0.918871 0.664584 -0.119840
v -0.918871 0.655573 -0.127607
v -0.905403 0.655573 -0.119840
v -0.918871 -0.655573 -0.127607
v -0.918871 -0.664584 -0.119840
v -0.905403 -0.655573 -0.119840
v -0.918871 -0.664584 -0.073884
v -0.918871 -0.655573 -0.066117
v -0.905403 -0.655573 -0.073884
v 0.918871 0.664584 -0.119840
v 0.905403 0.655573 -0.119840
v 0.918871 0.655573 -0.127607
v 0.918871 0.664584 -0.073884
v 0.918871 0.655573 -0.066117
v 0.905403 0.655573 -0.073884
v 0.918871 -0.655573 -0.066117
v 0.918871 -0.664584 -0.073884
v 0.905403 -0.655573 -0.073884
v 0.918871 -0.664584 -0.119840
v 0.918871 -0.655573 -0.127607
v 0.905403 -0.655573 -0.119840
v -1.000478 0.407561 -0.139058
v -0.999204 0.245191 -0.138184
v -1.003910 0.326346 -0.141410
v -0.978045 0.081114 -0.123680
v -0.978045 -0.081114 -0.123680
v -0.973712 0.000000 -0.120710
v -0.999204 -0.245191 -0.138184
v -1.000478 -0.407561 -0.139058
v -1.003910 -0.326346 -0.141410
v -0.975745 -0.407554 -0.153323
v -0.974983 -0.245200 -0.152154
v -0.977798 -0.326347 -0.156470
v -0.962325 -0.081105 -0.132745
v -0.962325 0.081105 -0.132745
v -0.959733 0.000000 -0.128771
v -0.974983 0.245200 -0.152154
v -0.975745 0.407554 -0.153323
v -0.977798 0.326347 -0.156470
v -1.000478 -0.407561 -0.054666
v -0.999204 -0.245191 -0.055539
v -1.003910 -0.326346 -0.052314
v -0.978045 -0.081114 -0.070044
v -0.978045 0.081114 -0.070044
v -0.973712 0.000000 -0.073014
v -0.999204 0.245191 -0.055539
v -1.000478 0.407561 -0.054666
v -1.003910 0.326346 -0.052314
v -0.975745 0.407554 -0.040401
v -0.974983 0.245200 -0.041570
v -0.977798 0.326347 -0.037254
v -0.962325 0.081105 -0.060979
v -0.962325 -0.081105 -0.060979
v -0.959733 0.000000 -0.064953
v -0.974983 -0.245200 -0.041570
v -0.975745 -0.407554 -0.040401
v -0.977798 -0.326347 -0.037254
v -0.902100 0.407554 -0.153323
v -0.902863 0.245200 -0.152154
v -0.900048 0.326347 -0.156470
v -0.915521 0.081105 -0.132745
v -0.915521 -0.081105 -0.132745
v -0.918112 0.000000 -0.128771
v -0.902863 -0.245200 -0.152154
v -0.902100 -0.407554 -0.153323
v -0.900048 -0.326347 -0.156470
v -0.877367 -0.407561 -0.139058
v -0.878642 -0.245191 -0.138184
v -0.873935 -0.326346 -0.141410
v -0.899800 -0.081114 -0.123680
v -0.899800 0.081114 -0.123680
v -0.904133 0.000000 -0.120710
v -0.878642 0.245191 -0.138184
v -0.877367 0.407561 -0.139058
v -0.873935 0.326346 -0.141410
v -0.902100 -0.407554 -0.040401
v -0.902863 -0.245200 -0.041570
v -0.900048 -0.326347 -0.037254
v -0.915521 -0.081105 -0.060979
v -0.915521 0.081105 -0.060979
v -0.918112 0.000000 -0.064953
v -0.902863 0.245200 -0.041570
v -0.902100 0.407554 -0.040401
v -0.900048 0.326347 -0.037254
v -0.877367 0.407561 -0.054666
v -0.878642 0.245191 -0.055539
v -0.873935 0.326346 -0.052313
v -0.899800 0.081114 -0.070044
v -0.899800 -0.081114 -0.070044
v -0.904133 0.000000 -0.073014
v -0.878642 -0.245191 -0.055539
v -0.877367 -0.407561 -0.054666
v -0.873935 -0.326346 -0.052313
v -0.995788 0.407574 0.340578
v -0.994249 0.245174 0.341270
v -0.999929 0.326345 0.338717
v -0.968721 0.081130 0.352747
v -0.968721 -0.081130 0.352747
v -0.963492 0.000000 0.355098
v -0.994249 -0.245174 0.341270
v -0.995788 -0.407574 0.340578
v -0.999929 -0.326345 0.338717
v -0.976356 -0.407568 0.323805
v -0.975220 -0.245182 0.324845
v -0.979413 -0.326346 0.321009
v -0.956369 -0.081122 0.342087
v -0.956369 0.081122 0.342087
v -0.952508 0.000000 0.345619
v -0.975220 0.245182 0.324845
v -0.976356 0.407568 0.323805
v -0.979413 0.326346 0.321009
v -0.967974 -0.407574 0.421219
v -0.967011 -0.245174 0.420240
v -0.970564 -0.326345 0.423853
v -0.951042 -0.081130 0.404003
v -0.951042 0.081130 0.404003
v -0.947771 0.000000 0.400677
v -0.967011 0.245174 0.420240
v -0.967974 0.407574 0.421219
v -0.970564 0.326345 0.423853
v -0.938890 0.407568 0.432427
v -0.938530 0.245182 0.431216
v -0.939859 0.326346 0.435686
v -0.932556 0.081122 0.411126
v -0.932556 -0.081122 0.411126
v -0.931333 0.000000 0.407011
v -0.938530 -0.245182 0.431216
v -0.938890 -0.407568 0.432427
v -0.939859 -0.326346 0.435686
v -0.904128 0.407568 0.315520
v -0.904488 0.245182 0.316731
v -0.903159 0.326346 0.312261
v -0.910462 0.081122 0.336821
v -0.910462 -0.081122 0.336821
v -0.911685 0.000000 0.340936
v -0.904488 -0.245182 0.316731
v -0.904128 -0.407568 0.315520
v -0.903159 -0.326346 0.312261
v -0.875045 -0.407574 0.326728
v -0.876007 -0.245174 0.327706
v -0.872454 -0.326345 0.324094
v -0.891976 -0.081130 0.343943
v -0.891976 0.081130 0.343943
v -0.895247 0.000000 0.347270
v -0.876007 0.245174 0.327706
v -0.875045 0.407574 0.326728
v -0.872454 0.326345 0.324094
v -0.866663 -0.407568 0.424141
v -0.867799 -0.245182 0.423102
v -0.863605 -0.326346 0.426938
v -0.886649 -0.081122 0.405860
v -0.886649 0.081122 0.405860
v -0.890510 0.000000 0.402328
v -0.867799 0.245182 0.423102
v -0.866663 0.407568 0.424141
v -0.863605 0.326346 0.426938
v -0.847230 0.407574 0.407369
v -0.848769 0.245174 0.406677
v -0.843089 0.326345 0.409230
v -0.874297 0.081130 0.395200
v -0.874297 -0.081130 0.395200
v -0.879526 0.000000 0.392849
v -0.848769 -0.245174 0.406677
v -0.847230 -0.407574 0.407369
v -0.843089 -0.326345 0.409230
v -0.568461 0.407697 0.576968
v -0.567311 0.245015 0.576229
v -0.571544 0.326335 0.578950
v -0.548365 0.081290 0.564053
v -0.548365 -0.081290 0.564053
v -0.544469 0.000000 0.561549
v -0.567311 -0.245015 0.576229
v -0.568461 -0.407697 0.576968
v -0.571544 -0.326335 0.578950
v -0.587129 -0.407695 0.562708
v -0.585590 -0.245018 0.562266
v -0.591254 -0.326335 0.563893
v -0.560239 -0.081287 0.554982
v -0.560239 0.081287 0.554982
v -0.555026 0.000000 0.553484
v -0.585590 0.245018 0.562266
v -0.587129 0.407695 0.562708
v -0.591254 0.326335 0.563893
v -0.458017 -0.407697 0.576968
v -0.459167 -0.245015 0.576229
v -0.454934 -0.326335 0.578950
v -0.478113 -0.081290 0.564053
v -0.478113 0.081290 0.564053
v -0.482009 -0.000000 0.561549
v -0.459167 0.245015 0.576229
v -0.458017 0.407697 0.576968
v -0.454934 0.326335 0.578950
v -0.439349 0.407695 0.562708
v -0.440888 0.245018 0.562266
v -0.435224 0.326335 0.563893
v -0.466239 0.081287 0.554982
v -0.466239 -0.081287 0.554982
v -0.471452 0.000000 0.553484
v -0.440888 -0.245018 0.562266
v -0.439349 -0.407695 0.562708
v -0.435224 -0.326335 0.563893
v -0.587129 0.407695 0.520248
v -0.585590 0.245018 0.520690
v -0.591254 0.326335 0.519063
v -0.560239 0.081287 0.527974
v -0.560239 -0.081287 0.527974
v -0.555026 0.000000 0.529472
v -0.585590 -0.245018 0.520690
v -0.587129 -0.407695 0.520248
v -0.591254 -0.326335 0.519063
v -0.568461 -0.407697 0.505987
v -0.567311 -0.245015 0.506727
v -0.571544 -0.326335 0.504006
v -0.548365 -0.081290 0.518903
v -0.548365 0.081290 0.518903
v -0.544469 -0.000000 0.521407
v -0.567311 0.245015 0.506727
v -0.568461 0.407697 0.505987
v -0.571544 0.326335 0.504006
v -0.439349 -0.407695 0.520248
v -0.440888 -0.245018 0.520690
v -0.435224 -0.326335 0.519063
v -0.466239 -0.081287 0.527974
v -0.466239 0.081287 0.527974
v -0.471452 0.000000 0.529472
v -0.440888 0.245018 0.520690
v -0.439349 0.407695 0.520248
v -0.435224 0.326335 0.519063
v -0.458017 0.407697 0.505987
v -0.459167 0.245015 0.506727
v -0.454934 0.326335 0.504006
v -0.478113 0.081290 0.518903
v -0.478113 -0.081290 0.518903
v -0.482009 0.000000 0.521407
v -0.459167 -0.245015 0.506727
v -0.458017 -0.407697 0.505987
v -0.454934 -0.326335 0.504006
v -0.039402 0.407680 0.576969
v -0.038206 0.245037 0.576231
v -0.042607 0.326336 0.578950
v -0.018499 0.081268 0.564051
v -0.018499 -0.081268 0.564051
v -0.014448 0.000000 0.561548
v -0.038206 -0.245037 0.576231
v -0.039402 -0.407680 0.576969
v -0.042607 -0.326336 0.578950
v -0.058816 -0.407678 0.562709
v -0.057216 -0.245040 0.562267
v -0.063105 -0.326336 0.563893
v -0.030846 -0.081265 0.554981
v -0.030846 0.081265 0.554981
v -0.025426 0.000000 0.553483
v -0.057216 0.245040 0.562267
v -0.058816 0.407678 0.562709
v -0.063105 0.326336 0.563893
v 0.075456 -0.407680 0.576969
v 0.074261 -0.245037 0.576231
v 0.078662 -0.326336 0.578950
v 0.054553 -0.081268 0.564051
v 0.054553 0.081268 0.564051
v 0.050503 0.000000 0.561548
v 0.074261 0.245037 0.576231
v 0.075456 0.407680 0.576969
v 0.078662 0.326336 0.578950
v 0.094870 0.407678 0.562709
v 0.093271 0.245040 0.562267
v 0.099159 0.326336 0.563893
v 0.066900 0.081265 0.554981
v 0.066900 -0.081265 0.554981
v 0.061480 0.000000 0.553483
v 0.093271 -0.245040 0.562267
v 0.094870 -0.407678 0.562709
v 0.099159 -0.326336 0.563893
v -0.058816 0.407678 0.520247
v -0.057216 0.245040 0.520689
v -0.063105 0.326336 0.519062
v -0.030846 0.081265 0.527975
v -0.030846 -0.081265 0.527975
v -0.025426 0.000000 0.529472
v -0.057216 -0.245040 0.520689
v -0.058816 -0.407678 0.520247
v -0.063105 -0.326336 0.519062
v -0.039402 -0.407680 0.505986
v -0.038206 -0.245037 0.506725
v -0.042607 -0.326336 0.504005
v -0.018499 -0.081268 0.518904
v -0.018499 0.081268 0.518904
v -0.014448 0.000000 0.521408
v -0.038206 0.245037 0.506725
v -0.039402 0.407680 0.505986
v -0.042607 0.326336 0.504005
v 0.094870 -0.407678 0.520247
v 0.093271 -0.245040 0.520689
v 0.099159 -0.326336 0.519062
v 0.066900 -0.081265 0.527975
v 0.066900 0.081265 0.527975
v 0.061480 0.000000 0.529472
v 0.093271 0.245040 0.520689
v 0.094870 0.407678 0.520247
v 0.099159 0.326336 0.519062
v 0.075456 0.407680 0.505986
v 0.074261 0.245037 0.506725
v 0.078662 0.326336 0.504005
v 0.054553 0.081268 0.518904
v 0.054553 -0.081268 0.518904
v 0.050503 0.000000 0.521408
v 0.074261 -0.245037 0.506725
v 0.075456 -0.407680 0.505986
v 0.078662 -0.326336 0.504005
v 0.491392 0.407716 0.574261
v 0.492274 0.244991 0.573368
v 0.489031 0.326333 0.576652
v 0.506778 0.081314 0.558679
v 0.506778 -0.081314 0.558679
v 0.509763 0.000000 0.555657
v 0.492274 -0.244991 0.573368
v 0.491392 -0.407716 0.574261
v 0.489031 -0.326333 0.576652
v 0.470153 -0.407714 0.563057
v 0.471478 -0.244993 0.562398
v 0.466606 -0.326333 0.564823
v 0.493267 -0.081312 0.551552
v 0.493267 0.081312 0.551552
v 0.497751 -0.000000 0.549320
v 0.471478 0.244993 0.562398
v 0.470153 0.407714 0.563057
v 0.466606 0.326333 0.564823
v 0.593508 -0.407717 0.558224
v 0.592260 -0.244988 0.557666
v 0.596849 -0.326333 0.559720
v 0.571741 -0.081316 0.548478
v 0.571741 0.081316 0.548478
v 0.567518 0.000000 0.546587
v 0.592260 0.244988 0.557666
v 0.593508 0.407717 0.558224
v 0.596849 0.326333 0.559720
v 0.607699 0.407716 0.541457
v 0.606156 0.244990 0.541248
v 0.611832 0.326333 0.542016
v 0.580769 0.081314 0.537811
v 0.580769 -0.081314 0.537811
v 0.575544 0.000000 0.537103
v 0.606156 -0.244990 0.541248
v 0.607699 -0.407716 0.541457
v 0.611832 -0.326333 0.542016
v 0.459662 0.407716 0.521414
v 0.461205 0.244990 0.521623
v 0.455529 0.326333 0.520855
v 0.486593 0.081314 0.525060
v 0.486593 -0.081314 0.525060
v 0.491817 0.000000 0.525768
v 0.461205 -0.244990 0.521623
v 0.459662 -0.407716 0.521414
v 0.455529 -0.326333 0.520855
v 0.473853 -0.407717 0.504646
v 0.475101 -0.244988 0.505205
v 0.470513 -0.326333 0.503150
v 0.495620 -0.081316 0.514393
v 0.495620 0.081316 0.514393
v 0.499843 0.000000 0.516284
v 0.475101 0.244988 0.505205
v 0.473853 0.407717 0.504646
v 0.470513 0.326333 0.503150
v 0.597208 -0.407714 0.499814
v 0.595883 -0.244993 0.500473
v 0.600755 -0.326333 0.498048
v 0.574094 -0.081312 0.511319
v 0.574094 0.081312 0.511319
v 0.569610 0.000000 0.513551
v 0.595883 0.244993 0.500473
v 0.597208 0.407714 0.499814
v 0.600755 0.326333 0.498048
v 0.575969 0.407716 0.488610
v 0.575087 0.244991 0.489503
v 0.578330 0.326333 0.486219
v 0.560583 0.081314 0.504192
v 0.560583 -0.081314 0.504192
v 0.557598 0.000000 0.507214
v 0.575087 -0.244991 0.489503
v 0.575969 -0.407716 0.488610
v 0.578330 -0.326333 0.486219
v 0.995788 -0.407574 0.340578
v 0.994249 -0.245174 0.341270
v 0.999929 -0.326345 0.338717
v 0.968721 -0.081130 0.352747
v 0.968721 0.081130 0.352747
v 0.963492 0.000000 0.355098
v 0.994249 0.245174 0.341270
v 0.995788 0.407574 0.340578
v 0.999929 0.326345 0.338717
v 0.976356 0.407568 0.323805
v 0.975220 0.245182 0.324845
v 0.979413 0.326346 0.321009
v 0.956369 0.081122 0.342087
v 0.956369 -0.081122 0.342087
v 0.952508 0.000000 0.345619
v 0.975220 -0.245182 0.324845
v 0.976356 -0.407568 0.323805
v 0.979413 -0.326346 0.321009
v 0.967974 0.407574 0.421219
v 0.967011 0.245174 0.420240
v 0.970564 0.326345 0.423853
v 0.951042 0.081130 0.404003
v 0.951042 -0.081130 0.404003
v 0.947771 0.000000 0.400677
v 0.967011 -0.245174 0.420240
v 0.967974 -0.407574 0.421219
v 0.970564 -0.326345 0.423853
v 0.938890 -0.407568 0.432427
v 0.938530 -0.245182 0.431216
v 0.939859 -0.326346 0.435686
v 0.932556 -0.081122 0.411126
v 0.932556 0.081122 0.411126
v 0.931333 0.000000 0.407011
v 0.938530 0.245182 0.431216
v 0.938890 0.407568 0.432427
v 0.939859 0.326346 0.435686
v 0.904128 -0.407568 0.315520
v 0.904488 -0.245182 0.316731
v 0.903159 -0.326346 0.312261
v 0.910462 -0.081122 0.336821
v 0.910462 0.081122 0.336821
v 0.911685 0.000000 0.340936
v 0.904488 0.245182 0.316731
v 0.904128 0.407568 0.315520
v 0.903159 0.326346 0.312261
v 0.875045 0.407574 0.326728
v 0.876007 0.245174 0.327706
v 0.872454 0.326345 0.324094
v 0.891976 0.081130 0.343943
v 0.891976 -0.081130 0.343943
v 0.895247 0.000000 0.347270
v 0.876007 -0.245174 0.327706
v 0.875045 -0.407574 0.326728
v 0.872454 -0.326345 0.324094
v 0.866663 0.407568 0.424141
v 0.867799 0.245182 0.423102
v 0.863605 0.326346 0.426938
v 0.886649 0.081122 0.405860
v 0.886649 -0.081122 0.405860
v 0.890510 0.000000 0.402328
v 0.867799 -0.245182 0.423102
v 0.866663 -0.407568 0.424141
v 0.863605 -0.326346 0.426938
v 0.847230 -0.407574 0.407369
v 0.848769 -0.245174 0.406677
v 0.843089 -0.326345 0.409230
v 0.874297 -0.081130 0.395200
v 0.874297 0.081130 0.395200
v 0.879526 0.000000 0.392849
v 0.848769 0.245174 0.406677
v 0.847230 0.407574 0.407369
v 0.843089 0.326345 0.409230
v 1.000478 0.407561 -0.054666
v 0.999204 0.245191 -0.055539
v 1.003910 0.326346 -0.052314
v 0.978045 0.081114 -0.070044
v 0.978045 -0.081114 -0.070044
v 0.973712 0.000000 -0.073014
v 0.999204 -0.245191 -0.055539
v 1.000478 -0.407561 -0.054666
v 1.003910 -0.326346 -0.052313
v 0.975745 -0.407554 -0.040401
v 0.974983 -0.245200 -0.041570
v 0.977798 -0.326347 -0.037254
v 0.962325 -0.081105 -0.060979
v 0.962325 0.081105 -0.060979
v 0.959733 0.000000 -0.064953
v 0.974983 0.245200 -0.041570
v 0.975745 0.407554 -0.040401
v 0.977798 0.326347 -0.037254
v 1.000478 -0.407561 -0.139058
v 0.999204 -0.245191 -0.138184
v 1.003910 -0.326346 -0.141410
v 0.978045 -0.081114 -0.123680
v 0.978045 0.081114 -0.123680
v 0.973712 0.000000 -0.120710
v 0.999204 0.245191 -0.138184
v 1.000478 0.407561 -0.139058
v 1.003910 0.326346 -0.141410
v 0.975745 0.407554 -0.153323
v 0.974983 0.245200 -0.152154
v 0.977798 0.326347 -0.156470
v 0.962325 0.081105 -0.132745
v 0.962325 -0.081105 -0.132745
v 0.959733 0.000000 -0.128771
v 0.974983 -0.245200 -0.152154
v 0.975745 -0.407554 -0.153323
v 0.977798 -0.326347 -0.156470
v 0.902100 0.407554 -0.040401
v 0.902863 0.245200 -0.041570
v 0.900048 0.326347 -0.037254
v 0.915521 0.081105 -0.060979
v 0.915521 -0.081105 -0.060979
v 0.918112 0.000000 -0.064953
v 0.902863 -0.245200 -0.041570
v 0.902100 -0.407554 -0.040401
v 0.900048 -0.326347 -0.037254
v 0.877367 -0.407561 -0.054666
v 0.878642 -0.245191 -0.055539
v 0.873935 -0.326346 -0.052313
v 0.899800 -0.081114 -0.070044
v 0.899800 0.081114 -0.070044
v 0.904133 0.000000 -0.073014
v 0.878642 0.245191 -0.055539
v 0.877367 0.407561 -0.054666
v 0.873935 0.326346 -0.052313
v 0.902100 -0.407554 -0.153323
v 0.902863 -0.245200 -0.152154
v 0.900048 -0.326347 -0.156470
v 0.915521 -0.081105 -0.132745
v 0.915521 0.081105 -0.132745
v 0.918112 0.000000 -0.128771
v 0.902863 0.245200 -0.152154
v 0.902100 0.407554 -0.153323
v 0.900048 0.326347 -0.156470
v 0.877367 0.407561 -0.139058
v 0.878642 0.245191 -0.138184
v 0.873935 0.326346 -0.141410
v 0.899800 0.081114 -0.123680
v 0.899800 -0.081114 -0.123680
v 0.904133 0.000000 -0.120710
v 0.878642 -0.245191 -0.138184
v 0.877367 -0.407561 -0.139058
v 0.873935 -0.326346 -0.141410
vn 0.1132 -0.1167 0.9867
vn 0.9596 -0.1438 -0.2418
vn 0.1132 -0.1167 -0.9867
vn 0.9873 -0.1590 -0.0000
vn 0.9882 -0.1530 -0.0000
vn -0.0000 -0.1175 0.9931
vn -0.0000 -0.1175 -0.9931
vn -0.1547 0.0747 -0.9851
vn -0.9381 -0.1233 -0.3236
vn -0.0000 0.0742 -0.9972
vn 0.9918 0.1279 -0.0000
vn -0.9918 0.1279 -0.0000
vn 0.9381 0.1233 -0.3236
vn -0.0000 -1.0000 -0.0000
vn -0.0000 1.0000 -0.0000
vn -0.0000 -0.1031 0.9947
vn -0.0000 0.1175 0.9931
vn -0.9902 -0.1398 -0.0000
vn -0.9873 0.1590 -0.0000
vn -0.1134 -0.1025 -0.9883
vn -0.1132 0.1167 -0.9867
vn -0.9909 -0.1345 -0.0000
vn -0.9882 0.1530 -0.0000
vn -0.9619 -0.1263 0.2424
vn -0.9596 0.1438 0.2418
vn 0.1134 0.1025 -0.9883
vn -0.0000 -0.1031 -0.9947
vn -0.1132 0.1167 0.9867
vn -0.0000 0.1175 -0.9931
vn 0.5008 -0.5651 0.6556
vn -0.5008 -0.5651 0.6556
vn 0.4862 -0.5705 0.6619
vn -0.4862 -0.5705 0.6619
vn -0.2968 -0.5646 0.7702
vn -0.5026 -0.6389 -0.5824
vn -0.5026 0.6389 -0.5824
vn -0.2968 0.5646 0.7702
vn 0.5026 -0.6389 -0.5824
vn 0.2968 -0.5646 0.7702
vn 0.6228 -0.5782 0.5271
vn -0.3915 -0.5440 0.7421
vn -0.3915 0.5440 0.7421
vn 0.6228 0.5782 0.5271
vn 0.2968 0.5646 0.7702
vn 0.5026 0.6389 -0.5824
vn -0.4862 0.5705 0.6619
vn 0.4862 0.5705 0.6619
vn -0.5008 0.5651 0.6556
vn 0.5008 0.5651 0.6556
vn -0.4003 -0.5983 0.6941
vn -0.4003 -0.5983 -0.6941
vn -0.4003 0.5983 -0.6941
vn -0.4003 0.5983 0.6941
vn 0.4003 -0.5983 -0.6941
vn 0.4003 -0.5983 0.6941
vn 0.4003 0.5983 0.6941
vn 0.4003 0.5983 -0.6941
vn 0.5026 0.6389 0.5824
vn 0.2968 0.5646 -0.7702
vn 0.2968 -0.5646 -0.7702
vn 0.5026 -0.6389 0.5824
vn 0.3915 0.5440 -0.7421
vn -0.6228 0.5783 -0.5271
vn -0.6228 -0.5783 -0.5271
vn 0.3915 -0.5440 -0.7421
vn -0.5026 -0.6389 0.5824
vn -0.2968 -0.5646 -0.7702
vn -0.2968 0.5646 -0.7702
vn -0.5026 0.6389 0.5824
vn 0.4862 0.5705 -0.6619
vn -0.4862 0.5705 -0.6619
vn -0.4862 -0.5705 -0.6619
vn 0.4862 -0.5705 -0.6619
vn 0.5008 0.5651 -0.6556
vn -0.5008 0.5651 -0.6556
vn -0.5008 -0.5651 -0.6556
vn 0.5008 -0.5651 -0.6556
vn -0.5390 0.8215 0.1859
vn -0.9398 -0.1083 0.3241
vn -0.5390 -0.8215 0.1859
vn 0.1134 0.1025 0.9883
vn 0.1171 0.6556 0.7460
vn 0.1548 -0.0655 0.9858
vn 0.1171 -0.6556 0.7460
vn 0.9619 0.1263 -0.2424
vn 0.5390 -0.8215 0.1859
vn 0.9398 0.1083 0.3241
vn 0.5390 0.8215 0.1859
vn -0.1134 -0.1025 0.9883
vn -0.0000 0.6529 0.7574
vn -0.0000 -0.0651 0.9979
vn -0.0000 -0.6529 0.7574
vn 0.9902 0.1398 -0.0000
vn 0.9909 0.1345 -0.0000
vn -0.5561 0.8311 -0.0000
vn -0.9937 -0.1123 -0.0000
vn -0.5561 -0.8311 -0.0000
vn -0.0000 0.1031 0.9947
vn 0.5561 0.8311 -0.0000
vn 0.9937 -0.1123 -0.0000
vn 0.5561 -0.8311 -0.0000
vn -0.0000 0.1031 -0.9947
vn 0.5390 0.8215 -0.1859
vn 0.9398 -0.1083 -0.3241
vn 0.5390 -0.8215 -0.1859
vn -0.0000 0.0651 0.9979
vn -0.1171 0.6556 -0.7460
vn -0.1548 -0.0655 -0.9858
vn -0.1171 -0.6556 -0.7460
vn 0.9398 -0.1083 0.3241
vn -0.5390 -0.8215 -0.1859
vn -0.9398 0.1083 -0.3241
vn -0.5390 0.8215 -0.1859
vn 0.9937 0.1123 -0.0000
vn -0.0000 0.6529 -0.7574
vn -0.0000 -0.0651 -0.9979
vn -0.0000 -0.6529 -0.7574
vn 0.1548 0.0655 0.9858
vn -0.9398 0.1083 0.3241
vn -0.0858 -0.6577 0.7484
vn -0.0858 0.6577 0.7484
vn -0.6486 0.7611 -0.0000
vn 0.6486 0.7611 -0.0000
vn -0.6486 -0.7611 -0.0000
vn -0.0858 0.6577 -0.7484
vn 0.0858 0.6577 0.7484
vn 0.6486 -0.7611 -0.0000
vn -0.0858 -0.6577 -0.7484
vn 0.0858 -0.6577 0.7484
vn -0.6632 0.7484 -0.0000
vn 0.6632 0.7484 -0.0000
vn -0.6632 -0.7484 -0.0000
vn -0.6590 0.7336 0.1660
vn 0.6590 0.7336 -0.1660
vn 0.6632 -0.7484 -0.0000
vn -0.6590 -0.7336 0.1660
vn 0.6590 -0.7336 -0.1660
vn 0.0858 -0.6577 -0.7484
vn 0.0858 0.6577 -0.7484
vn 0.4947 0.1396 0.8578
vn 0.4947 -0.1396 0.8578
vn 0.4958 0.1227 0.8597
vn 0.4947 -0.1396 -0.8578
vn 0.4947 0.1396 -0.8578
vn 0.4958 -0.1227 -0.8597
vn -0.4947 0.1396 0.8578
vn -0.4947 -0.1396 0.8578
vn -0.4958 0.1227 0.8597
vn -0.9918 -0.1279 -0.0000
vn -0.4958 0.1227 -0.8597
vn -0.4958 -0.1227 -0.8597
vn -0.4958 -0.1227 0.8597
vn -0.4947 -0.1396 -0.8578
vn -0.4947 0.1396 -0.8578
vn 0.4958 -0.1227 0.8597
vn 0.9918 -0.1279 -0.0000
vn 0.4958 0.1227 -0.8597
vn 0.6457 0.1528 0.7481
vn 0.6457 -0.1528 0.7481
vn 0.6475 0.1343 0.7502
vn 0.3567 -0.1263 -0.9256
vn 0.3567 0.1263 -0.9256
vn 0.3573 -0.1110 -0.9274
vn -0.3567 0.1263 0.9256
vn -0.3567 -0.1263 0.9256
vn -0.3573 0.1110 0.9274
vn -0.9381 -0.1233 0.3236
vn -0.6475 0.1343 -0.7502
vn -0.6475 -0.1343 -0.7502
vn -0.3573 -0.1110 0.9274
vn -0.1134 0.1025 -0.9883
vn -0.1132 -0.1167 -0.9867
vn -0.6457 -0.1528 -0.7481
vn -0.9381 0.1233 0.3236
vn -0.6457 0.1528 -0.7481
vn 0.6475 -0.1343 0.7502
vn 0.9398 0.1083 -0.3241
vn 0.9381 -0.1233 -0.3236
vn 0.3573 0.1110 -0.9274
vn 0.1134 -0.1025 0.9883
vn 0.1132 0.1167 0.9867
vn 0.6020 0.1283 -0.7881
vn 0.6020 -0.1283 -0.7881
vn 0.6032 0.1127 -0.7896
vn -0.6020 -0.1283 -0.7881
vn -0.6020 0.1283 -0.7881
vn -0.6032 -0.1127 -0.7896
vn 0.6020 0.1283 0.7881
vn 0.6020 -0.1283 0.7881
vn 0.6032 0.1127 0.7896
vn -0.0000 -0.0742 0.9972
vn -0.6032 0.1127 0.7896
vn -0.6032 -0.1127 0.7896
vn 0.6032 -0.1127 0.7896
vn -0.9909 0.1345 -0.0000
vn -0.9882 -0.1530 -0.0000
vn -0.6020 -0.1283 0.7881
vn -0.0000 0.0742 0.9972
vn -0.6020 0.1283 0.7881
vn 0.6032 -0.1127 -0.7896
vn -0.0000 0.0651 -0.9979
vn -0.0000 -0.0742 -0.9972
vn -0.6032 0.1127 -0.7896
vn 0.9909 -0.1345 -0.0000
vn 0.9882 0.1530 -0.0000
vn 0.5870 0.1301 -0.7991
vn 0.5870 -0.1301 -0.7991
vn 0.5881 0.1142 -0.8006
vn -0.5870 -0.1301 -0.7991
vn -0.5870 0.1301 -0.7991
vn -0.5881 -0.1142 -0.8006
vn 0.5870 0.1301 0.7991
vn 0.5870 -0.1301 0.7991
vn 0.5881 0.1142 0.8006
vn -0.5881 0.1142 0.8006
vn -0.5881 -0.1142 0.8006
vn 0.5881 -0.1142 0.8006
vn -0.9902 0.1398 -0.0000
vn -0.9873 -0.1590 -0.0000
vn -0.5870 -0.1301 0.7991
vn -0.5870 0.1301 0.7991
vn 0.5881 -0.1142 -0.8006
vn -0.5881 0.1142 -0.8006
vn 0.9902 -0.1398 -0.0000
vn 0.9873 0.1590 -0.0000
vn 0.4632 0.1199 -0.8781
vn 0.4632 -0.1199 -0.8781
vn 0.4640 0.1052 -0.8796
vn -0.7568 -0.1308 -0.6405
vn -0.7568 0.1308 -0.6405
vn -0.7583 -0.1149 -0.6417
vn 0.7568 0.1308 0.6405
vn 0.7568 -0.1308 0.6405
vn 0.7583 0.1149 0.6417
vn 0.1547 -0.0747 0.9851
vn -0.4640 0.1052 0.8796
vn -0.4640 -0.1052 0.8796
vn 0.7583 -0.1149 0.6417
vn -0.9619 0.1263 0.2424
vn -0.9596 -0.1438 0.2418
vn -0.4632 -0.1199 0.8781
vn 0.1547 0.0747 0.9851
vn -0.4632 0.1199 0.8781
vn 0.4640 -0.1052 -0.8796
vn -0.1548 0.0655 -0.9858
vn -0.1547 -0.0747 -0.9851
vn -0.7583 0.1149 -0.6417
vn 0.9619 -0.1263 -0.2424
vn 0.9596 0.1438 -0.2418
vn -0.6457 -0.1528 0.7481
vn -0.6457 0.1528 0.7481
vn -0.6475 -0.1343 0.7502
vn -0.3567 0.1263 -0.9256
vn -0.3567 -0.1263 -0.9256
vn -0.3573 0.1110 -0.9274
vn 0.3567 -0.1263 0.9256
vn 0.3567 0.1263 0.9256
vn 0.3573 -0.1110 0.9274
vn 0.9381 0.1233 0.3236
vn 0.6475 -0.1343 -0.7502
vn 0.6475 0.1343 -0.7502
vn -0.3573 -0.1110 -0.9274
vn -0.1134 0.1025 0.9883
vn -0.1132 -0.1167 0.9867
vn 0.6457 0.1528 -0.7481
vn 0.9381 -0.1233 0.3236
vn 0.6457 -0.1528 -0.7481
vn -0.6475 0.1343 0.7502
vn -0.9398 -0.1083 -0.3241
vn -0.9381 0.1233 -0.3236
vn 0.3573 0.1110 0.9274
vn 0.1134 -0.1025 -0.9883
vn 0.1132 0.1167 -0.9867
vn -0.9937 0.1123 -0.0000
vn 0.4986 0.0633 0.8645
vn 0.4991 -0.0461 0.8653
vn 0.4987 -0.0583 0.8648
vn 0.4987 0.0583 0.8648
vn 0.4991 0.0461 0.8653
vn 0.4986 -0.0633 0.8645
vn 0.4986 -0.0633 -0.8645
vn 0.4991 0.0461 -0.8653
vn 0.4987 0.0583 -0.8648
vn 0.4987 -0.0583 -0.8648
vn 0.4991 -0.0461 -0.8653
vn 0.4986 0.0633 -0.8645
vn -0.4986 0.0633 0.8645
vn -0.4991 -0.0461 0.8653
vn -0.4987 -0.0583 0.8648
vn -0.4987 0.0583 0.8648
vn -0.4991 0.0461 0.8653
vn -0.4986 -0.0633 0.8645
vn -0.4986 -0.0633 -0.8645
vn -0.4991 0.0461 -0.8653
vn -0.4987 0.0583 -0.8648
vn -0.4987 -0.0583 -0.8648
vn -0.4991 -0.0461 -0.8653
vn -0.4986 0.0633 -0.8645
vn -0.0000 -0.0531 -0.9986
vn -0.0000 0.0387 -0.9992
vn -0.0000 0.0489 -0.9988
vn -0.0000 -0.0489 -0.9988
vn -0.0000 -0.0387 -0.9992
vn -0.0000 0.0531 -0.9986
vn -0.9983 -0.0579 -0.0000
vn -0.9991 0.0422 -0.0000
vn -0.9986 0.0533 -0.0000
vn -0.9986 -0.0533 -0.0000
vn -0.9991 -0.0422 -0.0000
vn -0.9983 0.0579 -0.0000
vn 0.9983 -0.0579 -0.0000
vn 0.9991 0.0422 -0.0000
vn 0.9986 0.0533 -0.0000
vn 0.9986 -0.0533 -0.0000
vn 0.9991 -0.0422 -0.0000
vn 0.9983 0.0579 -0.0000
vn -0.0000 0.0531 0.9986
vn -0.0000 -0.0387 0.9992
vn -0.0000 -0.0489 0.9988
vn -0.0000 0.0489 0.9988
vn -0.0000 0.0387 0.9992
vn -0.0000 -0.0531 0.9986
vn 0.6518 0.0694 0.7552
vn 0.6526 -0.0506 0.7560
vn 0.6520 -0.0639 0.7555
vn 0.6520 0.0639 0.7555
vn 0.6526 0.0506 0.7560
vn 0.6518 -0.0694 0.7552
vn 0.3590 -0.0572 -0.9316
vn 0.3593 0.0417 -0.9323
vn 0.3590 0.0527 -0.9318
vn 0.3590 -0.0527 -0.9318
vn 0.3593 -0.0417 -0.9323
vn 0.3590 0.0572 -0.9316
vn -0.3590 0.0572 0.9316
vn -0.3593 -0.0417 0.9323
vn -0.3590 -0.0527 0.9318
vn -0.3590 0.0527 0.9318
vn -0.3593 0.0417 0.9323
vn -0.3590 -0.0572 0.9316
vn -0.6518 -0.0694 -0.7552
vn -0.6526 0.0506 -0.7560
vn -0.6520 0.0639 -0.7555
vn -0.6520 -0.0639 -0.7555
vn -0.6526 -0.0506 -0.7560
vn -0.6518 0.0694 -0.7552
vn -0.1138 -0.0528 -0.9921
vn -0.1139 0.0385 -0.9927
vn -0.1138 0.0486 -0.9923
vn -0.1138 -0.0486 -0.9923
vn -0.1139 -0.0385 -0.9927
vn -0.1138 0.0528 -0.9921
vn -0.9439 -0.0558 0.3256
vn -0.9446 0.0407 0.3258
vn -0.9441 0.0514 0.3256
vn -0.9441 -0.0514 0.3256
vn -0.9446 -0.0407 0.3258
vn -0.9439 0.0558 0.3256
vn 0.9439 -0.0558 -0.3256
vn 0.9446 0.0407 -0.3258
vn 0.9441 0.0514 -0.3256
vn 0.9441 -0.0514 -0.3256
vn 0.9446 -0.0407 -0.3258
vn 0.9439 0.0558 -0.3256
vn 0.1138 0.0528 0.9921
vn 0.1139 -0.0385 0.9927
vn 0.1138 -0.0486 0.9923
vn 0.1138 0.0486 0.9923
vn 0.1139 0.0385 0.9927
vn 0.1138 -0.0528 0.9921
vn 0.6060 0.0581 -0.7933
vn 0.6065 -0.0423 -0.7939
vn 0.6062 -0.0535 -0.7935
vn 0.6062 0.0535 -0.7935
vn 0.6065 0.0423 -0.7939
vn 0.6060 -0.0581 -0.7933
vn -0.6060 -0.0581 -0.7933
vn -0.6065 0.0423 -0.7939
vn -0.6062 0.0535 -0.7935
vn -0.6062 -0.0535 -0.7935
vn -0.6065 -0.0423 -0.7939
vn -0.6060 0.0581 -0.7933
vn 0.6060 0.0581 0.7933
vn 0.6065 -0.0423 0.7939
vn 0.6062 -0.0535 0.7935
vn 0.6062 0.0535 0.7935
vn 0.6065 0.0423 0.7939
vn 0.6060 -0.0581 0.7933
vn -0.6060 -0.0581 0.7933
vn -0.6065 0.0423 0.7939
vn -0.6062 0.0535 0.7935
vn -0.6062 -0.0535 0.7935
vn -0.6065 -0.0423 0.7939
vn -0.6060 0.0581 0.7933
vn -0.9976 -0.0695 -0.0000
vn -0.9987 0.0506 -0.0000
vn -0.9979 0.0640 -0.0000
vn -0.9979 -0.0640 -0.0000
vn -0.9987 -0.0506 -0.0000
vn -0.9976 0.0695 -0.0000
vn -0.0000 -0.0334 0.9994
vn -0.0000 0.0243 0.9997
vn -0.0000 0.0308 0.9995
vn -0.0000 -0.0308 0.9995
vn -0.0000 -0.0243 0.9997
vn -0.0000 0.0334 0.9994
vn -0.0000 -0.0334 -0.9994
vn -0.0000 0.0243 -0.9997
vn -0.0000 0.0308 -0.9995
vn -0.0000 -0.0308 -0.9995
vn -0.0000 -0.0243 -0.9997
vn -0.0000 0.0334 -0.9994
vn 0.9976 0.0695 -0.0000
vn 0.9987 -0.0506 -0.0000
vn 0.9979 -0.0640 -0.0000
vn 0.9979 0.0640 -0.0000
vn 0.9987 0.0506 -0.0000
vn 0.9976 -0.0695 -0.0000
vn 0.5910 0.0589 -0.8045
vn 0.5915 -0.0429 -0.8052
vn 0.5912 -0.0543 -0.8047
vn 0.5912 0.0543 -0.8047
vn 0.5915 0.0429 -0.8052
vn 0.5910 -0.0589 -0.8045
vn -0.5910 -0.0589 -0.8045
vn -0.5915 0.0429 -0.8052
vn -0.5912 0.0543 -0.8047
vn -0.5912 -0.0543 -0.8047
vn -0.5915 -0.0429 -0.8052
vn -0.5910 0.0589 -0.8045
vn 0.5910 0.0589 0.8045
vn 0.5915 -0.0429 0.8052
vn 0.5912 -0.0543 0.8047
vn 0.5912 0.0543 0.8047
vn 0.5915 0.0429 0.8052
vn 0.5910 -0.0589 0.8045
vn -0.5910 -0.0589 0.8045
vn -0.5915 0.0429 0.8052
vn -0.5912 0.0543 0.8047
vn -0.5912 -0.0543 0.8047
vn -0.5915 -0.0429 0.8052
vn -0.5910 0.0589 0.8045
vn -0.9974 -0.0722 -0.0000
vn -0.9986 0.0527 -0.0000
vn -0.9978 0.0665 -0.0000
vn -0.9978 -0.0665 -0.0000
vn -0.9986 -0.0527 -0.0000
vn -0.9974 0.0722 -0.0000
vn 0.9974 0.0722 -0.0000
vn 0.9986 -0.0527 -0.0000
vn 0.9978 -0.0665 -0.0000
vn 0.9978 0.0665 -0.0000
vn 0.9986 0.0527 -0.0000
vn 0.9974 -0.0722 -0.0000
vn 0.4659 0.0542 -0.8832
vn 0.4662 -0.0395 -0.8838
vn 0.4660 -0.0499 -0.8834
vn 0.4660 0.0499 -0.8834
vn 0.4662 0.0395 -0.8838
vn 0.4659 -0.0542 -0.8832
vn -0.7620 -0.0593 -0.6449
vn -0.7626 0.0432 -0.6454
vn -0.7622 0.0546 -0.6450
vn -0.7622 -0.0546 -0.6450
vn -0.7626 -0.0432 -0.6454
vn -0.7620 0.0593 -0.6449
vn 0.7620 0.0593 0.6449
vn 0.7626 -0.0432 0.6454
vn 0.7622 -0.0546 0.6451
vn 0.7622 0.0546 0.6451
vn 0.7626 0.0432 0.6454
vn 0.7620 -0.0593 0.6449
vn -0.4659 -0.0542 0.8832
vn -0.4662 0.0395 0.8838
vn -0.4660 0.0499 0.8834
vn -0.4660 -0.0499 0.8834
vn -0.4662 -0.0395 0.8838
vn -0.4659 0.0542 0.8832
vn -0.9676 -0.0652 0.2438
vn -0.9686 0.0475 0.2440
vn -0.9679 0.0601 0.2439
vn -0.9679 -0.0601 0.2439
vn -0.9686 -0.0475 0.2440
vn -0.9676 0.0652 0.2438
vn 0.1551 -0.0337 0.9873
vn 0.1551 0.0245 0.9876
vn 0.1551 0.0310 0.9874
vn 0.1551 -0.0310 0.9874
vn 0.1551 -0.0245 0.9876
vn 0.1551 0.0337 0.9873
vn -0.1551 -0.0337 -0.9873
vn -0.1551 0.0245 -0.9876
vn -0.1551 0.0310 -0.9874
vn -0.1551 -0.0310 -0.9874
vn -0.1551 -0.0245 -0.9876
vn -0.1551 0.0337 -0.9873
vn 0.9676 0.0652 -0.2438
vn 0.9686 -0.0475 -0.2440
vn 0.9679 -0.0601 -0.2439
vn 0.9679 0.0601 -0.2439
vn 0.9686 0.0475 -0.2440
vn 0.9676 -0.0652 -0.2438
vn -0.6518 -0.0694 0.7552
vn -0.6526 0.0506 0.7560
vn -0.6520 0.0639 0.7555
vn -0.6520 -0.0639 0.7555
vn -0.6526 -0.0506 0.7560
vn -0.6518 0.0694 0.7552
vn -0.3590 0.0572 -0.9316
vn -0.3593 -0.0417 -0.9323
vn -0.3590 -0.0527 -0.9318
vn -0.3590 0.0527 -0.9318
vn -0.3593 0.0417 -0.9323
vn -0.3590 -0.0572 -0.9316
vn 0.3590 -0.0572 0.9316
vn 0.3593 0.0417 0.9323
vn 0.3590 0.0527 0.9318
vn 0.3590 -0.0527 0.9318
vn 0.3593 -0.0417 0.9323
vn 0.3590 0.0572 0.9316
vn 0.6518 0.0694 -0.7552
vn 0.6526 -0.0506 -0.7560
vn 0.6520 -0.0639 -0.7555
vn 0.6520 0.0639 -0.7555
vn 0.6526 0.0506 -0.7560
vn 0.6518 -0.0694 -0.7552
vn -0.1138 -0.0528 0.9921
vn -0.1139 0.0385 0.9927
vn -0.1138 0.0486 0.9923
vn -0.1138 -0.0486 0.9923
vn -0.1139 -0.0385 0.9927
vn -0.1138 0.0528 0.9921
vn 0.9439 0.0558 0.3256
vn 0.9446 -0.0407 0.3258
vn 0.9441 -0.0514 0.3256
vn 0.9441 0.0514 0.3256
vn 0.9446 0.0407 0.3258
vn 0.9439 -0.0558 0.3256
vn -0.9439 0.0558 -0.3256
vn -0.9446 -0.0407 -0.3258
vn -0.9441 -0.0514 -0.3256
vn -0.9441 0.0514 -0.3256
vn -0.9446 0.0407 -0.3258
vn -0.9439 -0.0558 -0.3256
vn 0.1138 0.0528 -0.9921
vn 0.1139 -0.0385 -0.9927
vn 0.1138 -0.0486 -0.9923
vn 0.1138 0.0486 -0.9923
vn 0.1139 0.0385 -0.9927
vn 0.1138 -0.0528 -0.9921
vt 0.515157 0.026125
vt 0.545809 0.026125
vt 0.545809 0.026125
vt 0.515193 0.776124
vt 0.515192 0.776124
vt 0.545774 0.776124
vt 0.545774 0.776125
vt 0.515157 0.695868
vt 0.515157 0.695868
vt 0.545809 0.695868
vt 0.545809 0.695868
vt 0.515183 0.846255
vt 0.515183 0.846255
vt 0.545783 0.846255
vt 0.545783 0.846255
vt 0.515188 0.912663
vt 0.545779 0.912664
vt 0.545779 0.912663
vt 0.515153 0.133852
vt 0.515153 0.133852
vt 0.545813 0.133852
vt 0.545813 0.133852
vt 0.515153 0.591862
vt 0.515153 0.591863
vt 0.545813 0.591863
vt 0.545813 0.591862
vt 0.484807 0.800525
vt 0.484807 0.779732
vt 0.454226 0.779732
vt 0.454227 0.800525
vt 0.515158 0.699475
vt 0.515158 0.720268
vt 0.545808 0.720268
vt 0.545808 0.699475
vt 0.484816 0.867473
vt 0.484816 0.849323
vt 0.454218 0.849323
vt 0.454218 0.867473
vt 0.484812 0.933881
vt 0.484812 0.915731
vt 0.454222 0.915731
vt 0.454222 0.933881
vt 0.484845 0.155070
vt 0.484845 0.136920
vt 0.454189 0.136920
vt 0.454189 0.155070
vt 0.484845 0.613080
vt 0.484845 0.594930
vt 0.454189 0.594930
vt 0.454189 0.613080
vt 0.484842 0.050525
vt 0.484842 0.029732
vt 0.454192 0.029732
vt 0.454192 0.050525
vt 0.375000 0.800525
vt 0.375000 0.800525
vt 0.375000 0.779732
vt 0.375000 0.779732
vt 0.625000 0.594930
vt 0.625000 0.613080
vt 0.625000 0.915731
vt 0.625000 0.915731
vt 0.625000 0.933881
vt 0.625000 0.933881
vt 0.423990 0.616148
vt 0.423990 0.616148
vt 0.378068 0.616148
vt 0.378068 0.616148
vt 0.375000 0.050525
vt 0.375000 0.050525
vt 0.375000 0.029732
vt 0.375000 0.029732
vt 0.375000 0.720268
vt 0.375000 0.720268
vt 0.375000 0.699475
vt 0.375000 0.699475
vt 0.484846 0.616148
vt 0.484846 0.616148
vt 0.454187 0.616148
vt 0.454187 0.616148
vt 0.423967 0.870541
vt 0.423967 0.870541
vt 0.378068 0.870541
vt 0.378068 0.870541
vt 0.625000 0.029732
vt 0.625000 0.029732
vt 0.625000 0.050525
vt 0.625000 0.050525
vt 0.484817 0.870540
vt 0.484817 0.870541
vt 0.454217 0.870541
vt 0.454217 0.870541
vt 0.423988 0.054132
vt 0.423987 0.054132
vt 0.378068 0.054132
vt 0.378068 0.054132
vt 0.375000 0.155070
vt 0.375000 0.136920
vt 0.484843 0.054132
vt 0.484843 0.054132
vt 0.454191 0.054132
vt 0.454191 0.054132
vt 0.375000 0.867473
vt 0.375000 0.867473
vt 0.375000 0.849323
vt 0.375000 0.849323
vt 0.625000 0.699475
vt 0.625000 0.699475
vt 0.625000 0.720268
vt 0.625000 0.720268
vt 0.423964 0.936949
vt 0.423964 0.936949
vt 0.378068 0.936949
vt 0.378068 0.936949
vt 0.625000 0.779732
vt 0.625000 0.800525
vt 0.484812 0.936949
vt 0.484812 0.936949
vt 0.454221 0.936949
vt 0.454221 0.936949
vt 0.423960 0.804132
vt 0.423960 0.804132
vt 0.378068 0.804132
vt 0.378068 0.804132
vt 0.375000 0.613080
vt 0.375000 0.613080
vt 0.375000 0.594930
vt 0.375000 0.594930
vt 0.484808 0.804132
vt 0.484807 0.804132
vt 0.454226 0.804132
vt 0.454226 0.804132
vt 0.625000 0.136920
vt 0.625000 0.155070
vt 0.576012 0.695868
vt 0.576013 0.695868
vt 0.621932 0.695868
vt 0.621932 0.695868
vt 0.423990 0.158137
vt 0.423990 0.158137
vt 0.378068 0.158137
vt 0.378068 0.158137
vt 0.484843 0.723875
vt 0.484843 0.723875
vt 0.454191 0.723875
vt 0.454191 0.723875
vt 0.484846 0.158137
vt 0.484846 0.158137
vt 0.454187 0.158137
vt 0.454187 0.158137
vt 0.625000 0.849323
vt 0.625000 0.849323
vt 0.625000 0.867473
vt 0.625000 0.867473
vt 0.375000 0.915731
vt 0.378068 0.912663
vt 0.378068 0.915731
vt 0.375000 0.933881
vt 0.378068 0.933881
vt 0.378068 0.846255
vt 0.378068 0.849323
vt 0.378068 0.867473
vt 0.378068 0.026125
vt 0.378068 0.029732
vt 0.378068 0.050525
vt 0.621932 0.054132
vt 0.621932 0.050525
vt 0.621932 0.029732
vt 0.621932 0.026125
vt 0.378068 0.695868
vt 0.378068 0.699475
vt 0.378068 0.720268
vt 0.378068 0.723875
vt 0.378068 0.776124
vt 0.378068 0.779732
vt 0.378068 0.800525
vt 0.621932 0.804132
vt 0.621932 0.800525
vt 0.621932 0.779732
vt 0.621932 0.776125
vt 0.621932 0.723875
vt 0.621932 0.720268
vt 0.621932 0.699475
vt 0.621932 0.870541
vt 0.621932 0.867473
vt 0.621932 0.849323
vt 0.621932 0.846255
vt 0.621932 0.936949
vt 0.621932 0.933881
vt 0.621932 0.915731
vt 0.621932 0.912663
vt 0.378068 0.133852
vt 0.378068 0.136920
vt 0.378068 0.155070
vt 0.621932 0.158137
vt 0.621932 0.155070
vt 0.621932 0.136920
vt 0.621932 0.133852
vt 0.378068 0.591862
vt 0.378068 0.594930
vt 0.378068 0.613080
vt 0.621932 0.616148
vt 0.621932 0.613080
vt 0.621932 0.594930
vt 0.621932 0.591862
vt 0.621932 0.026125
vt 0.621932 0.029732
vt 0.621932 0.050525
vt 0.621932 0.054132
vt 0.378068 0.050525
vt 0.378068 0.026125
vt 0.621932 0.776124
vt 0.621932 0.779732
vt 0.621932 0.800525
vt 0.621932 0.804132
vt 0.378068 0.779732
vt 0.378068 0.776125
vt 0.378068 0.723875
vt 0.378068 0.720268
vt 0.378068 0.699475
vt 0.378068 0.695868
vt 0.621932 0.699475
vt 0.621932 0.720268
vt 0.621932 0.723875
vt 0.621932 0.846255
vt 0.621932 0.867473
vt 0.378068 0.867473
vt 0.621932 0.912664
vt 0.621932 0.915731
vt 0.621932 0.933881
vt 0.621932 0.936949
vt 0.375000 0.933881
vt 0.375000 0.915731
vt 0.621932 0.133852
vt 0.621932 0.158137
vt 0.378068 0.155070
vt 0.378068 0.136920
vt 0.621932 0.591863
vt 0.621932 0.594930
vt 0.621932 0.613080
vt 0.378068 0.613080
vt 0.378068 0.594930
vt 0.423986 0.050525
vt 0.423986 0.029732
vt 0.576012 0.026125
vt 0.423960 0.800525
vt 0.423960 0.779732
vt 0.576040 0.776125
vt 0.576040 0.776124
vt 0.576014 0.699475
vt 0.576014 0.720268
vt 0.423988 0.723876
vt 0.423987 0.723875
vt 0.423967 0.867473
vt 0.423967 0.849323
vt 0.576033 0.846255
vt 0.576033 0.846255
vt 0.423964 0.933881
vt 0.423964 0.915731
vt 0.576036 0.912663
vt 0.576036 0.912664
vt 0.423989 0.155070
vt 0.423989 0.136920
vt 0.576010 0.133852
vt 0.576010 0.133852
vt 0.423989 0.613080
vt 0.423989 0.594930
vt 0.576010 0.591862
vt 0.576010 0.591863
vt 0.423986 0.050525
vt 0.423986 0.029732
vt 0.576036 0.933881
vt 0.576036 0.915731
vt 0.423960 0.800525
vt 0.423960 0.779732
vt 0.423986 0.699475
vt 0.423986 0.720268
vt 0.576014 0.699475
vt 0.576011 0.613080
vt 0.576011 0.594930
vt 0.423967 0.867473
vt 0.423967 0.849323
vt 0.576040 0.800525
vt 0.576040 0.779732
vt 0.423964 0.915731
vt 0.576033 0.867473
vt 0.576033 0.849323
vt 0.423989 0.155070
vt 0.423989 0.136920
vt 0.576014 0.050525
vt 0.576014 0.029732
vt 0.423989 0.594930
vt 0.454187 0.133852
vt 0.484847 0.133852
vt 0.515155 0.136920
vt 0.545811 0.136920
vt 0.545813 0.133852
vt 0.576011 0.136920
vt 0.545813 0.158137
vt 0.545811 0.155070
vt 0.515155 0.155070
vt 0.515153 0.158137
vt 0.423990 0.158137
vt 0.423989 0.155070
vt 0.454189 0.136920
vt 0.454187 0.133852
vt 0.484846 0.133852
vt 0.576011 0.136920
vt 0.576010 0.133852
vt 0.545811 0.155070
vt 0.515155 0.155070
vt 0.515155 0.136920
vt 0.576010 0.158137
vt 0.576011 0.155070
vt 0.423990 0.158137
vt 0.423990 0.133852
vt 0.576010 0.158137
vt 0.545813 0.158137
vt 0.515153 0.158137
vt 0.484845 0.155070
vt 0.454189 0.155070
vt 0.484845 0.155070
vt 0.423990 0.133852
vt 0.576011 0.155070
vt 0.515155 0.155070
vt 0.454187 0.133852
vt 0.454191 0.026125
vt 0.484842 0.029732
vt 0.484843 0.026125
vt 0.515158 0.029732
vt 0.545808 0.029732
vt 0.576014 0.029732
vt 0.545809 0.054132
vt 0.545808 0.050525
vt 0.515158 0.050525
vt 0.515157 0.054132
vt 0.484842 0.050525
vt 0.423987 0.054132
vt 0.423986 0.050525
vt 0.454192 0.029732
vt 0.484843 0.026125
vt 0.484842 0.029732
vt 0.515158 0.029732
vt 0.545808 0.029732
vt 0.545808 0.050525
vt 0.515158 0.050525
vt 0.545808 0.029732
vt 0.576012 0.054132
vt 0.576014 0.050525
vt 0.423987 0.026125
vt 0.576012 0.054132
vt 0.545809 0.054132
vt 0.545809 0.054132
vt 0.515157 0.054132
vt 0.545809 0.054132
vt 0.484842 0.050525
vt 0.454192 0.050525
vt 0.484842 0.029732
vt 0.454191 0.054132
vt 0.454192 0.050525
vt 0.423986 0.029732
vt 0.423987 0.026125
vt 0.576014 0.050525
vt 0.545808 0.050525
vt 0.545808 0.029732
vt 0.576014 0.050525
vt 0.423987 0.026125
vt 0.484843 0.026125
vt 0.454221 0.912663
vt 0.484812 0.915731
vt 0.484812 0.912663
vt 0.515187 0.912663
vt 0.515188 0.915731
vt 0.545778 0.915731
vt 0.576036 0.912664
vt 0.576037 0.915731
vt 0.545779 0.936949
vt 0.545778 0.933881
vt 0.515188 0.933881
vt 0.515188 0.936949
vt 0.484812 0.933881
vt 0.454222 0.933881
vt 0.423963 0.933881
vt 0.454221 0.912663
vt 0.484812 0.912663
vt 0.515188 0.915731
vt 0.515188 0.912663
vt 0.545779 0.912663
vt 0.545778 0.933881
vt 0.515188 0.933881
vt 0.576036 0.936949
vt 0.423964 0.933881
vt 0.423964 0.936949
vt 0.423964 0.912664
vt 0.576036 0.936949
vt 0.576036 0.936949
vt 0.545779 0.936949
vt 0.515188 0.936949
vt 0.545779 0.936949
vt 0.484812 0.936949
vt 0.454221 0.936949
vt 0.423964 0.912663
vt 0.576036 0.933881
vt 0.576036 0.936949
vt 0.423964 0.912663
vt 0.454221 0.912663
vt 0.484812 0.912663
vt 0.454217 0.846255
vt 0.484816 0.849323
vt 0.484817 0.846255
vt 0.515184 0.849323
vt 0.545782 0.849323
vt 0.545783 0.846255
vt 0.576033 0.849323
vt 0.545783 0.870541
vt 0.545782 0.867473
vt 0.515184 0.867473
vt 0.515183 0.870541
vt 0.454218 0.867473
vt 0.423967 0.867473
vt 0.454218 0.849323
vt 0.454217 0.846255
vt 0.484817 0.846255
vt 0.484816 0.849323
vt 0.515184 0.849323
vt 0.545782 0.849323
vt 0.545782 0.867473
vt 0.515184 0.867473
vt 0.545782 0.849323
vt 0.576033 0.870541
vt 0.576033 0.867473
vt 0.423967 0.870541
vt 0.423967 0.846255
vt 0.515183 0.870541
vt 0.515184 0.867473
vt 0.484816 0.867473
vt 0.454218 0.867473
vt 0.454218 0.849323
vt 0.484817 0.870541
vt 0.454218 0.867473
vt 0.423967 0.849323
vt 0.423967 0.846255
vt 0.576033 0.867473
vt 0.515184 0.849323
vt 0.423967 0.846255
vt 0.423967 0.846255
vt 0.484817 0.846255
vt 0.454226 0.776125
vt 0.484807 0.779732
vt 0.484808 0.776124
vt 0.515193 0.779732
vt 0.545774 0.779732
vt 0.576040 0.779732
vt 0.545774 0.804132
vt 0.545773 0.800525
vt 0.515193 0.800525
vt 0.515193 0.804132
vt 0.423960 0.804132
vt 0.423960 0.800525
vt 0.454227 0.779732
vt 0.454226 0.776124
vt 0.484807 0.776124
vt 0.484807 0.779732
vt 0.515193 0.779732
vt 0.515193 0.776125
vt 0.545774 0.776124
vt 0.545773 0.779732
vt 0.576040 0.776125
vt 0.545774 0.800525
vt 0.515193 0.800525
vt 0.576040 0.804132
vt 0.423960 0.800525
vt 0.423960 0.776124
vt 0.423960 0.779732
vt 0.576040 0.804132
vt 0.576040 0.804132
vt 0.545774 0.804132
vt 0.515192 0.804132
vt 0.545774 0.804132
vt 0.484807 0.800525
vt 0.454226 0.800525
vt 0.454227 0.779732
vt 0.484807 0.800525
vt 0.484808 0.804132
vt 0.423960 0.779732
vt 0.423960 0.776125
vt 0.576040 0.779732
vt 0.576040 0.800525
vt 0.515193 0.779732
vt 0.576040 0.800525
vt 0.576040 0.804132
vt 0.423960 0.776125
vt 0.423960 0.776124
vt 0.454226 0.776125
vt 0.484808 0.776124
vt 0.545809 0.723875
vt 0.545808 0.720268
vt 0.515158 0.720268
vt 0.515157 0.723875
vt 0.484842 0.720268
vt 0.454192 0.720268
vt 0.454191 0.723875
vt 0.423986 0.720268
vt 0.454191 0.695868
vt 0.454192 0.699475
vt 0.484842 0.699475
vt 0.484843 0.695868
vt 0.545808 0.699475
vt 0.545809 0.695868
vt 0.576012 0.695868
vt 0.545809 0.723875
vt 0.515157 0.723875
vt 0.484842 0.720268
vt 0.484843 0.723875
vt 0.454192 0.720268
vt 0.423988 0.723875
vt 0.454192 0.699475
vt 0.484842 0.699475
vt 0.423987 0.695868
vt 0.576012 0.695868
vt 0.423986 0.699475
vt 0.423987 0.695868
vt 0.576012 0.723875
vt 0.454191 0.695868
vt 0.484843 0.695868
vt 0.515158 0.699475
vt 0.515158 0.720268
vt 0.545809 0.695868
vt 0.545808 0.699475
vt 0.423986 0.699475
vt 0.454192 0.699475
vt 0.484842 0.699475
vt 0.423988 0.695868
vt 0.423987 0.695868
vt 0.454191 0.695868
vt 0.454187 0.591863
vt 0.484845 0.594930
vt 0.484847 0.591863
vt 0.515155 0.594930
vt 0.545811 0.594930
vt 0.545813 0.591863
vt 0.576011 0.594930
vt 0.545813 0.616148
vt 0.545811 0.613080
vt 0.515155 0.613080
vt 0.515153 0.616148
vt 0.454187 0.616148
vt 0.454187 0.591862
vt 0.484846 0.591862
vt 0.545813 0.591862
vt 0.545811 0.613080
vt 0.515155 0.613080
vt 0.576010 0.616148
vt 0.576011 0.613080
vt 0.423990 0.591862
vt 0.545813 0.616148
vt 0.515153 0.616148
vt 0.484845 0.613080
vt 0.454189 0.613080
vt 0.484845 0.613080
vt 0.484846 0.616148
vt 0.423990 0.591863
vt 0.576011 0.613080
vt 0.423990 0.591863
vt 0.423990 0.591862
vt 0.439034 0.134006
vt 0.439034 0.137289
vt 0.500000 0.133852
vt 0.500000 0.136843
vt 0.560966 0.134006
vt 0.560966 0.137289
vt 0.560966 0.157983
vt 0.560966 0.154701
vt 0.500000 0.158137
vt 0.500000 0.155147
vt 0.439034 0.157983
vt 0.439034 0.154701
vt 0.439034 0.134006
vt 0.500000 0.133852
vt 0.560966 0.137289
vt 0.560966 0.134006
vt 0.560966 0.154701
vt 0.560966 0.157983
vt 0.500000 0.158137
vt 0.439034 0.154701
vt 0.439034 0.157983
vt 0.576011 0.155070
vt 0.439034 0.026300
vt 0.439034 0.030155
vt 0.500000 0.026125
vt 0.500000 0.029656
vt 0.560966 0.026300
vt 0.560966 0.030155
vt 0.560966 0.053957
vt 0.560966 0.050102
vt 0.500000 0.054132
vt 0.500000 0.050601
vt 0.439034 0.053957
vt 0.439034 0.050102
vt 0.439034 0.030155
vt 0.439034 0.026300
vt 0.560966 0.026300
vt 0.560966 0.050102
vt 0.560966 0.053957
vt 0.500000 0.050601
vt 0.500000 0.054132
vt 0.439034 0.050102
vt 0.439034 0.053957
vt 0.439034 0.912724
vt 0.439034 0.916037
vt 0.500000 0.912663
vt 0.500000 0.915731
vt 0.560966 0.912725
vt 0.560966 0.916037
vt 0.560966 0.936888
vt 0.560966 0.933575
vt 0.500000 0.936949
vt 0.500000 0.933881
vt 0.439034 0.936888
vt 0.439034 0.933575
vt 0.439034 0.912725
vt 0.500000 0.912663
vt 0.560966 0.916037
vt 0.560966 0.912724
vt 0.560966 0.933575
vt 0.560966 0.936888
vt 0.500000 0.936949
vt 0.439034 0.936888
vt 0.439034 0.846329
vt 0.439034 0.849641
vt 0.500000 0.846255
vt 0.500000 0.849323
vt 0.560966 0.846329
vt 0.560966 0.849641
vt 0.560966 0.870467
vt 0.560966 0.867155
vt 0.500000 0.870541
vt 0.500000 0.867473
vt 0.439034 0.870467
vt 0.439034 0.867155
vt 0.439034 0.849641
vt 0.500000 0.849323
vt 0.500000 0.846255
vt 0.560966 0.849641
vt 0.560966 0.846329
vt 0.560966 0.867155
vt 0.560966 0.870467
vt 0.500000 0.867473
vt 0.500000 0.870541
vt 0.439034 0.870467
vt 0.439034 0.776175
vt 0.439034 0.780118
vt 0.500000 0.776124
vt 0.500000 0.779732
vt 0.560966 0.776175
vt 0.560966 0.780118
vt 0.560966 0.804056
vt 0.560966 0.800231
vt 0.500000 0.804132
vt 0.500000 0.800525
vt 0.439034 0.804056
vt 0.439034 0.800231
vt 0.439034 0.780026
vt 0.439034 0.776201
vt 0.500000 0.779732
vt 0.500000 0.776124
vt 0.560966 0.780026
vt 0.560966 0.776201
vt 0.560966 0.800139
vt 0.560966 0.804082
vt 0.500000 0.800525
vt 0.500000 0.804132
vt 0.439034 0.800139
vt 0.439034 0.804082
vt 0.560966 0.723700
vt 0.560966 0.719845
vt 0.500000 0.723875
vt 0.500000 0.720344
vt 0.439034 0.723700
vt 0.439034 0.719845
vt 0.439034 0.696043
vt 0.439034 0.699898
vt 0.500000 0.695868
vt 0.500000 0.699399
vt 0.560966 0.696043
vt 0.560966 0.699898
vt 0.500000 0.720344
vt 0.500000 0.723875
vt 0.439034 0.723700
vt 0.439034 0.699898
vt 0.439034 0.696043
vt 0.500000 0.699399
vt 0.500000 0.695868
vt 0.560966 0.699898
vt 0.560966 0.696043
vt 0.439034 0.592017
vt 0.439034 0.595299
vt 0.500000 0.591863
vt 0.500000 0.594853
vt 0.560966 0.592017
vt 0.560966 0.595299
vt 0.560966 0.615994
vt 0.560966 0.612711
vt 0.500000 0.616148
vt 0.500000 0.613157
vt 0.439034 0.615994
vt 0.439034 0.612711
vt 0.439034 0.592016
vt 0.500000 0.591862
vt 0.560966 0.612711
vt 0.500000 0.613157
vt 0.500000 0.616148
vt 0.439034 0.612711
vt 0.439034 0.615994
s 0
f 411/137/96 439/137/96 441/138/96 409/139/96
f 627/140/97 655/141/97 657/142/97 625/143/97
f 681/144/98 709/145/98 711/146/98 679/147/98
f 555/148/99 583/149/99 585/150/99 553/151/99
f 483/152/100 511/152/100 513/153/100 481/154/100
f 339/155/101 367/156/101 369/157/101 337/158/101
f 771/159/102 799/160/102 801/161/102 769/162/102
f 645/163/103 664/164/103 666/165/103 643/166/103
f 717/167/104 736/168/104 738/169/104 715/170/104
f 573/171/105 592/172/105 594/173/105 571/174/105
f 501/175/105 520/176/105 522/177/105 499/178/105
f 357/179/106 376/180/106 378/181/106 355/182/106
f 789/183/107 808/184/107 810/185/107 787/186/107
f 429/187/108 448/188/108 450/189/108 427/190/108
f 176/191/109 244/192/109 246/193/109 171/194/109
f 222/195/110 297/195/110 300/196/110 219/196/110
f 198/197/110 273/198/110 276/199/110 195/200/110
f 750/201/111 784/202/111 303/203/111 216/204/111
f 158/205/109 232/206/109 234/207/109 153/208/109
f 168/209/109 249/210/109 252/211/109 165/212/109
f 753/213/112 781/214/112 783/215/112 751/216/112
f 534/217/113 568/218/113 267/219/113 150/220/113
f 162/221/110 225/222/110 228/223/110 159/224/110
f 537/225/114 565/226/114 567/227/114 535/228/114
f 390/229/115 424/230/115 231/231/115 156/232/115
f 206/233/109 292/233/109 294/234/109 201/234/109
f 393/235/116 421/236/116 423/237/116 391/238/116
f 152/239/109 268/240/109 270/241/109 147/242/109
f 188/243/110 256/244/110 258/245/110 183/246/110
f 462/247/117 496/248/117 279/249/117 144/250/117
f 180/251/110 237/251/110 240/252/110 177/252/110
f 465/253/118 493/254/118 495/255/118 463/256/118
f 606/257/119 640/258/119 243/259/119 174/260/119
f 218/261/109 304/262/109 306/263/109 213/264/109
f 609/265/120 637/266/120 639/267/120 607/268/120
f 210/269/110 285/269/110 288/270/110 207/270/110
f 678/271/121 712/272/121 255/273/121 186/274/121
f 318/275/122 352/276/122 291/277/122 204/278/122
f 699/279/123 727/280/123 729/281/123 697/282/123
f 321/283/124 349/284/124 351/285/124 319/286/124
f 192/287/110 261/288/110 264/289/110 189/290/110
f 141/291/125 143/292/125 142/293/125
f 144/250/126 146/294/126 145/295/126
f 147/242/127 149/296/127 148/297/127
f 150/220/128 152/239/128 151/298/128
f 153/208/129 155/299/129 154/300/129
f 156/232/130 158/205/130 157/301/130
f 159/224/131 161/302/131 160/303/131
f 162/221/132 164/304/132 163/305/132
f 165/212/133 167/306/133 166/307/133
f 168/209/134 170/308/134 169/309/134
f 171/194/135 173/310/135 172/311/135
f 174/260/136 176/191/136 175/312/136
f 177/252/137 179/313/137 178/314/137
f 180/251/138 182/315/138 181/316/138
f 183/246/139 185/317/139 184/318/139
f 186/274/140 188/243/140 187/319/140
f 189/290/141 191/320/141 190/321/141
f 192/287/142 194/322/142 193/323/142
f 195/200/143 197/324/143 196/325/143
f 198/197/144 200/326/144 199/327/144
f 201/234/145 203/328/145 202/329/145
f 204/278/146 206/233/146 205/330/146
f 207/270/147 209/331/147 208/332/147
f 210/269/148 212/333/148 211/334/148
f 213/264/149 215/335/149 214/336/149
f 216/204/150 218/261/150 217/337/150
f 219/196/151 221/338/151 220/339/151
f 222/195/152 224/340/152 223/341/152
f 225/222/153 227/342/153 226/343/153
f 228/223/154 230/344/154 229/345/154
f 231/231/155 233/346/155 232/206/155
f 234/207/156 236/300/156 235/347/156
f 237/251/157 239/348/157 238/349/157
f 240/252/158 242/350/158 241/351/158
f 243/259/159 245/312/159 244/192/159
f 246/193/160 248/352/160 247/353/160
f 249/210/161 251/354/161 250/355/161
f 252/211/162 254/356/162 253/357/162
f 255/273/163 257/358/163 256/244/163
f 258/245/164 260/359/164 259/360/164
f 261/288/165 263/361/165 262/322/165
f 264/289/166 266/362/166 265/320/166
f 267/219/167 269/363/167 268/240/167
f 270/241/168 272/297/168 271/296/168
f 273/198/169 275/364/169 274/365/169
f 276/199/170 278/366/170 277/367/170
f 279/249/171 281/295/171 280/368/171
f 282/369/172 284/293/172 283/292/172
f 285/269/151 287/370/151 286/333/151
f 288/270/152 290/332/152 289/371/152
f 291/277/149 293/372/149 292/233/149
f 294/234/150 296/373/150 295/328/150
f 297/195/147 299/374/147 298/375/147
f 300/196/148 302/376/148 301/338/148
f 303/203/145 305/377/145 304/262/145
f 306/263/146 308/378/146 307/335/146
f 164/304/173 162/221/173 159/224/173 160/303/173
f 388/379/174 157/301/174 154/300/174 399/380/174
f 157/301/175 158/205/175 153/208/175 154/300/175
f 408/381/176 442/381/176 227/342/176 163/305/176
f 182/315/177 180/251/177 177/252/177 178/314/177
f 604/382/178 175/312/178 172/311/178 615/383/178
f 175/312/179 176/191/179 171/194/179 172/311/179
f 624/384/180 658/385/180 239/348/180 181/316/180
f 170/308/181 168/209/181 165/212/181 166/307/181
f 676/386/182 187/319/182 184/318/182 687/387/182
f 187/319/183 188/243/183 183/246/183 184/318/183
f 696/388/184 730/389/184 251/354/184 169/309/184
f 194/322/185 192/287/185 189/290/185 190/321/185
f 532/390/186 151/298/186 148/297/186 543/391/186
f 151/298/187 152/239/187 147/242/187 148/297/187
f 552/392/188 586/393/188 263/361/188 193/323/188
f 200/326/185 198/197/185 195/200/185 196/325/185
f 460/394/186 145/295/186 142/293/186 471/395/186
f 145/295/187 146/294/187 141/291/187 142/293/187
f 480/396/189 514/397/189 275/364/189 199/327/189
f 212/333/190 210/269/190 207/270/190 208/332/190
f 316/398/191 205/330/191 202/329/191 327/399/191
f 205/330/192 206/233/192 201/234/192 202/329/192
f 336/400/193 370/401/193 287/370/193 211/334/193
f 224/340/194 222/195/194 219/196/194 220/339/194
f 748/402/195 217/337/195 214/336/195 759/403/195
f 217/337/196 218/261/196 213/264/196 214/336/196
f 768/404/197 802/405/197 299/374/197 223/341/197
f 225/222/198 226/343/198 230/344/198 228/223/198
f 426/406/199 451/407/199 236/300/199 233/346/199
f 232/206/200 233/346/200 236/300/200 234/207/200
f 196/325/201 453/408/201 478/409/201 200/326/201
f 237/251/202 238/349/202 242/350/202 240/252/202
f 642/410/203 667/411/203 248/352/203 245/312/203
f 244/192/204 245/312/204 248/352/204 246/193/204
f 166/307/205 669/412/205 694/413/205 170/308/205
f 249/210/206 250/355/206 254/356/206 252/211/206
f 714/414/207 739/387/207 260/359/207 257/358/207
f 256/244/208 257/358/208 260/359/208 258/245/208
f 220/339/209 741/415/209 766/416/209 224/340/209
f 261/288/210 262/322/210 266/362/210 264/289/210
f 570/417/211 595/418/211 272/297/211 269/363/211
f 268/240/212 269/363/212 272/297/212 270/241/212
f 178/314/213 597/419/213 622/420/213 182/315/213
f 273/198/210 274/365/210 278/366/210 276/199/210
f 498/394/211 523/421/211 284/293/211 281/295/211
f 280/368/212 281/295/212 284/293/212 282/369/212
f 190/321/201 525/422/201 550/423/201 194/322/201
f 285/269/194 286/333/194 290/332/194 288/270/194
f 354/424/195 379/425/195 296/373/195 293/372/195
f 292/233/196 293/372/196 296/373/196 294/234/196
f 160/303/214 381/426/214 406/427/214 164/304/214
f 297/195/190 298/375/190 302/376/190 300/196/190
f 786/402/191 811/428/191 308/378/191 305/377/191
f 304/262/192 305/377/192 308/378/192 306/263/192
f 221/338/185 219/196/185 300/196/185 301/338/185
f 299/374/210 297/195/210 222/195/210 223/341/210
f 168/209/215 169/309/215 251/354/215 249/210/215
f 258/245/216 259/360/216 185/317/216 183/246/216
f 218/261/187 216/204/187 303/203/187 304/262/187
f 191/320/217 189/290/217 264/289/217 265/320/217
f 263/361/218 261/288/218 192/287/218 193/323/218
f 215/335/212 213/264/212 306/263/212 307/335/212
f 152/239/219 150/220/219 267/219/219 268/240/219
f 161/302/220 159/224/220 228/223/220 229/345/220
f 227/342/221 225/222/221 162/221/221 163/305/221
f 149/296/222 147/242/222 270/241/222 271/296/222
f 158/205/223 156/232/223 231/231/223 232/206/223
f 155/299/224 153/208/224 234/207/224 235/347/224
f 197/324/225 195/200/225 276/199/225 277/367/225
f 275/364/226 273/198/226 198/197/226 199/327/226
f 146/294/227 144/250/227 279/249/227 280/368/227
f 179/313/228 177/252/228 240/252/228 241/351/228
f 239/348/229 237/251/229 180/251/229 181/316/229
f 143/292/230 141/291/230 282/369/230 283/292/230
f 176/191/231 174/260/231 243/259/231 244/192/231
f 173/310/232 171/194/232 246/193/232 247/353/232
f 209/331/210 207/270/210 288/270/210 289/371/210
f 287/370/185 285/269/185 210/269/185 211/334/185
f 206/233/212 204/278/212 291/277/212 292/233/212
f 167/306/233 165/212/233 252/211/233 253/357/233
f 203/328/187 201/234/187 294/234/187 295/328/187
f 188/243/234 186/274/234 255/273/234 256/244/234
f 146/294/109 280/368/109 282/369/109 141/291/109
f 364/429/235 378/181/235 376/180/235 366/430/235
f 367/156/236 375/431/236 373/432/236 369/433/236
f 370/401/237 372/434/237 286/333/237 287/370/237
f 346/435/238 360/436/238 358/437/238 348/438/238
f 349/284/239 357/179/239 355/182/239 351/285/239
f 352/439/240 354/440/240 293/372/240 291/277/240
f 328/441/241 342/442/241 340/443/241 330/180/241
f 331/431/242 339/155/242 337/158/242 333/432/242
f 334/444/243 336/445/243 211/334/243 212/333/243
f 310/446/244 312/447/244 331/448/244 333/432/244
f 208/332/245 209/331/245 325/449/245 309/450/245
f 316/398/246 318/451/246 204/278/246 205/330/246
f 202/329/247 203/328/247 343/452/247 327/399/247
f 209/331/197 289/371/197 345/453/197 325/449/197
f 324/454/102 346/435/102 348/438/102 322/455/102
f 310/446/248 324/454/248 322/455/248 312/447/248
f 313/456/107 315/457/107 328/181/107 330/180/107
f 313/458/249 321/283/249 319/286/249 315/457/249
f 295/328/250 296/373/250 379/425/250 363/459/250
f 290/332/209 286/333/209 372/444/209 361/460/209
f 360/436/251 373/432/251 375/431/251 358/461/251
f 289/371/252 290/332/252 361/460/252 345/453/252
f 203/328/111 295/328/111 363/459/111 343/452/111
f 342/462/112 364/429/112 366/430/112 340/443/112
f 436/463/253 450/189/253 448/464/253 438/465/253
f 439/137/254 447/466/254 445/467/254 441/138/254
f 442/381/255 444/468/255 226/343/255 227/342/255
f 418/469/256 432/470/256 430/471/256 420/472/256
f 421/236/257 429/473/257 427/190/257 423/237/257
f 424/474/258 426/475/258 233/346/258 231/231/258
f 400/476/259 414/463/259 412/477/259 402/478/259
f 403/479/260 411/137/260 409/138/260 405/480/260
f 406/427/261 408/381/261 163/305/261 164/304/261
f 382/481/262 384/482/262 403/479/262 405/483/262
f 160/303/263 161/302/263 397/484/263 381/485/263
f 388/379/264 390/229/264 156/232/264 157/301/264
f 154/300/265 155/299/265 415/486/265 399/380/265
f 161/302/266 229/345/266 417/487/266 397/484/266
f 396/488/267 418/489/267 420/472/267 394/490/267
f 382/481/268 396/491/268 394/490/268 384/482/268
f 385/492/269 387/493/269 400/476/269 402/494/269
f 385/187/270 393/235/270 391/495/270 387/496/270
f 235/347/271 236/300/271 451/497/271 435/498/271
f 230/344/272 226/343/272 444/468/272 433/499/272
f 432/500/273 445/501/273 447/466/273 430/471/273
f 229/345/274 230/344/274 433/502/274 417/487/274
f 155/299/275 235/347/275 435/503/275 415/486/275
f 414/463/276 436/463/276 438/504/276 412/465/276
f 508/505/277 522/177/277 520/506/277 510/507/277
f 511/508/278 519/509/278 517/510/278 513/153/278
f 514/511/279 516/512/279 274/365/279 275/364/279
f 490/513/280 504/514/280 502/515/280 492/516/280
f 493/254/281 501/517/281 499/518/281 495/255/281
f 496/248/282 498/519/282 281/295/282 279/249/282
f 472/177/283 486/520/283 484/521/283 474/176/283
f 475/522/284 483/523/284 481/524/284 477/510/284
f 478/409/285 480/396/285 199/327/285 200/326/285
f 454/525/286 456/526/286 475/522/286 477/510/286
f 196/325/287 197/324/287 469/527/287 453/408/287
f 460/528/288 462/529/288 144/250/288 145/295/288
f 142/293/289 143/292/289 487/530/289 471/395/289
f 197/324/290 277/367/290 489/531/290 469/532/290
f 468/533/291 490/513/291 492/516/291 466/534/291
f 454/525/292 468/535/292 466/534/292 456/526/292
f 457/517/293 459/178/293 472/177/293 474/176/293
f 457/175/294 465/536/294 463/537/294 459/178/294
f 283/292/295 284/293/295 523/421/295 507/538/295
f 278/366/296 274/365/296 516/512/296 505/539/296
f 504/514/297 517/510/297 519/522/297 502/515/297
f 277/367/298 278/366/298 505/539/298 489/540/298
f 143/292/299 283/292/299 507/541/299 487/538/299
f 486/520/300 508/542/300 510/507/300 484/543/300
f 580/544/301 594/173/301 592/545/301 582/546/301
f 583/149/302 591/547/302 589/548/302 585/549/302
f 586/393/303 588/550/303 262/322/303 263/361/303
f 562/551/304 576/552/304 574/553/304 564/554/304
f 565/226/305 573/171/305 571/555/305 567/227/305
f 568/217/306 570/556/306 269/363/306 267/219/306
f 544/557/307 558/558/307 556/559/307 546/560/307
f 547/561/308 555/148/308 553/549/308 549/562/308
f 550/423/309 552/392/309 193/323/309 194/322/309
f 526/563/286 528/564/286 547/561/286 549/565/286
f 190/321/310 191/320/310 541/566/310 525/567/310
f 532/556/311 534/568/311 150/220/311 151/298/311
f 148/297/312 149/296/312 559/569/312 543/391/312
f 191/320/313 265/320/313 561/566/313 541/566/313
f 540/551/314 562/551/314 564/554/314 538/570/314
f 526/563/315 540/551/315 538/570/315 528/571/315
f 529/572/293 531/573/293 544/574/293 546/560/293
f 529/572/316 537/575/316 535/228/316 531/576/316
f 271/296/317 272/297/317 595/577/317 579/578/317
f 266/362/296 262/322/296 588/550/296 577/579/296
f 576/552/297 589/548/297 591/580/297 574/564/297
f 265/320/318 266/362/318 577/579/318 561/566/318
f 149/296/319 271/296/319 579/581/319 559/582/319
f 558/558/320 580/558/320 582/583/320 556/559/320
f 652/584/321 666/165/321 664/585/321 654/586/321
f 655/141/322 663/587/322 661/588/322 657/142/322
f 658/385/323 660/589/323 238/349/323 239/348/323
f 634/590/324 648/591/324 646/592/324 636/593/324
f 637/266/325 645/163/325 643/166/325 639/267/325
f 640/594/326 642/595/326 245/312/326 243/259/326
f 616/596/327 630/597/327 628/598/327 618/599/327
f 619/600/328 627/601/328 625/602/328 621/603/328
f 622/420/329 624/604/329 181/316/329 182/315/329
f 598/605/330 600/606/330 619/600/330 621/603/330
f 178/314/331 179/313/331 613/607/331 597/419/331
f 604/608/332 606/257/332 174/260/332 175/312/332
f 172/311/333 173/310/333 631/609/333 615/610/333
f 179/313/334 241/351/334 633/611/334 613/612/334
f 612/613/335 634/590/335 636/593/335 610/614/335
f 598/605/336 612/615/336 610/614/336 600/606/336
f 601/616/337 603/617/337 616/618/337 618/599/337
f 601/619/338 609/620/338 607/268/338 603/617/338
f 247/353/339 248/352/339 667/621/339 651/622/339
f 242/350/340 238/349/340 660/623/340 649/624/340
f 648/591/341 661/588/341 663/625/341 646/592/341
f 241/351/342 242/350/342 649/626/342 633/627/342
f 173/310/343 247/353/343 651/628/343 631/629/343
f 630/597/344 652/630/344 654/631/344 628/598/344
f 724/632/345 738/633/345 736/634/345 726/635/345
f 727/280/346 735/636/346 733/637/346 729/638/346
f 730/389/347 732/639/347 250/355/347 251/354/347
f 706/640/348 720/641/348 718/642/348 708/643/348
f 709/145/349 717/167/349 715/644/349 711/645/349
f 712/646/350 714/414/350 257/358/350 255/273/350
f 688/169/351 702/647/351 700/648/351 690/168/351
f 691/649/352 699/650/352 697/282/352 693/651/352
f 694/413/353 696/652/353 169/309/353 170/308/353
f 670/653/354 672/654/354 691/649/354 693/637/354
f 166/307/355 167/306/355 685/655/355 669/412/355
f 676/386/356 678/656/356 186/274/356 187/319/356
f 253/357/357 254/356/357 721/657/357 705/658/357
f 185/317/358 259/360/358 723/659/358 703/659/358
f 702/647/359 724/647/359 726/635/359 700/648/359
f 670/653/360 684/660/360 682/661/360 672/654/360
f 673/662/361 675/644/361 688/633/361 690/663/361
f 673/662/362 681/144/362 679/664/362 675/665/362
f 259/360/363 260/359/363 739/387/363 723/659/363
f 254/356/364 250/355/364 732/639/364 721/666/364
f 720/667/365 733/637/365 735/636/365 718/668/365
f 184/318/366 185/317/366 703/659/366 687/387/366
f 167/306/367 253/357/367 705/669/367 685/670/367
f 684/660/368 706/671/368 708/643/368 682/661/368
f 796/672/249 810/185/249 808/673/249 798/674/249
f 799/160/248 807/675/248 805/676/248 801/677/248
f 802/405/245 804/678/245 298/375/245 299/374/245
f 778/679/242 792/680/242 790/681/242 780/682/242
f 781/214/241 789/183/241 787/186/241 783/683/241
f 784/202/247 786/402/247 305/377/247 303/203/247
f 760/185/239 774/684/239 772/685/239 762/673/239
f 763/675/238 771/159/238 769/686/238 765/676/238
f 766/678/252 768/404/252 223/341/252 224/340/252
f 742/687/251 744/688/251 763/675/251 765/676/251
f 220/339/237 221/338/237 757/689/237 741/690/237
f 748/402/250 750/202/250 216/204/250 217/337/250
f 214/336/240 215/335/240 775/691/240 759/428/240
f 221/338/193 301/338/193 777/689/193 757/689/193
f 756/679/101 778/692/101 780/682/101 754/693/101
f 742/687/236 756/692/236 754/693/236 744/688/236
f 745/694/106 747/695/106 760/185/106 762/184/106
f 745/696/235 753/697/235 751/216/235 747/695/235
f 307/335/246 308/378/246 811/428/246 795/698/246
f 302/376/369 298/375/369 804/678/369 793/699/369
f 792/680/244 805/676/244 807/675/244 790/681/244
f 301/338/243 302/376/243 793/699/243 777/689/243
f 215/335/122 307/335/122 795/700/122 775/701/122
f 774/684/124 796/672/124 798/674/124 772/685/124
f 364/429/370 365/702/370 380/703/370 378/181/370
f 365/702/371 363/459/371 379/425/371 380/703/371
f 367/156/372 368/704/372 377/705/372 375/431/372
f 368/704/373 366/430/373 376/180/373 377/705/373
f 370/401/374 371/706/374 374/707/374 372/434/374
f 371/706/375 369/433/375 373/432/375 374/707/375
f 346/435/376 347/708/376 362/709/376 360/436/376
f 347/708/377 345/453/377 361/460/377 362/709/377
f 349/284/378 350/710/378 359/711/378 357/179/378
f 350/710/379 348/438/379 358/437/379 359/711/379
f 352/439/380 353/712/380 356/713/380 354/440/380
f 353/712/381 351/285/381 355/182/381 356/713/381
f 328/441/382 329/703/382 344/714/382 342/442/382
f 329/703/383 327/399/383 343/452/383 344/714/383
f 331/431/384 332/705/384 341/715/384 339/155/384
f 332/705/385 330/180/385 340/443/385 341/715/385
f 334/444/386 335/716/386 338/717/386 336/445/386
f 335/716/387 333/432/387 337/158/387 338/717/387
f 310/446/388 311/718/388 326/719/388 324/454/388
f 311/718/389 309/450/389 325/449/389 326/719/389
f 313/458/390 314/711/390 323/720/390 321/283/390
f 314/711/391 312/447/391 322/455/391 323/720/391
f 316/398/392 317/721/392 320/722/392 318/451/392
f 317/721/393 315/457/393 319/286/393 320/722/393
f 324/454/394 326/719/394 347/708/394 346/435/394
f 326/719/395 325/449/395 345/453/395 347/708/395
f 321/283/396 323/720/396 350/710/396 349/284/396
f 323/720/397 322/455/397 348/438/397 350/710/397
f 318/275/398 320/722/398 353/712/398 352/276/398
f 320/722/399 319/286/399 351/285/399 353/712/399
f 333/432/400 335/716/400 311/718/400 310/446/400
f 335/716/401 334/444/401 309/723/401 311/718/401
f 330/180/402 332/705/402 314/711/402 313/456/402
f 332/705/403 331/448/403 312/447/403 314/711/403
f 327/399/404 329/703/404 317/721/404 316/398/404
f 329/703/405 328/181/405 315/457/405 317/721/405
f 360/436/406 362/709/406 374/707/406 373/432/406
f 362/709/407 361/460/407 372/444/407 374/707/407
f 357/179/408 359/711/408 377/705/408 376/180/408
f 359/711/409 358/461/409 375/431/409 377/705/409
f 354/424/410 356/713/410 380/703/410 379/425/410
f 356/713/411 355/182/411 378/181/411 380/703/411
f 342/462/412 344/714/412 365/702/412 364/429/412
f 344/714/413 343/452/413 363/459/413 365/702/413
f 339/155/414 341/715/414 368/704/414 367/156/414
f 341/715/415 340/443/415 366/430/415 368/704/415
f 336/400/416 338/717/416 371/706/416 370/401/416
f 338/717/417 337/158/417 369/157/417 371/706/417
f 436/463/418 437/724/418 452/725/418 450/189/418
f 437/724/419 435/498/419 451/497/419 452/725/419
f 439/137/420 440/726/420 449/727/420 447/466/420
f 440/726/421 438/465/421 448/464/421 449/727/421
f 442/381/422 443/728/422 446/729/422 444/468/422
f 443/728/423 441/138/423 445/467/423 446/729/423
f 418/469/424 419/730/424 434/731/424 432/470/424
f 419/730/425 417/487/425 433/502/425 434/731/425
f 421/236/426 422/732/426 431/733/426 429/473/426
f 422/732/427 420/472/427 430/471/427 431/733/427
f 424/474/428 425/734/428 428/735/428 426/475/428
f 425/734/429 423/237/429 427/190/429 428/735/429
f 400/476/430 401/736/430 416/737/430 414/463/430
f 401/736/431 399/380/431 415/486/431 416/737/431
f 403/479/432 404/727/432 413/726/432 411/137/432
f 404/727/433 402/478/433 412/477/433 413/726/433
f 406/427/434 407/729/434 410/738/434 408/381/434
f 407/729/435 405/480/435 409/138/435 410/738/435
f 382/481/436 383/739/436 398/740/436 396/491/436
f 383/739/437 381/485/437 397/484/437 398/740/437
f 385/187/438 386/741/438 395/742/438 393/235/438
f 386/741/439 384/482/439 394/490/439 395/742/439
f 388/379/440 389/743/440 392/744/440 390/229/440
f 389/743/441 387/496/441 391/495/441 392/744/441
f 396/488/442 398/740/442 419/730/442 418/489/442
f 398/740/443 397/484/443 417/487/443 419/730/443
f 393/235/444 395/742/444 422/732/444 421/236/444
f 395/742/445 394/490/445 420/472/445 422/732/445
f 390/229/446 392/744/446 425/734/446 424/230/446
f 392/744/447 391/238/447 423/237/447 425/734/447
f 405/483/448 407/729/448 383/739/448 382/481/448
f 407/729/449 406/427/449 381/426/449 383/739/449
f 402/494/450 404/727/450 386/741/450 385/492/450
f 404/727/451 403/479/451 384/482/451 386/741/451
f 399/380/452 401/736/452 389/743/452 388/379/452
f 401/736/453 400/476/453 387/493/453 389/743/453
f 432/500/454 434/731/454 446/729/454 445/501/454
f 434/731/455 433/499/455 444/468/455 446/729/455
f 429/187/456 431/733/456 449/727/456 448/188/456
f 431/733/457 430/471/457 447/466/457 449/727/457
f 426/406/458 428/735/458 452/725/458 451/407/458
f 428/735/459 427/190/459 450/189/459 452/725/459
f 414/463/460 416/737/460 437/724/460 436/463/460
f 416/737/461 415/486/461 435/503/461 437/724/461
f 411/137/462 413/726/462 440/726/462 439/137/462
f 413/726/463 412/465/463 438/504/463 440/726/463
f 408/381/464 410/738/464 443/728/464 442/381/464
f 410/738/465 409/139/465 441/138/465 443/728/465
f 508/505/466 509/745/466 524/746/466 522/177/466
f 509/745/467 507/538/467 523/421/467 524/746/467
f 511/508/468 512/747/468 521/748/468 519/509/468
f 512/747/469 510/507/469 520/506/469 521/748/469
f 514/511/470 515/749/470 518/750/470 516/512/470
f 515/749/471 513/153/471 517/510/471 518/750/471
f 490/513/472 491/751/472 506/752/472 504/514/472
f 491/751/473 489/540/473 505/539/473 506/752/473
f 493/254/474 494/753/474 503/754/474 501/517/474
f 494/753/475 492/516/475 502/515/475 503/754/475
f 496/248/476 497/755/476 500/756/476 498/519/476
f 497/755/477 495/255/477 499/518/477 500/756/477
f 472/177/478 473/746/478 488/757/478 486/520/478
f 473/746/479 471/395/479 487/530/479 488/757/479
f 475/522/480 476/748/480 485/758/480 483/523/480
f 476/748/481 474/176/481 484/521/481 485/758/481
f 478/409/482 479/759/482 482/760/482 480/396/482
f 479/759/483 477/510/483 481/524/483 482/760/483
f 454/525/484 455/761/484 470/762/484 468/535/484
f 455/761/485 453/408/485 469/527/485 470/762/485
f 457/175/486 458/754/486 467/763/486 465/536/486
f 458/754/487 456/526/487 466/534/487 467/763/487
f 460/528/488 461/756/488 464/764/488 462/529/488
f 461/756/489 459/178/489 463/537/489 464/764/489
f 468/533/490 470/762/490 491/751/490 490/513/490
f 470/762/491 469/532/491 489/531/491 491/751/491
f 465/253/492 467/763/492 494/753/492 493/254/492
f 467/763/493 466/534/493 492/516/493 494/753/493
f 462/247/494 464/764/494 497/755/494 496/248/494
f 464/764/495 463/256/495 495/255/495 497/755/495
f 477/510/496 479/759/496 455/761/496 454/525/496
f 479/759/497 478/409/497 453/408/497 455/761/497
f 474/176/498 476/748/498 458/754/498 457/517/498
f 476/748/499 475/522/499 456/526/499 458/754/499
f 471/395/500 473/746/500 461/756/500 460/394/500
f 473/746/501 472/177/501 459/178/501 461/756/501
f 504/514/502 506/752/502 518/750/502 517/510/502
f 506/752/503 505/539/503 516/512/503 518/750/503
f 501/175/504 503/754/504 521/748/504 520/176/504
f 503/754/505 502/515/505 519/522/505 521/748/505
f 498/394/506 500/756/506 524/746/506 523/421/506
f 500/756/507 499/178/507 522/177/507 524/746/507
f 486/520/508 488/757/508 509/745/508 508/542/508
f 488/757/509 487/538/509 507/541/509 509/745/509
f 483/152/510 485/758/510 512/747/510 511/152/510
f 485/758/511 484/543/511 510/507/511 512/747/511
f 480/396/512 482/760/512 515/749/512 514/397/512
f 482/760/513 481/154/513 513/153/513 515/749/513
f 580/544/514 581/765/514 596/766/514 594/173/514
f 581/765/515 579/578/515 595/577/515 596/766/515
f 583/149/516 584/767/516 593/768/516 591/547/516
f 584/767/517 582/546/517 592/545/517 593/768/517
f 586/393/518 587/769/518 590/770/518 588/550/518
f 587/769/519 585/549/519 589/548/519 590/770/519
f 562/551/520 563/771/520 578/772/520 576/552/520
f 563/771/521 561/566/521 577/579/521 578/772/521
f 565/226/522 566/773/522 575/774/522 573/171/522
f 566/773/523 564/554/523 574/553/523 575/774/523
f 568/217/524 569/775/524 572/776/524 570/556/524
f 569/775/525 567/227/525 571/555/525 572/776/525
f 544/557/526 545/777/526 560/765/526 558/558/526
f 545/777/527 543/391/527 559/569/527 560/765/527
f 547/561/528 548/778/528 557/779/528 555/148/528
f 548/778/529 546/560/529 556/559/529 557/779/529
f 550/423/530 551/780/530 554/781/530 552/392/530
f 551/780/531 549/562/531 553/549/531 554/781/531
f 526/563/532 527/782/532 542/783/532 540/551/532
f 527/782/533 525/567/533 541/566/533 542/783/533
f 529/572/534 530/784/534 539/785/534 537/575/534
f 530/784/535 528/571/535 538/570/535 539/785/535
f 532/556/536 533/776/536 536/786/536 534/568/536
f 533/776/537 531/576/537 535/228/537 536/786/537
f 540/551/538 542/783/538 563/771/538 562/551/538
f 542/783/539 541/566/539 561/566/539 563/771/539
f 537/225/540 539/785/540 566/773/540 565/226/540
f 539/785/541 538/570/541 564/554/541 566/773/541
f 534/217/542 536/786/542 569/775/542 568/218/542
f 536/786/543 535/228/543 567/227/543 569/775/543
f 549/565/496 551/780/496 527/782/496 526/563/496
f 551/780/497 550/423/497 525/422/497 527/782/497
f 546/560/498 548/778/498 530/784/498 529/572/498
f 548/778/499 547/561/499 528/564/499 530/784/499
f 543/391/500 545/777/500 533/776/500 532/390/500
f 545/777/501 544/574/501 531/573/501 533/776/501
f 576/552/502 578/772/502 590/770/502 589/548/502
f 578/772/503 577/579/503 588/550/503 590/770/503
f 573/171/504 575/774/504 593/768/504 592/172/504
f 575/774/505 574/564/505 591/580/505 593/768/505
f 570/417/506 572/776/506 596/766/506 595/418/506
f 572/776/507 571/174/507 594/173/507 596/766/507
f 558/558/544 560/765/544 581/765/544 580/558/544
f 560/765/545 559/582/545 579/581/545 581/765/545
f 555/148/546 557/779/546 584/767/546 583/149/546
f 557/779/547 556/559/547 582/583/547 584/767/547
f 552/392/548 554/781/548 587/769/548 586/393/548
f 554/781/549 553/151/549 585/150/549 587/769/549
f 652/584/550 653/787/550 668/788/550 666/165/550
f 653/787/551 651/622/551 667/621/551 668/788/551
f 655/141/552 656/789/552 665/790/552 663/587/552
f 656/789/553 654/586/553 664/585/553 665/790/553
f 658/385/554 659/791/554 662/792/554 660/589/554
f 659/791/555 657/142/555 661/588/555 662/792/555
f 634/590/556 635/793/556 650/794/556 648/591/556
f 635/793/557 633/627/557 649/626/557 650/794/557
f 637/266/558 638/795/558 647/796/558 645/163/558
f 638/795/559 636/593/559 646/592/559 647/796/559
f 640/594/560 641/797/560 644/798/560 642/595/560
f 641/797/561 639/267/561 643/166/561 644/798/561
f 616/596/562 617/799/562 632/800/562 630/597/562
f 617/799/563 615/610/563 631/609/563 632/800/563
f 619/600/564 620/801/564 629/802/564 627/601/564
f 620/801/565 618/599/565 628/598/565 629/802/565
f 622/420/566 623/803/566 626/804/566 624/604/566
f 623/803/567 621/603/567 625/602/567 626/804/567
f 598/605/568 599/805/568 614/806/568 612/615/568
f 599/805/569 597/419/569 613/607/569 614/806/569
f 601/619/570 602/807/570 611/808/570 609/620/570
f 602/807/571 600/606/571 610/614/571 611/808/571
f 604/608/572 605/809/572 608/810/572 606/257/572
f 605/809/573 603/617/573 607/268/573 608/810/573
f 612/613/574 614/806/574 635/793/574 634/590/574
f 614/806/575 613/612/575 633/611/575 635/793/575
f 609/265/576 611/808/576 638/795/576 637/266/576
f 611/808/577 610/614/577 636/593/577 638/795/577
f 606/257/578 608/810/578 641/797/578 640/258/578
f 608/810/579 607/268/579 639/267/579 641/797/579
f 621/603/580 623/803/580 599/805/580 598/605/580
f 623/803/581 622/420/581 597/419/581 599/805/581
f 618/599/582 620/801/582 602/807/582 601/616/582
f 620/801/583 619/600/583 600/606/583 602/807/583
f 615/383/584 617/799/584 605/809/584 604/382/584
f 617/799/585 616/618/585 603/617/585 605/809/585
f 648/591/586 650/794/586 662/792/586 661/588/586
f 650/794/587 649/624/587 660/623/587 662/792/587
f 645/163/588 647/796/588 665/790/588 664/164/588
f 647/796/589 646/592/589 663/625/589 665/790/589
f 642/410/590 644/798/590 668/788/590 667/411/590
f 644/798/591 643/166/591 666/165/591 668/788/591
f 630/597/592 632/800/592 653/787/592 652/630/592
f 632/800/593 631/629/593 651/628/593 653/787/593
f 627/140/594 629/802/594 656/789/594 655/141/594
f 629/802/595 628/598/595 654/631/595 656/789/595
f 624/384/596 626/804/596 659/791/596 658/385/596
f 626/804/597 625/143/597 657/142/597 659/791/597
f 724/632/598 725/811/598 740/812/598 738/633/598
f 725/811/599 723/659/599 739/387/599 740/812/599
f 727/280/600 728/813/600 737/814/600 735/636/600
f 728/813/601 726/635/601 736/634/601 737/814/601
f 730/389/602 731/815/602 734/816/602 732/639/602
f 731/815/603 729/638/603 733/637/603 734/816/603
f 706/640/604 707/817/604 722/818/604 720/641/604
f 707/817/605 705/658/605 721/657/605 722/818/605
f 709/145/606 710/819/606 719/820/606 717/167/606
f 710/819/607 708/643/607 718/642/607 719/820/607
f 712/646/608 713/821/608 716/822/608 714/414/608
f 713/821/609 711/645/609 715/644/609 716/822/609
f 688/169/610 689/812/610 704/811/610 702/647/610
f 689/812/611 687/387/611 703/659/611 704/811/611
f 691/649/612 692/823/612 701/824/612 699/650/612
f 692/823/613 690/168/613 700/648/613 701/824/613
f 694/413/614 695/816/614 698/825/614 696/652/614
f 695/816/615 693/651/615 697/282/615 698/825/615
f 670/653/616 671/826/616 686/827/616 684/660/616
f 671/826/617 669/412/617 685/655/617 686/827/617
f 673/662/618 674/828/618 683/829/618 681/144/618
f 674/828/619 672/654/619 682/661/619 683/829/619
f 676/386/620 677/830/620 680/831/620 678/656/620
f 677/830/621 675/665/621 679/664/621 680/831/621
f 702/647/622 704/811/622 725/811/622 724/647/622
f 704/811/623 703/659/623 723/659/623 725/811/623
f 699/279/624 701/824/624 728/813/624 727/280/624
f 701/824/625 700/648/625 726/635/625 728/813/625
f 696/388/626 698/825/626 731/815/626 730/389/626
f 698/825/627 697/282/627 729/281/627 731/815/627
f 693/637/628 695/816/628 671/826/628 670/653/628
f 695/816/629 694/413/629 669/412/629 671/826/629
f 690/663/630 692/823/630 674/828/630 673/662/630
f 692/823/631 691/649/631 672/654/631 674/828/631
f 687/387/632 689/812/632 677/830/632 676/386/632
f 689/812/633 688/633/633 675/644/633 677/830/633
f 720/667/634 722/818/634 734/816/634 733/637/634
f 722/818/635 721/666/635 732/639/635 734/816/635
f 717/167/636 719/820/636 737/814/636 736/168/636
f 719/820/637 718/668/637 735/636/637 737/814/637
f 714/414/638 716/822/638 740/812/638 739/387/638
f 716/822/639 715/170/639 738/169/639 740/812/639
f 684/660/640 686/827/640 707/817/640 706/671/640
f 686/827/641 685/670/641 705/669/641 707/817/641
f 681/144/642 683/829/642 710/819/642 709/145/642
f 683/829/643 682/661/643 708/643/643 710/819/643
f 678/271/644 680/831/644 713/821/644 712/272/644
f 680/831/645 679/147/645 711/146/645 713/821/645
f 796/672/393 797/832/393 812/833/393 810/185/393
f 797/832/392 795/698/392 811/428/392 812/833/392
f 799/160/391 800/834/391 809/835/391 807/675/391
f 800/834/390 798/674/390 808/673/390 809/835/390
f 802/405/389 803/836/389 806/837/389 804/678/389
f 803/836/388 801/677/388 805/676/388 806/837/388
f 778/679/387 779/838/387 794/839/387 792/680/387
f 779/838/386 777/689/386 793/699/386 794/839/386
f 781/214/385 782/840/385 791/841/385 789/183/385
f 782/840/384 780/682/384 790/681/384 791/841/384
f 784/202/383 785/842/383 788/843/383 786/402/383
f 785/842/382 783/683/382 787/186/382 788/843/382
f 760/185/381 761/833/381 776/844/381 774/684/381
f 761/833/380 759/428/380 775/691/380 776/844/380
f 763/675/379 764/835/379 773/845/379 771/159/379
f 764/835/378 762/673/378 772/685/378 773/845/378
f 766/678/377 767/837/377 770/836/377 768/404/377
f 767/837/376 765/676/376 769/686/376 770/836/376
f 742/687/375 743/846/375 758/838/375 756/692/375
f 743/846/374 741/690/374 757/689/374 758/838/374
f 745/696/373 746/847/373 755/848/373 753/697/373
f 746/847/372 744/688/372 754/693/372 755/848/372
f 748/402/371 749/849/371 752/850/371 750/202/371
f 749/849/370 747/695/370 751/216/370 752/850/370
f 756/679/417 758/838/417 779/838/417 778/692/417
f 758/838/416 757/689/416 777/689/416 779/838/416
f 753/213/415 755/848/415 782/840/415 781/214/415
f 755/848/414 754/693/414 780/682/414 782/840/414
f 750/201/413 752/850/413 785/842/413 784/202/413
f 752/850/412 751/216/412 783/215/412 785/842/412
f 765/676/406 767/837/406 743/846/406 742/687/406
f 767/837/407 766/416/407 741/415/407 743/846/407
f 762/184/408 764/835/408 746/847/408 745/694/408
f 764/835/409 763/675/409 744/688/409 746/847/409
f 759/403/410 761/833/410 749/849/410 748/402/410
f 761/833/411 760/185/411 747/695/411 749/849/411
f 792/680/400 794/839/400 806/837/400 805/676/400
f 794/839/401 793/699/401 804/678/401 806/837/401
f 789/183/402 791/841/402 809/835/402 808/184/402
f 791/841/403 790/681/403 807/675/403 809/835/403
f 786/402/404 788/843/404 812/833/404 811/428/404
f 788/843/405 787/186/405 810/185/405 812/833/405
f 774/684/399 776/844/399 797/832/399 796/672/399
f 776/844/398 775/701/398 795/700/398 797/832/398
f 771/159/397 773/845/397 800/834/397 799/160/397
f 773/845/396 772/685/396 798/674/396 800/834/396
f 768/404/395 770/836/395 803/836/395 802/405/395
f 770/836/394 769/162/394 801/161/394 803/836/394
f 208/332/369 309/723/369 334/444/369 212/333/369
o Cube.004
v 0.970000 0.645293 -0.576701
v 1.000000 0.645293 -0.559400
v 0.970000 0.625222 -0.559400
v 0.991213 0.645293 -0.571634
v 0.987321 0.633705 -0.569389
v 0.991213 0.631100 -0.559400
v 0.970000 0.631100 -0.571634
v 0.970000 0.685434 -0.576701
v 0.970000 0.705505 -0.559400
v 1.000000 0.685434 -0.559400
v 0.970000 0.699627 -0.571634
v 0.987321 0.697022 -0.569389
v 0.991213 0.699627 -0.559400
v 0.991213 0.685434 -0.571634
v 1.000000 0.645293 -0.336782
v 0.970000 0.625222 -0.336782
v 0.991213 0.631100 -0.336782
v 0.970000 0.705505 -0.336782
v 1.000000 0.685434 -0.336782
v 0.991213 0.699627 -0.336782
v 1.000000 0.645293 -0.096862
v 0.970000 0.625222 -0.096862
v 0.991213 0.631100 -0.096862
v 0.970000 0.705505 -0.096862
v 1.000000 0.685434 -0.096862
v 0.991213 0.699627 -0.096862
v 1.000000 0.645293 0.143058
v 0.970000 0.625222 0.143058
v 0.991213 0.631100 0.143058
v 0.970000 0.705505 0.143058
v 1.000000 0.685434 0.143058
v 0.991213 0.699627 0.143058
v 1.000000 0.645293 0.382977
v 0.970000 0.625222 0.379536
v 0.991213 0.631100 0.381969
v 0.970000 0.705505 0.379536
v 1.000000 0.685434 0.382977
v 0.991213 0.699627 0.381969
v 0.913093 0.645293 0.503977
v 0.873896 0.645293 0.526582
v 0.878651 0.625222 0.506719
v 0.896857 0.645293 0.517218
v 0.894028 0.633704 0.515587
v 0.878651 0.631100 0.519961
v 0.901612 0.631100 0.506719
v 0.878651 0.705505 0.506719
v 0.873896 0.685434 0.526582
v 0.913093 0.685434 0.503977
v 0.878651 0.699627 0.519961
v 0.894028 0.697022 0.515587
v 0.896857 0.685434 0.517218
v 0.901612 0.699627 0.506719
v 0.664083 0.645293 0.576701
v 0.658115 0.625222 0.559400
v 0.662335 0.631100 0.571634
v 0.658115 0.705505 0.559400
v 0.664083 0.685434 0.576701
v 0.662335 0.699627 0.571634
v 0.398450 0.645293 0.576701
v 0.398450 0.625222 0.559400
v 0.398450 0.631100 0.571634
v 0.398450 0.705505 0.559400
v 0.398450 0.685434 0.576701
v 0.398450 0.699627 0.571634
v 0.132817 0.645293 0.576701
v 0.132817 0.625222 0.559400
v 0.132817 0.631100 0.571634
v 0.132817 0.705505 0.559400
v 0.132817 0.685434 0.576701
v 0.132817 0.699627 0.571634
v -0.132817 0.645293 0.576701
v -0.132817 0.625222 0.559400
v -0.132817 0.631100 0.571634
v -0.132817 0.705505 0.559400
v -0.132817 0.685434 0.576701
v -0.132817 0.699627 0.571634
v -0.398450 0.645293 0.576701
v -0.398450 0.625222 0.559400
v -0.398450 0.631100 0.571634
v -0.398450 0.705505 0.559400
v -0.398450 0.685434 0.576701
v -0.398450 0.699627 0.571634
v -0.664083 0.645293 0.576701
v -0.658115 0.625222 0.559400
v -0.662335 0.631100 0.571634
v -0.658115 0.705505 0.559400
v -0.664083 0.685434 0.576701
v -0.662335 0.699627 0.571634
v -0.873896 0.645293 0.526582
v -0.913093 0.645293 0.503977
v -0.878651 0.625222 0.506719
v -0.896857 0.645293 0.517218
v -0.894028 0.633704 0.515587
v -0.901612 0.631100 0.506719
v -0.878651 0.631100 0.519961
v -0.878651 0.705505 0.506719
v -0.913093 0.685434 0.503977
v -0.873896 0.685434 0.526582
v -0.901612 0.699627 0.506719
v -0.894028 0.697022 0.515587
v -0.896857 0.685434 0.517218
v -0.878651 0.699627 0.519961
v -1.000000 0.645293 0.382977
v -0.970000 0.625222 0.379536
v -0.991213 0.631100 0.381969
v -0.970000 0.705505 0.379536
v -1.000000 0.685434 0.382977
v -0.991213 0.699627 0.381969
v -1.000000 0.645293 0.143058
v -0.970000 0.625222 0.143058
v -0.991213 0.631100 0.143058
v -0.970000 0.705505 0.143058
v -1.000000 0.685434 0.143058
v -0.991213 0.699627 0.143058
v -1.000000 0.645293 -0.096862
v -0.970000 0.625222 -0.096862
v -0.991213 0.631100 -0.096862
v -0.970000 0.705505 -0.096862
v -1.000000 0.685434 -0.096862
v -0.991213 0.699627 -0.096862
v -0.970000 0.625222 -0.336782
v -1.000000 0.645293 -0.336782
v -0.991213 0.631100 -0.336782
v -0.970000 0.705505 -0.336782
v -1.000000 0.685434 -0.336782
v -0.991213 0.699627 -0.336782
v -0.970000 0.625222 -0.559400
v -1.000000 0.645293 -0.559400
v -0.970000 0.645293 -0.576701
v -0.991213 0.631100 -0.559400
v -0.987321 0.633705 -0.569389
v -0.991213 0.645293 -0.571634
v -0.970000 0.631100 -0.571634
v -0.970000 0.705505 -0.559400
v -0.970000 0.685434 -0.576701
v -1.000000 0.685434 -0.559400
v -0.970000 0.699627 -0.571634
v -0.987321 0.697022 -0.569389
v -0.991213 0.685434 -0.571634
v -0.991213 0.699627 -0.559400
v 0.924528 0.645293 -0.576701
v 0.924499 0.625222 -0.559400
v 0.894528 0.645293 -0.559400
v 0.924514 0.631100 -0.571634
v 0.907201 0.633704 -0.569389
v 0.903307 0.631100 -0.559400
v 0.903315 0.645293 -0.571634
v 0.924528 0.685434 -0.576701
v 0.894528 0.685434 -0.559400
v 0.924499 0.705505 -0.559400
v 0.903321 0.685434 -0.571634
v 0.907202 0.697022 -0.569389
v 0.903300 0.699627 -0.559400
v 0.924514 0.699627 -0.571634
v 0.924498 0.625222 -0.336782
v 0.894528 0.645293 -0.336782
v 0.903306 0.631100 -0.336782
v 0.894528 0.685434 -0.336782
v 0.924498 0.705505 -0.336782
v 0.903306 0.699627 -0.336782
v 0.924494 0.625222 -0.096862
v 0.894528 0.645293 -0.096862
v 0.903305 0.631100 -0.096862
v 0.894528 0.685434 -0.096862
v 0.924494 0.705505 -0.096862
v 0.903305 0.699627 -0.096862
v 0.924488 0.625222 0.143058
v 0.894528 0.645293 0.143058
v 0.903303 0.631100 0.143058
v 0.894528 0.685434 0.143058
v 0.924488 0.705505 0.143058
v 0.903303 0.699627 0.143058
v 0.926535 0.625222 0.374550
v 0.896555 0.645293 0.371111
v 0.905336 0.631100 0.372118
v 0.896555 0.685434 0.371111
v 0.926535 0.705505 0.374550
v 0.905336 0.699627 0.372118
v 0.850410 0.625222 0.490433
v 0.798978 0.645293 0.483079
v 0.837660 0.645293 0.460771
v 0.822440 0.631101 0.483398
v 0.827618 0.633704 0.477288
v 0.821928 0.645293 0.474007
v 0.838212 0.631101 0.474302
v 0.837660 0.685434 0.460771
v 0.798978 0.685434 0.483079
v 0.850410 0.705505 0.490433
v 0.821928 0.685434 0.474007
v 0.827618 0.697022 0.477288
v 0.822440 0.699625 0.483398
v 0.838212 0.699625 0.474302
v 0.649470 0.625222 0.534334
v 0.643506 0.645293 0.517044
v 0.645253 0.631100 0.522108
v 0.643506 0.685434 0.517044
v 0.649470 0.705505 0.534334
v 0.645253 0.699627 0.522108
v 0.398450 0.625222 0.533142
v 0.398450 0.645293 0.515876
v 0.398450 0.631100 0.520933
v 0.398450 0.685434 0.515876
v 0.398450 0.705505 0.533142
v 0.398450 0.699627 0.520933
v 0.132817 0.625222 0.533145
v 0.132817 0.645293 0.515876
v 0.132817 0.631100 0.520934
v 0.132817 0.685434 0.515876
v 0.132817 0.705505 0.533145
v 0.132817 0.699627 0.520934
v -0.132817 0.625222 0.533145
v -0.132817 0.645293 0.515876
v -0.132817 0.631100 0.520934
v -0.132817 0.685434 0.515876
v -0.132817 0.705505 0.533145
v -0.132817 0.699627 0.520934
v -0.398450 0.625222 0.533142
v -0.398450 0.645293 0.515876
v -0.398450 0.631100 0.520933
v -0.398450 0.685434 0.515876
v -0.398450 0.705505 0.533142
v -0.398450 0.699627 0.520933
v -0.649470 0.625222 0.534334
v -0.643506 0.645293 0.517044
v -0.645253 0.631100 0.522108
v -0.643506 0.685434 0.517044
v -0.649470 0.705505 0.534334
v -0.645253 0.699627 0.522108
v -0.850410 0.625222 0.490433
v -0.837660 0.645293 0.460771
v -0.798978 0.645293 0.483079
v -0.838212 0.631101 0.474302
v -0.827618 0.633704 0.477288
v -0.821928 0.645293 0.474007
v -0.822440 0.631101 0.483398
v -0.798978 0.685434 0.483079
v -0.837660 0.685434 0.460771
v -0.850410 0.705505 0.490433
v -0.821928 0.685434 0.474007
v -0.827618 0.697022 0.477288
v -0.838212 0.699625 0.474302
v -0.822440 0.699625 0.483398
v -0.926535 0.625222 0.374550
v -0.896555 0.645293 0.371111
v -0.905336 0.631100 0.372118
v -0.896555 0.685434 0.371111
v -0.926535 0.705505 0.374550
v -0.905336 0.699627 0.372118
v -0.924488 0.625222 0.143058
v -0.894528 0.645293 0.143058
v -0.903303 0.631100 0.143058
v -0.894528 0.685434 0.143058
v -0.924488 0.705505 0.143058
v -0.903303 0.699627 0.143058
v -0.924494 0.625222 -0.096862
v -0.894528 0.645293 -0.096862
v -0.903305 0.631100 -0.096862
v -0.894528 0.685434 -0.096862
v -0.924494 0.705505 -0.096862
v -0.903305 0.699627 -0.096862
v -0.894528 0.685434 -0.336782
v -0.924498 0.705505 -0.336782
v -0.903306 0.699627 -0.336782
v -0.924499 0.705505 -0.559400
v -0.894528 0.685434 -0.559400
v -0.924528 0.685434 -0.576701
v -0.903307 0.699627 -0.559400
v -0.907201 0.697022 -0.569389
v -0.903315 0.685434 -0.571634
v -0.924514 0.699627 -0.571634
v -0.894528 0.645293 -0.336782
v -0.924498 0.625222 -0.336782
v -0.903306 0.631100 -0.336782
v -0.924499 0.625222 -0.559400
v -0.924528 0.645293 -0.576701
v -0.894528 0.645293 -0.559400
v -0.924514 0.631100 -0.571634
v -0.907202 0.633705 -0.569389
v -0.903321 0.645293 -0.571634
v -0.903300 0.631100 -0.559400
vn -0.0000 -1.0000 -0.0000
vn -0.0000 1.0000 -0.0000
vn -1.0000 -0.0000 -0.0000
vn -1.0000 -0.0000 0.0089
vn -0.8358 -0.0000 -0.5490
vn -0.2134 -0.0000 -0.9770
vn 0.0048 -0.0000 -1.0000
vn -0.0000 -0.0000 -1.0000
vn -0.0048 -0.0000 -1.0000
vn 0.2134 -0.0000 -0.9770
vn 0.8358 -0.0000 -0.5490
vn 1.0000 -0.0000 0.0089
vn 1.0000 -0.0000 -0.0000
vn -0.0000 -0.0000 1.0000
vn 0.8122 -0.0000 0.5834
vn -0.2323 -0.0000 0.9726
vn 0.2323 -0.0000 0.9726
vn -0.8122 -0.0000 0.5834
vn 0.1973 -0.2950 -0.9349
vn 0.7665 -0.4193 -0.4865
vn 0.2199 -0.8979 -0.3813
vn 0.1973 0.2950 -0.9349
vn 0.2199 0.8979 -0.3813
vn 0.7665 0.4193 -0.4865
vn 0.6264 -0.3170 0.7122
vn 0.3412 -0.2633 0.9023
vn 0.2415 -0.8754 0.4187
vn 0.2415 0.8754 0.4187
vn 0.3412 0.2633 0.9023
vn 0.6264 0.3170 0.7122
vn -0.3412 -0.2633 0.9023
vn -0.6264 -0.3170 0.7122
vn -0.2415 -0.8754 0.4187
vn -0.2415 0.8754 0.4187
vn -0.6264 0.3170 0.7122
vn -0.3412 0.2633 0.9023
vn -0.2199 -0.8979 -0.3813
vn -0.7665 -0.4193 -0.4865
vn -0.1973 -0.2950 -0.9349
vn -0.2199 0.8979 -0.3813
vn -0.1973 0.2950 -0.9349
vn -0.7665 0.4193 -0.4865
vn -0.1974 -0.2948 -0.9349
vn -0.2200 -0.8978 -0.3814
vn -0.7666 -0.4190 -0.4866
vn -0.1974 0.2948 -0.9349
vn -0.7666 0.4186 -0.4869
vn -0.2200 0.8978 -0.3815
vn -0.1744 -0.9371 -0.3024
vn -0.3670 -0.5225 -0.7696
vn -0.4745 -0.5586 -0.6803
vn -0.4745 0.5586 -0.6803
vn -0.3670 0.5225 -0.7696
vn -0.1744 0.9371 -0.3024
vn 0.1744 -0.9371 -0.3024
vn 0.4745 -0.5586 -0.6803
vn 0.3670 -0.5225 -0.7696
vn 0.3670 0.5225 -0.7696
vn 0.4745 0.5586 -0.6803
vn 0.1744 0.9371 -0.3024
vn 0.2200 0.8978 -0.3814
vn 0.7666 0.4190 -0.4866
vn 0.1974 0.2948 -0.9349
vn 0.2200 -0.8978 -0.3815
vn 0.1974 -0.2948 -0.9349
vn 0.7666 -0.4186 -0.4869
vn 0.2323 -0.0000 -0.9726
vn 0.8122 -0.0000 -0.5834
vn 0.8502 -0.5264 -0.0000
vn 0.2671 -0.9637 -0.0000
vn 0.2671 0.9637 -0.0000
vn 0.8502 0.5264 -0.0000
vn 0.7134 -0.4781 0.5124
vn 0.2442 -0.9537 0.1754
vn 0.2442 0.9537 0.1754
vn 0.7134 0.4781 0.5124
vn 0.2175 -0.3519 0.9104
vn 0.0965 -0.9097 0.4039
vn 0.0965 0.9097 0.4039
vn 0.2175 0.3519 0.9104
vn -0.0000 -0.3363 0.9418
vn -0.0000 -0.9013 0.4331
vn -0.0000 0.9013 0.4331
vn -0.0000 0.3363 0.9418
vn -0.2175 -0.3519 0.9104
vn -0.0965 -0.9097 0.4039
vn -0.0965 0.9097 0.4039
vn -0.2175 0.3519 0.9104
vn -0.7134 -0.4781 0.5124
vn -0.2442 -0.9537 0.1754
vn -0.2442 0.9537 0.1754
vn -0.7134 0.4781 0.5124
vn -0.8502 -0.5264 -0.0000
vn -0.2671 -0.9637 -0.0000
vn -0.2671 0.9637 -0.0000
vn -0.8502 0.5264 -0.0000
vn 0.6320 -0.0000 0.7749
vn 0.3776 -0.0000 0.9260
vn -0.3776 -0.0000 0.9260
vn -0.6320 -0.0000 0.7749
vn -0.8122 -0.0000 -0.5834
vn -0.2323 -0.0000 -0.9726
vn -0.8121 0.0001 -0.5835
vn -0.2324 -0.0000 -0.9726
vn -0.2673 -0.9636 -0.0000
vn -0.8505 -0.5260 -0.0000
vn -0.8505 0.5259 -0.0000
vn -0.2673 0.9636 -0.0000
vn -0.8505 0.5260 -0.0000
vn -0.2674 -0.9636 -0.0000
vn -0.8505 -0.5259 -0.0000
vn -0.2674 0.9636 -0.0000
vn -0.2674 -0.9636 0.0024
vn -0.8506 -0.5258 0.0076
vn -0.8506 0.5258 0.0076
vn -0.2674 0.9636 0.0024
vn -0.2464 -0.9555 -0.1619
vn -0.7305 -0.4860 -0.4798
vn -0.7305 0.4860 -0.4798
vn -0.2464 0.9555 -0.1619
vn -0.0888 -0.9093 -0.4066
vn -0.1999 -0.3510 -0.9148
vn -0.1999 0.3510 -0.9148
vn -0.0888 0.9093 -0.4066
vn 0.0021 -0.9010 -0.4339
vn 0.0045 -0.3356 -0.9420
vn 0.0045 0.3356 -0.9420
vn 0.0021 0.9010 -0.4339
vn -0.0000 -0.9010 -0.4338
vn -0.0000 -0.3357 -0.9420
vn -0.0000 0.3357 -0.9420
vn -0.0000 0.9010 -0.4338
vn -0.0021 -0.9010 -0.4339
vn -0.0045 -0.3356 -0.9420
vn -0.0045 0.3356 -0.9420
vn -0.0021 0.9010 -0.4339
vn 0.0888 -0.9093 -0.4066
vn 0.1999 -0.3510 -0.9148
vn 0.1999 0.3510 -0.9148
vn 0.0888 0.9093 -0.4066
vn 0.2464 -0.9555 -0.1619
vn 0.7305 -0.4860 -0.4798
vn 0.7305 0.4860 -0.4798
vn 0.2464 0.9555 -0.1619
vn 0.2674 -0.9636 0.0024
vn 0.8506 -0.5258 0.0076
vn 0.8506 0.5258 0.0076
vn 0.2674 0.9636 0.0024
vn 0.2674 -0.9636 -0.0000
vn 0.8505 -0.5259 -0.0000
vn 0.8505 0.5259 -0.0000
vn 0.2674 0.9636 -0.0000
vn 0.8505 0.5260 -0.0000
vn 0.2673 0.9636 -0.0000
vn -0.3676 -0.0000 -0.9300
vn -0.6438 -0.0000 -0.7652
vn 0.2673 -0.9636 -0.0000
vn 0.8506 -0.5259 -0.0000
vn 0.6438 -0.0000 -0.7652
vn 0.3676 -0.0000 -0.9300
vn 0.2324 -0.0000 -0.9726
vn 0.8121 -0.0001 -0.5835
vn 0.8505 -0.5260 -0.0000
vn -0.0000 -0.9013 -0.4331
vn -0.0000 -0.3363 -0.9418
vn -0.0000 0.9013 -0.4331
vn -0.0000 0.3363 -0.9418
vt 0.058824 0.000000
vt 0.058824 0.000000
vt 0.004242 0.000000
vt 0.004242 0.000000
vt 0.058824 1.000000
vt 0.058824 1.000000
vt 0.117647 1.000000
vt 0.117647 1.000000
vt 0.176471 1.000000
vt 0.235294 1.000000
vt 0.235294 1.000000
vt 0.235294 1.000000
vt 0.294118 1.000000
vt 0.352941 1.000000
vt 0.352941 1.000000
vt 0.411765 1.000000
vt 0.411765 1.000000
vt 0.470588 1.000000
vt 0.470588 1.000000
vt 0.529412 1.000000
vt 0.588235 1.000000
vt 0.588235 1.000000
vt 0.647059 1.000000
vt 0.705882 1.000000
vt 0.764706 1.000000
vt 0.823529 1.000000
vt 0.823529 1.000000
vt 0.882353 1.000000
vt 0.941176 0.000000
vt 0.941176 0.000000
vt 0.882353 0.000000
vt 0.995758 0.000000
vt 0.995758 0.000000
vt 0.058824 0.750000
vt 0.058824 0.250000
vt 0.117647 0.250000
vt 0.117647 0.750000
vt 0.117647 0.250000
vt 0.176471 0.250000
vt 0.176471 0.750000
vt 0.176471 0.250000
vt 0.235294 0.250000
vt 0.235294 0.750000
vt 0.235294 0.750000
vt 0.235294 0.250000
vt 0.285126 0.250000
vt 0.285126 0.750000
vt 0.303110 0.750000
vt 0.303110 0.250000
vt 0.352941 0.250000
vt 0.352941 0.750000
vt 0.352941 0.750000
vt 0.352941 0.250000
vt 0.411765 0.250000
vt 0.411765 0.750000
vt 0.411765 0.750000
vt 0.411765 0.250000
vt 0.470588 0.250000
vt 0.470588 0.750000
vt 0.470588 0.750000
vt 0.470588 0.250000
vt 0.529412 0.250000
vt 0.529412 0.750000
vt 0.529412 0.750000
vt 0.529412 0.250000
vt 0.588235 0.250000
vt 0.588235 0.750000
vt 0.588235 0.750000
vt 0.588235 0.250000
vt 0.647059 0.250000
vt 0.647059 0.750000
vt 0.647059 0.750000
vt 0.647059 0.250000
vt 0.696890 0.250000
vt 0.696890 0.750000
vt 0.714874 0.750000
vt 0.714874 0.250000
vt 0.764706 0.250000
vt 0.764706 0.750000
vt 0.764706 0.750000
vt 0.764706 0.250000
vt 0.823529 0.250000
vt 0.823529 0.750000
vt 0.823529 0.250000
vt 0.882353 0.250000
vt 0.882353 0.750000
vt 0.882353 0.250000
vt 0.941176 0.250000
vt 0.941176 0.750000
vt 0.941177 0.750000
vt 0.941177 0.250000
vt 0.995758 0.250000
vt 0.995758 0.750000
vt 0.004242 1.000000
vt 0.004242 1.000000
vt 0.823529 0.000000
vt 0.823529 0.000000
vt 0.411765 0.750000
vt 0.411765 0.250000
vt 0.117647 0.000000
vt 0.529412 0.000000
vt 0.470588 0.000000
vt 0.470588 0.000000
vt 0.004242 0.750000
vt 0.004242 0.250000
vt 0.058824 0.250000
vt 0.941176 0.250000
vt 0.176471 0.000000
vt 0.117647 0.000000
vt 0.588235 0.000000
vt 0.941176 0.750000
vt 0.995758 0.750000
vt 0.588235 0.750000
vt 0.588235 0.250000
vt 0.235294 0.000000
vt 0.235294 0.000000
vt 0.647059 0.000000
vt 0.588235 0.000000
vt 1.000000 0.750000
vt 1.000000 0.250000
vt 1.000000 0.250000
vt 0.941176 1.000000
vt 0.294118 0.000000
vt 0.235294 0.000000
vt 0.705882 0.000000
vt 0.287254 0.750000
vt 0.287254 0.250000
vt 0.647059 0.750000
vt 0.699018 0.750000
vt 0.699018 0.250000
vt 0.647059 0.250000
vt 0.352941 0.000000
vt 0.352941 0.000000
vt 0.764706 0.000000
vt 0.300982 0.750000
vt 0.352941 0.750000
vt 0.352941 0.250000
vt 0.300982 0.250000
vt 0.941176 1.000000
vt 0.995758 1.000000
vt 0.712746 0.750000
vt 0.712746 0.250000
vt 0.411765 0.000000
vt 0.764706 0.750000
vt 0.823529 0.750000
vt 0.823529 0.250000
vt 0.764706 0.250000
vt 0.411765 0.000000
vt 0.000000 0.250000
vt 0.000000 0.249999
vt 0.000598 0.035220
vt 0.000000 0.000000
vt 0.004242 0.000000
vt 0.004242 0.000000
vt 0.000000 0.750000
vt 0.000000 1.000000
vt 0.000598 0.964779
vt 0.004242 1.000000
vt 0.004242 1.000000
vt 0.294118 0.250000
vt 0.294118 0.035220
vt 0.289264 0.000000
vt 0.298971 0.000000
vt 0.294118 0.250000
vt 0.299628 0.000000
vt 0.298971 1.000000
vt 0.294118 0.964780
vt 0.288608 1.000000
vt 0.294118 0.750000
vt 0.298971 1.000000
vt 0.289264 1.000000
vt 0.705882 0.250000
vt 0.705882 0.035220
vt 0.701029 0.000000
vt 0.710736 0.000000
vt 0.705882 0.250000
vt 0.711392 0.000000
vt 0.710736 1.000000
vt 0.705882 0.964780
vt 0.700372 1.000000
vt 0.705882 0.750000
vt 0.701029 1.000000
vt 0.999402 0.035220
vt 1.000000 0.000000
vt 1.000000 0.249999
vt 1.000000 0.249999
vt 1.000000 1.000000
vt 0.999402 0.964779
vt 0.995758 1.000000
vt 1.000000 0.750000
vt 0.000598 0.035220
vt 0.004242 0.000000
vt 0.000000 0.250000
vt 0.296592 0.000000
vt 0.292382 0.000000
vt 0.291643 0.000000
vt 0.294118 0.964780
vt 0.291643 1.000000
vt 0.296592 1.000000
vt 0.295854 1.000000
vt 0.708357 0.000000
vt 0.704146 0.000000
vt 0.708357 0.000000
vt 0.703408 0.000000
vt 0.705882 0.964780
vt 0.703408 1.000000
vt 0.708357 1.000000
vt 0.707618 1.000000
vt 0.999402 0.964780
vt 0.999402 0.035220
vt 1.000000 0.249999
vt 0.004242 0.000000
vt 0.004242 1.000000
vt 0.235370 0.000000
vt 0.235370 1.000000
vt 0.352935 0.000000
vt 0.352935 1.000000
vt 0.647065 0.000000
vt 0.647065 1.000000
vt 0.701029 1.000000
vt 0.764629 0.000000
vt 0.764629 1.000000
vt 1.000000 0.750000
vt 1.000000 0.249999
vt 0.004242 0.000000
vt 0.176474 0.000000
vt 0.176474 1.000000
vt 0.411756 0.000000
vt 0.411756 1.000000
vt 0.588244 0.000000
vt 0.588244 1.000000
vt 0.823526 0.000000
vt 0.823526 1.000000
vt 1.000000 0.249999
s 0
f 828/851/646 967/852/646 954/853/646 815/854/646
f 830/855/647 971/856/647 977/857/647 836/858/647
f 836/858/647 977/858/647 983/859/647 842/859/647
f 842/859/647 983/859/647 989/860/647 848/861/647
f 848/861/647 989/862/647 1000/863/647 858/863/647
f 858/863/647 1000/863/647 1009/864/647 868/864/647
f 868/865/647 1009/864/647 1015/866/647 874/867/647
f 874/867/647 1015/867/647 1021/868/647 880/869/647
f 880/869/647 1021/868/647 1027/870/647 886/870/647
f 886/870/647 1027/870/647 1033/871/647 892/872/647
f 892/872/647 1033/872/647 1039/873/647 898/873/647
f 898/873/647 1039/873/647 1050/874/647 908/874/647
f 908/874/647 1050/874/647 1059/875/647 918/875/647
f 918/875/647 1059/875/647 1065/876/647 924/877/647
f 924/877/647 1065/877/647 1071/878/647 930/878/647
f 933/879/646 1084/880/646 1067/881/646 928/881/646
f 939/882/646 1086/883/646 1084/879/646 933/879/646
f 970/884/648 968/885/648 974/886/648 976/887/648
f 976/887/648 974/888/648 980/889/648 982/890/648
f 982/890/649 980/891/649 986/892/649 988/893/649
f 988/894/650 986/895/650 993/896/650 998/897/650
f 999/898/651 992/899/651 1006/900/651 1008/901/651
f 1008/902/652 1006/903/652 1012/904/652 1014/905/652
f 1014/906/653 1012/907/653 1018/908/653 1020/909/653
f 1020/910/653 1018/911/653 1024/912/653 1026/913/653
f 1026/914/653 1024/915/653 1030/916/653 1032/917/653
f 1032/918/654 1030/919/654 1036/920/654 1038/921/654
f 1038/922/655 1036/923/655 1043/924/655 1048/925/655
f 1049/926/656 1042/927/656 1056/928/656 1058/929/656
f 1058/930/657 1056/931/657 1062/932/657 1064/933/657
f 1064/933/658 1062/934/658 1068/935/658 1070/936/658
f 1070/936/658 1068/937/658 1083/938/658 1073/939/658
f 1073/940/658 1083/941/658 1088/942/658 1077/943/658
f 821/944/647 962/945/647 971/855/647 830/855/647
f 928/881/646 1067/881/646 1061/946/646 922/947/646
f 875/948/659 881/910/659 877/911/659 871/949/659
f 834/950/646 973/950/646 967/851/646 828/851/646
f 925/933/648 931/936/648 927/937/648 921/932/648
f 884/951/646 1023/951/646 1017/952/646 878/953/646
f 961/954/648 955/955/648 968/956/648 970/884/648
f 831/884/658 837/887/658 833/888/658 827/956/658
f 931/936/648 937/939/648 934/957/648 927/935/648
f 881/909/659 887/914/659 883/915/659 877/908/659
f 840/958/646 979/958/646 973/959/646 834/950/646
f 890/960/646 1029/960/646 1023/951/646 884/951/646
f 837/887/658 843/890/658 839/891/658 833/886/658
f 937/961/648 948/962/648 940/942/648 934/941/648
f 887/913/659 893/963/659 889/964/659 883/912/659
f 846/965/646 985/966/646 979/958/646 840/958/646
f 896/967/646 1035/967/646 1029/968/646 890/960/646
f 843/890/658 849/894/658 845/895/658 839/889/658
f 947/969/653 1078/969/653 1087/970/653 941/971/653
f 893/917/659 899/922/659 895/923/659 889/916/659
f 930/878/647 1071/878/647 1074/972/647 936/972/647
f 853/973/646 991/973/646 985/974/646 846/965/646
f 903/975/646 1041/975/646 1035/967/646 896/967/646
f 849/893/660 860/976/660 851/977/660 845/892/660
f 899/978/661 910/979/661 901/980/661 895/981/661
f 866/982/646 1005/983/646 991/973/646 853/973/646
f 916/984/646 1055/984/646 1041/975/646 903/975/646
f 859/985/662 869/986/662 865/987/662 852/988/662
f 936/972/647 1074/989/647 1076/990/647 946/990/647
f 909/991/663 919/930/663 915/931/663 902/992/663
f 872/993/646 1011/993/646 1005/983/646 866/983/646
f 922/947/646 1061/947/646 1055/984/646 916/984/646
f 869/901/659 875/906/659 871/907/659 865/900/659
f 822/954/658 831/884/658 827/885/658 814/955/658
f 919/994/648 925/995/648 921/996/648 915/997/648
f 878/953/646 1017/952/646 1011/998/646 872/993/646
f 813/999/664 816/1000/664 817/1001/664 819/1002/664
f 814/955/665 818/1003/665 817/1001/665 816/1000/665
f 815/854/666 819/1002/666 817/1001/666 818/1004/666
f 820/1005/667 823/1006/667 824/1007/667 826/1005/667
f 821/944/668 825/1008/668 824/1007/668 823/1006/668
f 822/954/669 826/1005/669 824/1007/669 825/1009/669
f 851/977/670 854/1010/670 855/1011/670 857/1012/670
f 852/988/671 856/1013/671 855/1011/671 854/1014/671
f 853/973/672 857/1012/672 855/1011/672 856/1015/672
f 858/863/673 861/1016/673 862/1017/673 864/1018/673
f 859/985/674 863/1019/674 862/1017/674 861/1020/674
f 860/976/675 864/1021/675 862/1017/675 863/1019/675
f 901/980/676 904/1022/676 905/1023/676 907/1024/676
f 902/992/677 906/1025/677 905/1023/677 904/1026/677
f 903/975/678 907/1024/678 905/1023/678 906/1027/678
f 908/874/679 911/1028/679 912/1029/679 914/1030/679
f 909/991/680 913/1031/680 912/1029/680 911/1028/680
f 910/979/681 914/1032/681 912/1029/681 913/1031/681
f 939/882/682 942/883/682 943/1033/682 945/1034/682
f 940/942/683 944/1035/683 943/1033/683 942/882/683
f 941/971/684 945/1034/684 943/1033/684 944/1036/684
f 946/990/685 949/1037/685 950/1038/685 952/990/685
f 947/969/686 951/969/686 950/1038/686 949/1037/686
f 948/962/687 952/1039/687 950/1038/687 951/1040/687
f 953/999/688 956/1002/688 957/1041/688 959/999/688
f 954/853/689 958/1042/689 957/1041/689 956/1002/689
f 955/955/690 959/1043/690 957/1041/690 958/854/690
f 960/1005/691 963/1005/691 964/1007/691 966/1006/691
f 961/954/692 965/1008/692 964/1007/692 963/1005/692
f 962/945/693 966/1006/693 964/1007/693 965/1009/693
f 991/973/694 994/1044/694 995/1011/694 997/1045/694
f 992/899/695 996/1010/695 995/1011/695 994/1044/695
f 993/896/696 997/1046/696 995/1011/696 996/1014/696
f 998/897/697 1001/1019/697 1002/1047/697 1004/1048/697
f 999/898/698 1003/1049/698 1002/1047/698 1001/1019/698
f 1000/863/699 1004/1048/699 1002/1047/699 1003/1050/699
f 1041/975/700 1044/1051/700 1045/1023/700 1047/1052/700
f 1042/927/701 1046/1022/701 1045/1023/701 1044/1053/701
f 1043/924/702 1047/1054/702 1045/1023/702 1046/1026/702
f 1048/925/703 1051/1031/703 1052/1055/703 1054/1056/703
f 1049/926/704 1053/1057/704 1052/1055/704 1051/1031/704
f 1050/874/705 1054/1056/705 1052/1055/705 1053/1058/705
f 1076/990/706 1079/1039/706 1080/1059/706 1082/1037/706
f 1077/943/707 1081/1040/707 1080/1059/707 1079/990/707
f 1078/969/708 1082/1037/708 1080/1059/708 1081/969/708
f 1086/883/709 1089/1034/709 1090/1060/709 1092/882/709
f 1087/970/710 1091/1036/710 1090/1060/710 1089/1034/710
f 1088/942/711 1092/883/711 1090/1060/711 1091/1061/711
f 813/999/712 820/1005/712 826/1005/712 816/1000/712
f 816/1000/713 826/1005/713 822/954/713 814/955/713
f 814/955/714 827/885/714 829/851/714 818/1062/714
f 818/1062/715 829/851/715 828/851/715 815/854/715
f 821/944/716 830/855/716 832/855/716 825/1063/716
f 825/1063/717 832/855/717 831/884/717 822/954/717
f 827/956/714 833/888/714 835/950/714 829/851/714
f 829/851/715 835/950/715 834/950/715 828/851/715
f 830/855/716 836/858/716 838/858/716 832/855/716
f 832/855/717 838/858/717 837/887/717 831/884/717
f 833/886/714 839/891/714 841/958/714 835/950/714
f 835/950/715 841/958/715 840/958/715 834/950/715
f 836/858/716 842/859/716 844/859/716 838/858/716
f 838/858/717 844/859/717 843/890/717 837/887/717
f 839/889/714 845/895/714 847/1064/714 841/958/714
f 841/958/715 847/1064/715 846/965/715 840/958/715
f 842/859/716 848/861/716 850/1065/716 844/859/716
f 844/859/717 850/1065/717 849/894/717 843/890/717
f 845/892/718 851/977/718 857/1012/718 847/1064/718
f 847/1064/719 857/1012/719 853/973/719 846/965/719
f 848/861/720 858/863/720 864/1021/720 850/1065/720
f 850/1065/721 864/1021/721 860/976/721 849/893/721
f 852/988/722 865/987/722 867/1066/722 856/1013/722
f 856/1013/723 867/1066/723 866/982/723 853/973/723
f 858/863/724 868/864/724 870/1067/724 861/1020/724
f 861/1020/725 870/1067/725 869/986/725 859/985/725
f 865/900/726 871/907/726 873/993/726 867/1066/726
f 867/1066/727 873/993/727 872/993/727 866/983/727
f 868/865/728 874/867/728 876/867/728 870/1067/728
f 870/1067/729 876/867/729 875/906/729 869/901/729
f 871/949/726 877/911/726 879/953/726 873/993/726
f 873/993/727 879/953/727 878/953/727 872/993/727
f 874/867/728 880/869/728 882/869/728 876/867/728
f 876/867/729 882/869/729 881/910/729 875/948/729
f 877/908/726 883/915/726 885/951/726 879/953/726
f 879/953/727 885/951/727 884/951/727 878/953/727
f 880/869/728 886/870/728 888/870/728 882/869/728
f 882/869/729 888/870/729 887/914/729 881/909/729
f 883/912/726 889/964/726 891/960/726 885/951/726
f 885/951/727 891/960/727 890/960/727 884/951/727
f 886/870/728 892/872/728 894/872/728 888/870/728
f 888/870/729 894/872/729 893/963/729 887/913/729
f 889/916/726 895/923/726 897/1068/726 891/960/726
f 891/960/727 897/1068/727 896/967/727 890/960/727
f 892/872/728 898/873/728 900/1069/728 894/872/728
f 894/872/729 900/1069/729 899/922/729 893/917/729
f 895/981/730 901/980/730 907/1024/730 897/1068/730
f 897/1068/731 907/1024/731 903/975/731 896/967/731
f 898/873/732 908/874/732 914/1070/732 900/1069/732
f 900/1069/733 914/1070/733 910/979/733 899/978/733
f 902/992/734 915/931/734 917/1071/734 906/1025/734
f 906/1025/735 917/1071/735 916/984/735 903/975/735
f 908/874/736 918/875/736 920/1072/736 911/1028/736
f 911/1028/737 920/1072/737 919/930/737 909/991/737
f 915/997/738 921/996/738 923/947/738 917/1071/738
f 917/1071/739 923/947/739 922/947/739 916/984/739
f 918/875/740 924/877/740 926/877/740 920/1072/740
f 920/1072/741 926/877/741 925/995/741 919/994/741
f 921/932/738 927/937/738 929/881/738 923/947/738
f 923/947/739 929/881/739 928/881/739 922/947/739
f 924/877/740 930/878/740 932/878/740 926/877/740
f 926/877/741 932/878/741 931/936/741 925/933/741
f 930/878/740 936/972/740 938/972/740 932/878/740
f 932/878/741 938/972/741 937/939/741 931/936/741
f 936/972/740 946/990/740 952/990/740 938/972/740
f 938/972/741 952/990/741 948/962/741 937/961/741
f 851/977/742 860/976/742 863/1019/742 854/1010/742
f 854/1010/743 863/1019/743 859/985/743 852/988/743
f 934/941/738 940/942/738 942/882/738 935/879/738
f 935/879/739 942/882/739 939/882/739 933/879/739
f 901/980/744 910/979/744 913/1031/744 904/1022/744
f 904/1022/745 913/1031/745 909/991/745 902/992/745
f 940/942/746 948/962/746 951/1073/746 944/1074/746
f 944/1074/747 951/1073/747 947/969/747 941/971/747
f 927/935/738 934/957/738 935/879/738 929/881/738
f 929/881/739 935/879/739 933/879/739 928/881/739
f 955/955/748 961/954/748 963/1005/748 959/1043/748
f 959/1043/749 963/1005/749 960/1005/749 953/999/749
f 954/853/750 967/852/750 969/851/750 958/1075/750
f 958/1075/751 969/851/751 968/956/751 955/955/751
f 961/954/752 970/884/752 972/855/752 965/1063/752
f 965/1063/753 972/855/753 971/855/753 962/945/753
f 967/851/750 973/950/750 975/950/750 969/851/750
f 969/851/751 975/950/751 974/886/751 968/885/751
f 970/884/754 976/887/754 978/858/754 972/855/754
f 972/855/753 978/858/753 977/857/753 971/856/753
f 973/959/755 979/958/755 981/1076/755 975/950/755
f 975/950/756 981/1076/756 980/889/756 974/888/756
f 976/887/752 982/890/752 984/1077/752 978/858/752
f 978/858/757 984/1077/757 983/859/757 977/858/757
f 979/958/758 985/966/758 987/974/758 981/1076/758
f 981/1076/759 987/974/759 986/892/759 980/891/759
f 982/890/760 988/893/760 990/860/760 984/1077/760
f 984/1077/761 990/860/761 989/860/761 983/859/761
f 985/974/762 991/973/762 997/1046/762 987/974/762
f 987/974/763 997/1046/763 993/896/763 986/895/763
f 988/894/764 998/897/764 1004/1048/764 990/860/764
f 990/860/765 1004/1048/765 1000/863/765 989/862/765
f 991/973/766 1005/983/766 1007/983/766 994/1044/766
f 994/1044/767 1007/983/767 1006/900/767 992/899/767
f 999/898/768 1008/901/768 1010/864/768 1003/1049/768
f 1003/1049/769 1010/864/769 1009/864/769 1000/863/769
f 1005/983/770 1011/993/770 1013/1078/770 1007/983/770
f 1007/983/771 1013/1078/771 1012/904/771 1006/903/771
f 1008/902/772 1014/905/772 1016/1079/772 1010/864/772
f 1010/864/773 1016/1079/773 1015/866/773 1009/864/773
f 1011/998/774 1017/952/774 1019/953/774 1013/1078/774
f 1013/1078/775 1019/953/775 1018/908/775 1012/907/775
f 1014/906/776 1020/909/776 1022/869/776 1016/1079/776
f 1016/1079/777 1022/869/777 1021/868/777 1015/867/777
f 1017/952/774 1023/951/774 1025/951/774 1019/953/774
f 1019/953/775 1025/951/775 1024/912/775 1018/911/775
f 1020/910/776 1026/913/776 1028/870/776 1022/869/776
f 1022/869/777 1028/870/777 1027/870/777 1021/868/777
f 1023/951/774 1029/960/774 1031/1080/774 1025/951/774
f 1025/951/775 1031/1080/775 1030/916/775 1024/915/775
f 1026/914/776 1032/917/776 1034/1081/776 1028/870/776
f 1028/870/777 1034/1081/777 1033/871/777 1027/870/777
f 1029/968/778 1035/967/778 1037/967/778 1031/1080/778
f 1031/1080/779 1037/967/779 1036/920/779 1030/919/779
f 1032/918/780 1038/921/780 1040/873/780 1034/1081/780
f 1034/1081/781 1040/873/781 1039/873/781 1033/872/781
f 1035/967/782 1041/975/782 1047/1054/782 1037/967/782
f 1037/967/783 1047/1054/783 1043/924/783 1036/923/783
f 1038/922/784 1048/925/784 1054/1056/784 1040/873/784
f 1040/873/785 1054/1056/785 1050/874/785 1039/873/785
f 1041/975/786 1055/984/786 1057/984/786 1044/1053/786
f 1044/1053/787 1057/984/787 1056/928/787 1042/927/787
f 1049/926/788 1058/929/788 1060/875/788 1053/1057/788
f 1053/1057/789 1060/875/789 1059/875/789 1050/874/789
f 1055/984/790 1061/947/790 1063/1082/790 1057/984/790
f 1057/984/791 1063/1082/791 1062/932/791 1056/931/791
f 1058/930/792 1064/933/792 1066/1083/792 1060/875/792
f 1060/875/793 1066/1083/793 1065/876/793 1059/875/793
f 1061/946/794 1067/881/794 1069/881/794 1063/1082/794
f 1063/1082/795 1069/881/795 1068/935/795 1062/934/795
f 1064/933/796 1070/936/796 1072/878/796 1066/1083/796
f 1066/1083/797 1072/878/797 1071/878/797 1065/877/797
f 1070/936/798 1073/939/798 1075/972/798 1072/878/798
f 1072/878/799 1075/972/799 1074/972/799 1071/878/799
f 1073/940/798 1077/943/798 1079/990/798 1075/972/798
f 1075/972/799 1079/990/799 1076/990/799 1074/989/799
f 992/899/800 999/898/800 1001/1019/800 996/1010/800
f 996/1010/801 1001/1019/801 998/897/801 993/896/801
f 1084/879/802 1086/883/802 1092/882/802 1085/879/802
f 1085/879/803 1092/882/803 1088/942/803 1083/941/803
f 1042/927/804 1049/926/804 1051/1031/804 1046/1022/804
f 1046/1022/805 1051/1031/805 1048/925/805 1043/924/805
f 1087/970/806 1078/969/806 1081/1073/806 1091/1084/806
f 1091/1084/807 1081/1073/807 1077/943/807 1088/942/807
f 1067/881/802 1084/880/802 1085/879/802 1069/881/802
f 1069/881/808 1085/879/808 1083/938/808 1068/937/808
f 815/854/809 954/853/809 956/1002/809 819/1002/809
f 819/1002/810 956/1002/810 953/999/810 813/999/810
f 962/945/811 821/944/811 823/1006/811 966/1006/811
f 966/1006/812 823/1006/812 820/1005/812 960/1005/812
f 941/971/810 1087/970/810 1089/1034/810 945/1034/810
f 945/1034/809 1089/1034/809 1086/883/809 939/882/809
f 1078/969/812 947/969/812 949/1037/812 1082/1037/812
f 1082/1037/811 949/1037/811 946/990/811 1076/990/811
f 813/999/653 953/999/653 960/1005/653 820/1005/653
