# Blender 4.5.3 LTS
# www.blender.org
mtllib door.mtl
o DoorSimple
v -0.835414 0.074397 0.033189
v -0.839789 -0.062975 0.035697
v -0.835414 -0.062975 0.033189
v -0.834277 0.075578 0.047602
v -0.831597 0.086206 0.047610
v -0.831597 0.075578 0.047610
v -0.826544 -0.064155 0.049023
v -0.824190 -0.064155 0.044975
v -0.832922 -0.064155 0.042606
v -0.830607 -0.064155 0.051353
v -0.835290 -0.064155 0.051338
v -0.841654 -0.064155 0.040238
v -0.841668 -0.064155 0.044921
v -0.839300 -0.064155 0.036189
v -0.839339 -0.064155 0.048984
v -0.834246 0.075578 0.037603
v -0.839300 0.075578 0.036189
v -0.835237 0.075578 0.033860
v -0.826505 -0.064155 0.036228
v -0.830553 -0.064155 0.033874
v -0.824175 -0.064155 0.040291
v -0.830372 0.074397 0.033204
v -0.830372 -0.062975 0.033204
v -0.839789 0.074397 0.035697
v -0.842324 -0.062975 0.040056
v -0.842324 0.074397 0.040056
v -0.842339 -0.062975 0.045099
v -0.842339 0.074397 0.045099
v -0.839831 -0.062975 0.049474
v -0.839831 0.074397 0.049474
v -0.835472 -0.062975 0.052008
v -0.835472 0.074397 0.052008
v -0.830429 -0.062975 0.052024
v -0.830429 0.074397 0.052024
v -0.826054 -0.062975 0.049516
v -0.826054 0.074397 0.049516
v -0.823520 -0.062975 0.045156
v -0.823520 0.074397 0.045156
v -0.823504 -0.062975 0.040114
v -0.823504 0.074397 0.040114
v -0.826012 -0.062975 0.035739
v -0.826012 0.074397 0.035739
v -0.835237 -0.064155 0.033860
v -0.837917 0.075578 0.041251
v -0.836570 0.075578 0.038935
v -0.830553 0.075578 0.033874
v -0.831567 0.075578 0.037611
v -0.836593 0.075578 0.046255
v -0.841668 0.075578 0.044921
v -0.837925 0.075578 0.043931
v -0.839339 0.075578 0.048984
v -0.835290 0.075578 0.051338
v -0.826544 0.075578 0.049023
v -0.830607 0.075578 0.051353
v -0.829273 0.075578 0.046277
v -0.824190 0.075578 0.044975
v -0.827918 0.075578 0.041282
v -0.827926 0.075578 0.043961
v -0.829251 0.075578 0.038958
v -0.824175 0.075578 0.040291
v -0.826505 0.075578 0.036228
v -0.836570 0.086206 0.038935
v -0.841654 0.075578 0.040238
v -0.834246 0.086206 0.037603
v -0.837917 0.086206 0.041251
v -0.837925 0.086206 0.043931
v -0.829251 0.086206 0.038958
v -0.829273 0.086206 0.046277
v -0.836593 0.086206 0.046255
v -0.831567 0.086206 0.037611
v -0.827926 0.086206 0.043961
v -0.834277 0.086206 0.047602
v -0.827918 0.086206 0.041282
v -0.836081 0.087386 0.039427
v -0.837247 0.087386 0.041433
v -0.837254 0.087386 0.043753
v -0.836100 0.087386 0.045766
v -0.834095 0.087386 0.046932
v -0.831775 0.087386 0.046939
v -0.829762 0.087386 0.045785
v -0.828596 0.087386 0.043779
v -0.828589 0.087386 0.041460
v -0.829743 0.087386 0.039447
v -0.831748 0.087386 0.038281
v -0.834068 0.087386 0.038274
v -0.832922 0.087386 0.042606
v -0.552258 -0.992933 0.027503
v -0.674555 -0.992933 0.000000
v -0.674555 -0.992933 0.027503
v -0.552258 1.038159 -0.006035
v -0.674555 -0.982311 -0.006035
v -0.552258 -0.982311 -0.006035
v -0.546223 1.038159 0.027503
v -0.546223 -0.982311 -0.000000
v -0.546223 -0.982311 0.027503
v -0.552258 1.048781 0.027503
v -0.674555 1.048781 -0.000001
v -0.552258 1.048781 -0.000001
v -0.680590 1.038159 -0.000001
v -0.680590 -0.982311 0.027503
v -0.680590 -0.982311 0.000000
v -0.674555 1.038159 0.033537
v -0.552258 -0.982311 0.033538
v -0.674555 -0.982311 0.033538
v -0.280835 -1.011111 0.027503
v -0.403137 -1.017408 0.000000
v -0.403137 -1.017408 0.027503
v -0.280837 -1.000485 -0.006035
v -0.403135 1.038378 -0.006035
v -0.403135 -1.006781 -0.006035
v -0.274803 1.051609 0.027503
v -0.274803 -1.000179 -0.000000
v -0.274803 -1.000179 0.027503
v -0.280827 1.061611 0.027503
v -0.403145 1.049017 -0.000001
v -0.280827 1.061611 -0.000001
v -0.409169 1.037775 -0.000001
v -0.409169 -1.007096 0.027503
v -0.409169 -1.007096 0.000000
v -0.403135 1.038378 0.033537
v -0.280837 -1.000485 0.033538
v -0.403135 -1.006781 0.033538
v -0.009410 -1.017235 0.027503
v -0.131721 -1.007441 0.000000
v -0.131721 -1.007441 0.027503
v -0.009417 1.029549 -0.006035
v -0.131714 -0.996808 -0.006035
v -0.009417 -1.006602 -0.006035
v -0.003382 1.028564 0.027503
v -0.003382 -1.007096 0.000000
v -0.003382 -1.007096 0.027503
v -0.009388 1.040216 0.027503
v -0.131743 1.061201 -0.000001
v -0.009388 1.040216 -0.000001
v -0.137749 1.051609 -0.000001
v -0.137749 -0.996336 0.027503
v -0.137749 -0.996336 -0.000000
v -0.131714 -0.996808 0.033538
v -0.009417 1.029549 0.033537
v -0.009417 -1.006602 0.033538
v -0.674555 1.038159 -0.006035
v -0.674555 1.048781 0.027503
v -0.680590 1.038159 0.027503
v -0.552258 -0.992933 -0.000000
v -0.546223 1.038159 -0.000001
v -0.552258 1.038159 0.033537
v -0.403145 1.049017 0.027503
v -0.409169 1.037775 0.027503
v -0.280835 -1.011111 -0.000000
v -0.280837 1.050970 -0.006035
v -0.274803 1.051609 -0.000001
v -0.280837 1.050970 0.033537
v -0.131714 1.050524 -0.006035
v -0.131743 1.061201 0.027503
v -0.131714 1.050524 0.033537
v -0.137749 1.051609 0.027503
v -0.009410 -1.017235 -0.000000
v -0.003382 1.028564 -0.000001
v -0.008653 0.885224 -0.046953
v -0.809119 1.050563 -0.046954
v -0.809119 0.885223 -0.046953
v -0.008653 0.874602 -0.013415
v -0.809119 0.874601 -0.040919
v -0.809119 0.874601 -0.013415
v -0.002619 1.050563 -0.013416
v -0.002619 0.885224 -0.040919
v -0.002619 0.885224 -0.013415
v -0.809119 1.061185 -0.040919
v -0.008653 1.061185 -0.013416
v -0.809119 1.061185 -0.013416
v -0.815153 1.050563 -0.040919
v -0.008653 1.050563 -0.046953
v -0.002619 1.050563 -0.040919
v -0.008653 1.061185 -0.040919
v -0.815153 1.050563 -0.013416
v -0.809119 1.050563 -0.007381
v -0.008653 1.050563 -0.007381
v -0.815153 0.885223 -0.040919
v -0.008653 0.874602 -0.040919
v -0.815153 0.885223 -0.013416
v -0.809119 0.885223 -0.007381
v -0.008653 0.885224 -0.007381
v -0.024005 1.023541 -0.007381
v -0.793767 0.912245 -0.007381
v -0.793767 1.023541 -0.007381
v -0.024005 0.912245 -0.007381
v -0.008653 -1.003316 -0.046953
v -0.809119 -0.837977 -0.046953
v -0.809119 -1.003317 -0.046953
v -0.008654 -1.013938 -0.013415
v -0.809119 -1.013939 -0.040918
v -0.809119 -1.013939 -0.013415
v -0.002619 -0.837977 -0.013415
v -0.002619 -1.003316 -0.040918
v -0.002619 -1.003316 -0.013415
v -0.809119 -0.827355 -0.040919
v -0.008654 -0.827355 -0.013415
v -0.809119 -0.827355 -0.013415
v -0.815153 -0.837977 -0.040919
v -0.008653 -0.837977 -0.046953
v -0.002619 -0.837977 -0.040918
v -0.008653 -0.827355 -0.040918
v -0.815153 -0.837977 -0.013415
v -0.809119 -0.837977 -0.007381
v -0.008653 -0.837977 -0.007381
v -0.815153 -1.003317 -0.040918
v -0.008653 -1.013938 -0.040918
v -0.815153 -1.003317 -0.013415
v -0.809119 -1.003317 -0.007381
v -0.008653 -1.003316 -0.007380
v -0.798149 -0.857285 -0.007381
v -0.019623 -0.857285 -0.007381
v -0.798149 -0.984009 -0.007381
v -0.019623 -0.984008 -0.007380
v -0.809119 -0.085731 -0.046953
v -0.008653 0.079609 -0.046953
v -0.809119 0.079609 -0.046953
v -0.008653 -0.096352 -0.013415
v -0.809119 -0.096353 -0.040919
v -0.809119 -0.096353 -0.013415
v -0.002619 0.079609 -0.013415
v -0.002619 -0.085730 -0.040919
v -0.002619 -0.085730 -0.013415
v -0.809119 0.090231 -0.040919
v -0.008654 0.090231 -0.013415
v -0.809119 0.090231 -0.013415
v -0.815153 0.079609 -0.040919
v -0.002619 0.079609 -0.040919
v -0.008653 0.090231 -0.040919
v -0.815153 0.079609 -0.013415
v -0.809119 0.079609 -0.007381
v -0.008653 0.079609 -0.007381
v -0.815153 -0.085731 -0.040919
v -0.008653 -0.085730 -0.046953
v -0.008653 -0.096352 -0.040919
v -0.815153 -0.085731 -0.013415
v -0.809119 -0.085731 -0.007381
v -0.008653 -0.085730 -0.007381
v -0.019745 0.060086 -0.007381
v -0.798027 -0.066208 -0.007381
v -0.798027 0.060086 -0.007381
v -0.019745 -0.066207 -0.007381
v -0.813733 -0.737949 -0.040530
v -0.527024 -0.105640 -0.013026
v -0.813733 -0.737949 -0.013026
v -0.811463 -0.828135 -0.040530
v -0.725036 -0.828136 -0.013026
v -0.725036 -0.828136 -0.040530
v -0.010356 0.751740 -0.046564
v -0.010356 0.861466 -0.046564
v -0.080786 0.861466 -0.046564
v -0.434373 0.098693 -0.013026
v -0.087455 0.863785 -0.040530
v -0.087455 0.863786 -0.013027
v -0.298748 0.098694 -0.013026
v -0.008086 0.739719 -0.040530
v -0.298748 0.098693 -0.040530
v -0.715237 -0.819834 -0.013026
v -0.391399 -0.105640 -0.040530
v -0.715237 -0.819834 -0.040530
v -0.721906 -0.817514 -0.046564
v -0.400172 -0.107960 -0.046564
v -0.520355 -0.107960 -0.046564
v -0.308547 0.090391 -0.040530
v -0.432102 0.090391 -0.013026
v -0.308547 0.090392 -0.013026
v -0.004322 0.758643 -0.013027
v -0.004322 0.861466 -0.040530
v -0.004322 0.758643 -0.040530
v -0.010356 0.872088 -0.013027
v -0.077656 0.872088 -0.040530
v -0.010356 0.872088 -0.040530
v -0.393669 -0.097338 -0.013026
v -0.517225 -0.097338 -0.040530
v -0.393669 -0.097338 -0.040530
v -0.817498 -0.756873 -0.040530
v -0.811463 -0.749970 -0.046564
v -0.811463 -0.749970 -0.006992
v -0.817498 -0.756873 -0.013026
v -0.817497 -0.817513 -0.040530
v -0.811463 -0.817514 -0.046564
v -0.721906 -0.817514 -0.006992
v -0.817498 -0.817514 -0.013026
v -0.811463 -0.817514 -0.006992
v -0.811463 -0.828135 -0.013026
v -0.010356 0.751740 -0.006992
v -0.008086 0.739719 -0.013027
v -0.004322 0.861466 -0.013027
v -0.010356 0.861466 -0.006992
v -0.077656 0.872088 -0.013027
v -0.080786 0.861466 -0.006992
v -0.425600 0.101013 -0.046564
v -0.434373 0.098693 -0.040530
v -0.432102 0.090391 -0.040530
v -0.305417 0.101014 -0.006992
v -0.425600 0.101013 -0.006992
v -0.305417 0.101013 -0.046564
v -0.527024 -0.105640 -0.040530
v -0.400172 -0.107960 -0.006992
v -0.391399 -0.105640 -0.013026
v -0.520355 -0.107960 -0.006992
v -0.517225 -0.097338 -0.013026
v -0.512927 -0.135123 -0.006992
v -0.432233 -0.135123 -0.006992
v -0.729334 -0.790350 -0.006992
v -0.796031 -0.790350 -0.006992
v -0.796031 -0.759481 -0.006992
v -0.025788 0.834303 -0.006992
v -0.025788 0.761251 -0.006992
v -0.312845 0.128177 -0.006992
v -0.393538 0.128177 -0.006992
v -0.073358 0.834302 -0.006992
v -0.070316 0.988231 0.044438
v -0.078683 0.992177 0.033030
v -0.070316 0.988231 0.033030
v -0.092906 0.976254 0.045108
v -0.086703 0.987173 0.045108
v -0.078413 0.962722 0.045108
v -0.093845 0.947956 0.033030
v -0.495585 0.924609 0.044438
v -0.093845 0.947956 0.044438
v -0.086703 0.938272 0.045108
v -0.092907 0.949191 0.045108
v -0.078683 0.934489 0.045108
v -0.070663 0.938272 0.045108
v -0.064792 0.948606 0.045108
v -0.062644 0.962722 0.045108
v -0.064792 0.976839 0.045108
v -0.070663 0.987173 0.045108
v -0.078683 0.990955 0.045108
v -0.495614 0.998254 0.045108
v -0.824239 0.896019 0.045108
v -0.824239 1.032436 0.045108
v -0.092701 0.947160 0.033030
v -0.087050 0.937213 0.044438
v -0.087050 0.937213 0.033030
v -0.495585 0.924609 0.033030
v -0.824240 0.894837 0.044438
v -0.824910 1.032508 0.033030
v -0.824910 0.895956 0.044438
v -0.824910 0.895956 0.033030
v -0.087050 0.988231 0.044438
v -0.087050 0.988231 0.033030
v -0.092701 0.978284 0.044438
v -0.092701 0.978284 0.033030
v -0.495585 0.999433 0.033030
v -0.824241 1.033618 0.044438
v -0.824241 1.033618 0.033030
v -0.064191 0.977450 0.044438
v -0.064191 0.977450 0.033030
v -0.061949 0.962722 0.044438
v -0.061949 0.962722 0.033030
v -0.064191 0.947995 0.044438
v -0.064191 0.947995 0.033030
v -0.070316 0.937213 0.044438
v -0.070316 0.937213 0.033030
v -0.078683 0.933267 0.044438
v -0.078683 0.933267 0.033030
v -0.093845 0.977486 0.033030
v -0.495585 0.999433 0.044438
v -0.093845 0.977486 0.044438
v -0.092701 0.947160 0.044438
v -0.824910 1.032508 0.044438
v -0.078683 0.992177 0.044438
v -0.495613 0.925789 0.045108
v -0.824240 0.894837 0.033030
v -0.835414 1.033733 0.033189
v -0.839789 0.896361 0.035697
v -0.835414 0.896361 0.033189
v -0.831775 1.046722 0.046939
v -0.834095 1.046722 0.046932
v -0.832922 1.046722 0.042606
v -0.826544 0.895181 0.049023
v -0.824190 0.895181 0.044975
v -0.832922 0.895181 0.042606
v -0.830607 0.895181 0.051353
v -0.835290 0.895181 0.051338
v -0.841654 0.895181 0.040238
v -0.841668 0.895181 0.044921
v -0.839300 0.895181 0.036189
v -0.839339 0.895181 0.048984
v -0.834246 1.034914 0.037602
v -0.839300 1.034914 0.036189
v -0.835237 1.034914 0.033860
v -0.826505 0.895181 0.036228
v -0.830553 0.895181 0.033874
v -0.824175 0.895181 0.040291
v -0.830372 1.033733 0.033204
v -0.830372 0.896361 0.033204
v -0.839789 1.033733 0.035697
v -0.842324 0.896361 0.040056
v -0.842324 1.033733 0.040056
v -0.842339 0.896361 0.045099
v -0.842339 1.033733 0.045099
v -0.839831 0.896361 0.049473
v -0.839831 1.033733 0.049473
v -0.835472 0.896361 0.052008
v -0.835472 1.033733 0.052008
v -0.830429 0.896361 0.052024
v -0.830429 1.033733 0.052024
v -0.826054 0.896361 0.049516
v -0.826054 1.033733 0.049516
v -0.823520 0.896361 0.045156
v -0.823520 1.033733 0.045156
v -0.823504 0.896361 0.040114
v -0.823504 1.033733 0.040114
v -0.826012 0.896361 0.035739
v -0.826012 1.033733 0.035739
v -0.835237 0.895181 0.033860
v -0.837917 1.034914 0.041251
v -0.836570 1.034914 0.038935
v -0.830553 1.034914 0.033874
v -0.831567 1.034914 0.037611
v -0.836593 1.034914 0.046255
v -0.841668 1.034914 0.044921
v -0.837925 1.034914 0.043930
v -0.834277 1.034914 0.047601
v -0.839339 1.034914 0.048984
v -0.831597 1.034914 0.047610
v -0.835290 1.034914 0.051338
v -0.826544 1.034914 0.049023
v -0.830607 1.034914 0.051352
v -0.829273 1.034914 0.046277
v -0.824190 1.034914 0.044974
v -0.827918 1.034914 0.041282
v -0.827926 1.034914 0.043961
v -0.829251 1.034914 0.038957
v -0.824175 1.034914 0.040291
v -0.826505 1.034914 0.036228
v -0.836081 1.046722 0.039427
v -0.834068 1.046722 0.038273
v -0.841654 1.034914 0.040238
v -0.837247 1.046722 0.041433
v -0.837254 1.046722 0.043753
v -0.829743 1.046722 0.039447
v -0.828589 1.046722 0.041459
v -0.829762 1.046722 0.045785
v -0.836100 1.046722 0.045765
v -0.831748 1.046722 0.038281
v -0.828596 1.046722 0.043779
v -0.836570 1.045542 0.038935
v -0.834246 1.045542 0.037602
v -0.831567 1.045542 0.037611
v -0.829251 1.045542 0.038957
v -0.827918 1.045542 0.041282
v -0.827926 1.045542 0.043961
v -0.829273 1.045542 0.046277
v -0.831597 1.045542 0.047610
v -0.834277 1.045542 0.047601
v -0.836593 1.045542 0.046255
v -0.837925 1.045542 0.043930
v -0.837917 1.045542 0.041251
v -0.070316 0.030405 0.044438
v -0.078683 0.034351 0.033031
v -0.070316 0.030405 0.033031
v -0.092909 0.018423 0.045109
v -0.086703 0.029347 0.045109
v -0.078413 0.004896 0.045109
v -0.093846 -0.009862 0.033031
v -0.253842 -0.017145 0.044438
v -0.093846 -0.009862 0.044438
v -0.086703 -0.019554 0.045109
v -0.092905 -0.008638 0.045109
v -0.078683 -0.023337 0.045109
v -0.070663 -0.019554 0.045109
v -0.064792 -0.009220 0.045109
v -0.062644 0.004896 0.045109
v -0.064792 0.019013 0.045109
v -0.070663 0.029347 0.045109
v -0.078683 0.033129 0.045109
v -0.674855 0.048071 0.045109
v -0.824239 -0.063328 0.045109
v -0.824239 0.073054 0.045109
v -0.092701 -0.010666 0.033031
v -0.087050 -0.020612 0.044438
v -0.087050 -0.020612 0.033031
v -0.253842 -0.017145 0.033031
v -0.674815 -0.053334 0.044438
v -0.253842 0.031640 0.044438
v -0.674815 0.049250 0.033031
v -0.253842 0.031640 0.033031
v -0.824910 0.073172 0.033031
v -0.824910 -0.063380 0.044438
v -0.824910 -0.063380 0.033031
v -0.674815 -0.053334 0.033031
v -0.824240 -0.064510 0.044438
v -0.253871 -0.015966 0.045109
v -0.253861 0.030461 0.045109
v -0.087050 0.030405 0.044438
v -0.087050 0.030405 0.033031
v -0.092701 0.020458 0.044438
v -0.092701 0.020458 0.033031
v -0.824242 0.074240 0.044438
v -0.824242 0.074240 0.033031
v -0.064191 0.019624 0.044438
v -0.064191 0.019624 0.033031
v -0.061949 0.004896 0.044438
v -0.061949 0.004896 0.033031
v -0.064191 -0.009831 0.044438
v -0.064191 -0.009831 0.033031
v -0.070316 -0.020612 0.044438
v -0.070316 -0.020612 0.033031
v -0.078683 -0.024559 0.044438
v -0.078683 -0.024559 0.033031
v -0.093845 0.019674 0.044438
v -0.093845 0.019674 0.033031
v -0.092701 -0.010666 0.044438
v -0.824910 0.073172 0.044438
v -0.078683 0.034351 0.044438
v -0.674847 -0.052155 0.045109
v -0.674815 0.049250 0.044438
v -0.824240 -0.064510 0.033031
v -0.070316 -0.880685 0.044438
v -0.078683 -0.876739 0.033031
v -0.070316 -0.880685 0.033031
v -0.092910 -0.892668 0.045109
v -0.086703 -0.881743 0.045109
v -0.078413 -0.906194 0.045109
v -0.093846 -0.920949 0.033031
v -0.172118 -0.924213 0.044438
v -0.093846 -0.920949 0.044438
v -0.086703 -0.930644 0.045109
v -0.092904 -0.919729 0.045109
v -0.078683 -0.934427 0.045109
v -0.070663 -0.930644 0.045109
v -0.064792 -0.920310 0.045109
v -0.062644 -0.906194 0.045109
v -0.064792 -0.892077 0.045109
v -0.070663 -0.881743 0.045109
v -0.078683 -0.877961 0.045109
v -0.748986 -0.958147 0.045109
v -0.824239 -0.837969 0.045109
v -0.748970 -0.843599 0.045109
v -0.092701 -0.921756 0.033031
v -0.087050 -0.931702 0.044438
v -0.087050 -0.931702 0.033031
v -0.172145 -0.923034 0.045109
v -0.451528 -0.870393 0.045109
v -0.172142 -0.886742 0.045109
v -0.172118 -0.885562 0.044438
v -0.451500 -0.869214 0.033031
v -0.172118 -0.885562 0.033031
v -0.172118 -0.924213 0.033031
v -0.451500 -0.945690 0.044438
v -0.451500 -0.945690 0.033031
v -0.748936 -0.959325 0.044438
v -0.824910 -0.837918 0.033031
v -0.824910 -0.974470 0.044438
v -0.824910 -0.974470 0.033031
v -0.451500 -0.869214 0.044438
v -0.748937 -0.842420 0.033031
v -0.748936 -0.959325 0.033031
v -0.824244 -0.975507 0.044438
v -0.087050 -0.880685 0.044438
v -0.087050 -0.880685 0.033031
v -0.092701 -0.890632 0.044438
v -0.092701 -0.890632 0.033031
v -0.748936 -0.842420 0.044438
v -0.824240 -0.836788 0.033031
v -0.064191 -0.891466 0.044438
v -0.064191 -0.891466 0.033031
v -0.061950 -0.906194 0.044438
v -0.061949 -0.906194 0.033031
v -0.064191 -0.920921 0.044438
v -0.064191 -0.920921 0.033031
v -0.070316 -0.931702 0.044438
v -0.070316 -0.931702 0.033031
v -0.078683 -0.935649 0.044438
v -0.078683 -0.935649 0.033031
v -0.093845 -0.891416 0.044438
v -0.093845 -0.891416 0.033031
v -0.092701 -0.921756 0.044438
v -0.824240 -0.836788 0.044438
v -0.824910 -0.837918 0.044438
v -0.824239 -0.974317 0.045109
v -0.078683 -0.876739 0.044438
v -0.451523 -0.944510 0.045109
v -0.824244 -0.975507 0.033031
v -0.835414 -0.836693 0.033189
v -0.839789 -0.974065 0.035697
v -0.835414 -0.974065 0.033189
v -0.834277 -0.835513 0.047602
v -0.831597 -0.824885 0.047610
v -0.831597 -0.835513 0.047610
v -0.826544 -0.975246 0.049024
v -0.824190 -0.975246 0.044975
v -0.832922 -0.975246 0.042607
v -0.830607 -0.975246 0.051353
v -0.835290 -0.975246 0.051339
v -0.841654 -0.975246 0.040238
v -0.841668 -0.975246 0.044921
v -0.839300 -0.975246 0.036189
v -0.839339 -0.975246 0.048985
v -0.834246 -0.835513 0.037603
v -0.839300 -0.835513 0.036189
v -0.835237 -0.835513 0.033860
v -0.826505 -0.975246 0.036229
v -0.830553 -0.975246 0.033874
v -0.824175 -0.975246 0.040292
v -0.830372 -0.836693 0.033204
v -0.830372 -0.974065 0.033205
v -0.839789 -0.836693 0.035697
v -0.842324 -0.974065 0.040056
v -0.842324 -0.836693 0.040056
v -0.842339 -0.974065 0.045099
v -0.842339 -0.836693 0.045099
v -0.839831 -0.974065 0.049474
v -0.839831 -0.836693 0.049474
v -0.835472 -0.974065 0.052009
v -0.835472 -0.836693 0.052009
v -0.830429 -0.974065 0.052024
v -0.830429 -0.836693 0.052024
v -0.826054 -0.974065 0.049516
v -0.826054 -0.836693 0.049516
v -0.823520 -0.974065 0.045157
v -0.823520 -0.836693 0.045157
v -0.823504 -0.974065 0.040114
v -0.823504 -0.836693 0.040114
v -0.826012 -0.974065 0.035739
v -0.826012 -0.836693 0.035739
v -0.835237 -0.975246 0.033860
v -0.837917 -0.835513 0.041252
v -0.836570 -0.835513 0.038935
v -0.830553 -0.835513 0.033874
v -0.831567 -0.835513 0.037611
v -0.836593 -0.835513 0.046255
v -0.841668 -0.835513 0.044921
v -0.837925 -0.835513 0.043931
v -0.839339 -0.835513 0.048984
v -0.835290 -0.835513 0.051339
v -0.826544 -0.835513 0.049024
v -0.830607 -0.835513 0.051353
v -0.829273 -0.835513 0.046278
v -0.824190 -0.835513 0.044975
v -0.827918 -0.835513 0.041282
v -0.827926 -0.835513 0.043961
v -0.829251 -0.835513 0.038958
v -0.824175 -0.835513 0.040292
v -0.826505 -0.835513 0.036229
v -0.836570 -0.824885 0.038935
v -0.841654 -0.835513 0.040238
v -0.834246 -0.824885 0.037603
v -0.837917 -0.824885 0.041252
v -0.837925 -0.824885 0.043931
v -0.829251 -0.824885 0.038958
v -0.829273 -0.824885 0.046278
v -0.836593 -0.824885 0.046255
v -0.831567 -0.824885 0.037611
v -0.827926 -0.824885 0.043961
v -0.834277 -0.824885 0.047602
v -0.827918 -0.824885 0.041282
v -0.836081 -0.823704 0.039428
v -0.837247 -0.823704 0.041433
v -0.837254 -0.823704 0.043753
v -0.836100 -0.823704 0.045766
v -0.834095 -0.823704 0.046932
v -0.831775 -0.823704 0.046939
v -0.829762 -0.823704 0.045785
v -0.828596 -0.823704 0.043780
v -0.828589 -0.823704 0.041460
v -0.829743 -0.823704 0.039447
v -0.831748 -0.823704 0.038281
v -0.834068 -0.823704 0.038274
v -0.832922 -0.823704 0.042606
v -0.687968 -1.006824 -0.006035
v -0.810266 1.041437 -0.006035
v -0.810266 -1.001385 -0.006035
v -0.681934 1.048842 0.027503
v -0.681934 -1.007096 -0.000000
v -0.681934 -1.007096 0.027503
v -0.687965 1.059116 0.027503
v -0.810269 1.052065 -0.000001
v -0.687965 1.059116 -0.000001
v -0.816300 1.041095 -0.000001
v -0.816300 -1.001120 0.027503
v -0.816300 -1.001120 -0.000000
v -0.810266 1.041437 0.033537
v -0.687968 -1.006824 0.033538
v -0.810266 -1.001385 0.033538
v -0.416544 -1.017356 0.027503
v -0.538849 -1.010010 0.000000
v -0.538849 -1.010010 0.027503
v -0.416548 1.038148 -0.006035
v -0.538845 -0.999382 -0.006035
v -0.416548 -1.006728 -0.006035
v -0.410513 1.037775 0.027503
v -0.410513 -1.007096 0.000000
v -0.410513 -1.007096 0.027503
v -0.416544 1.048776 0.027503
v -0.538849 1.056471 -0.000001
v -0.416544 1.048776 -0.000001
v -0.544880 1.046229 -0.000001
v -0.544880 -0.999026 0.027503
v -0.544880 -0.999026 0.000000
v -0.538845 -0.999382 0.033538
v -0.416548 1.038148 0.033537
v -0.416548 -1.006728 0.033538
v -0.145127 -0.979129 0.027503
v -0.267425 -0.979129 0.000000
v -0.267425 -0.979129 0.027503
v -0.145127 1.039312 -0.006035
v -0.267425 -0.968507 -0.006035
v -0.145127 -0.968507 -0.006035
v -0.139092 1.039312 0.027503
v -0.139092 -0.968507 -0.000000
v -0.139092 -0.968507 0.027503
v -0.145127 1.049934 0.027503
v -0.267425 1.049934 -0.000001
v -0.145127 1.049934 -0.000001
v -0.273459 1.039312 -0.000001
v -0.273459 -0.968507 0.027503
v -0.273459 -0.968507 -0.000000
v -0.267425 1.039312 0.033537
v -0.145127 -0.968507 0.033538
v -0.267425 -0.968507 0.033538
v -0.810268 -1.012010 0.000000
v -0.810268 -1.012010 0.027503
v -0.810269 1.052065 0.027503
v -0.816300 1.041095 0.027503
v -0.687966 -1.017450 -0.000000
v -0.687968 1.048489 -0.006035
v -0.681934 1.048842 -0.000001
v -0.687966 -1.017450 0.027503
v -0.687968 1.048489 0.033537
v -0.538845 1.045843 -0.006035
v -0.538849 1.056471 0.027503
v -0.538845 1.045843 0.033537
v -0.544880 1.046229 0.027503
v -0.416544 -1.017356 -0.000000
v -0.410513 1.037775 -0.000001
v -0.267425 1.039312 -0.006035
v -0.267425 1.049934 0.027503
v -0.273459 1.039312 0.027503
v -0.145127 -0.979129 -0.000000
v -0.139092 1.039312 -0.000001
v -0.145127 1.039312 0.033537
v -0.053452 0.399527 -0.005678
v -0.048298 0.390455 -0.009633
v -0.048298 0.390455 -0.005678
v -0.067533 0.399527 -0.009633
v -0.060493 0.402847 -0.005678
v -0.067533 0.399527 -0.005678
v -0.074573 0.378063 -0.009633
v -0.072687 0.390455 -0.005678
v -0.074573 0.378063 -0.005678
v -0.067365 0.360400 -0.026079
v -0.068817 0.358280 -0.011973
v -0.068625 0.353096 -0.023868
v -0.046412 0.378063 -0.005678
v -0.046412 0.351734 -0.009659
v -0.046412 0.351734 -0.005678
v -0.072687 0.390455 -0.009633
v -0.074573 0.351734 -0.009633
v -0.060493 0.170202 -0.027944
v -0.064550 0.164746 -0.011920
v -0.060493 0.162833 -0.011920
v -0.052165 0.358281 -0.011968
v -0.053619 0.360400 -0.026079
v -0.052360 0.353096 -0.023868
v -0.052364 0.351632 -0.023408
v -0.055518 0.375526 -0.010238
v -0.048841 0.389904 -0.010238
v -0.053765 0.398573 -0.010238
v -0.068635 0.351632 -0.023408
v -0.067634 0.354393 -0.011924
v -0.053544 0.349728 -0.022849
v -0.067442 0.349728 -0.022849
v -0.053351 0.354393 -0.011924
v -0.046990 0.351780 -0.010238
v -0.050403 0.356515 -0.010238
v -0.064461 0.364913 -0.027444
v -0.067528 0.366771 -0.011968
v -0.053452 0.399527 -0.009633
v -0.056435 0.372021 -0.011920
v -0.060492 0.366565 -0.027944
v -0.056524 0.364913 -0.027444
v -0.067533 0.137241 -0.005678
v -0.072687 0.146312 -0.009633
v -0.072687 0.146312 -0.005678
v -0.053452 0.137241 -0.009633
v -0.060493 0.133920 -0.005678
v -0.053452 0.137241 -0.005678
v -0.046412 0.158704 -0.005678
v -0.048298 0.146312 -0.009633
v -0.048298 0.146312 -0.005678
v -0.052168 0.178488 -0.011973
v -0.053620 0.176367 -0.026078
v -0.053457 0.169997 -0.011968
v -0.074573 0.158704 -0.009633
v -0.074573 0.185033 -0.005678
v -0.074573 0.158704 -0.005678
v -0.046412 0.185033 -0.009633
v -0.046412 0.158704 -0.009633
v -0.066931 0.334713 -0.032652
v -0.054054 0.334713 -0.032652
v -0.056436 0.164748 -0.011943
v -0.067365 0.176367 -0.026078
v -0.068820 0.178487 -0.011968
v -0.067530 0.169995 -0.011943
v -0.068621 0.185135 -0.023408
v -0.068816 0.180252 -0.011973
v -0.052350 0.185136 -0.023408
v -0.052169 0.180252 -0.011973
v -0.067441 0.187040 -0.022849
v -0.053351 0.182374 -0.011924
v -0.067634 0.182374 -0.011924
v -0.056524 0.171854 -0.027444
v -0.067533 0.137241 -0.009633
v -0.064461 0.171854 -0.027444
v -0.069108 0.167652 -0.010238
v -0.073968 0.158845 -0.010238
v -0.072144 0.146863 -0.010238
v -0.065467 0.161242 -0.010238
v -0.067220 0.138195 -0.010238
v -0.070582 0.177332 -0.010238
v -0.073968 0.184987 -0.010238
v -0.050403 0.177332 -0.010238
v -0.046990 0.184987 -0.010238
v -0.050403 0.181270 -0.010238
v -0.073995 0.186052 -0.005678
v -0.046990 0.186052 -0.009633
v -0.046990 0.186052 -0.005678
v -0.051877 0.167652 -0.010238
v -0.047017 0.158845 -0.010237
v -0.055518 0.161242 -0.010237
v -0.048841 0.146863 -0.010237
v -0.060493 0.158896 -0.010238
v -0.053765 0.138195 -0.010237
v -0.060493 0.135022 -0.010238
v -0.060493 0.191150 -0.040702
v -0.056773 0.192219 -0.039913
v -0.060493 0.219519 -0.048505
v -0.057050 0.220065 -0.047637
v -0.060492 0.251695 -0.052148
v -0.057243 0.251858 -0.051282
v -0.060492 0.285072 -0.052148
v -0.057050 0.316702 -0.047637
v -0.057243 0.284910 -0.051283
v -0.056773 0.344548 -0.039913
v -0.060492 0.317248 -0.048506
v -0.060492 0.345618 -0.040702
v -0.060493 0.377872 -0.010238
v -0.060493 0.401745 -0.010238
v -0.054051 0.195142 -0.037755
v -0.054531 0.221557 -0.045264
v -0.054864 0.284465 -0.048917
v -0.054864 0.252303 -0.048917
v -0.054531 0.315210 -0.045264
v -0.054051 0.341625 -0.037755
v -0.051877 0.369116 -0.010238
v -0.046990 0.377750 -0.010238
v -0.052360 0.183672 -0.023868
v -0.052870 0.199873 -0.034262
v -0.053438 0.223972 -0.041423
v -0.053832 0.253022 -0.045088
v -0.053438 0.312796 -0.041423
v -0.053832 0.283745 -0.045088
v -0.052870 0.336895 -0.034262
v -0.053455 0.366773 -0.011943
v -0.068115 0.336895 -0.034262
v -0.068116 0.336033 -0.033593
v -0.054054 0.202054 -0.032652
v -0.053543 0.187040 -0.022849
v -0.066931 0.202054 -0.032652
v -0.054622 0.225085 -0.039652
v -0.065969 0.253354 -0.043323
v -0.066363 0.225085 -0.039652
v -0.065969 0.283414 -0.043323
v -0.055016 0.253354 -0.043323
v -0.066363 0.311683 -0.039652
v -0.055016 0.283414 -0.043323
v -0.054621 0.311683 -0.039652
v -0.050403 0.359435 -0.010238
v -0.052869 0.200734 -0.033593
v -0.053832 0.253119 -0.044506
v -0.053434 0.224349 -0.040770
v -0.053836 0.283649 -0.044507
v -0.052869 0.336033 -0.033593
v -0.053444 0.312419 -0.040770
v -0.073968 0.351780 -0.010238
v -0.070582 0.359435 -0.010238
v -0.073968 0.377923 -0.010238
v -0.068115 0.199873 -0.034262
v -0.068625 0.183672 -0.023868
v -0.067547 0.223972 -0.041423
v -0.068116 0.200734 -0.033593
v -0.067149 0.253119 -0.044506
v -0.067541 0.224349 -0.040770
v -0.067152 0.253022 -0.045088
v -0.067152 0.283648 -0.044507
v -0.067547 0.312796 -0.041423
v -0.067152 0.283745 -0.045089
v -0.067551 0.312418 -0.040770
v -0.046990 0.350716 -0.005678
v -0.073995 0.350716 -0.009633
v -0.073995 0.350716 -0.005678
v -0.066934 0.195142 -0.037755
v -0.066454 0.221557 -0.045264
v -0.066121 0.252303 -0.048917
v -0.066121 0.284465 -0.048917
v -0.066454 0.315210 -0.045264
v -0.066934 0.341625 -0.037755
v -0.069108 0.369116 -0.010238
v -0.064212 0.192219 -0.039913
v -0.063935 0.220065 -0.047637
v -0.063742 0.251858 -0.051282
v -0.063742 0.284910 -0.051283
v -0.063934 0.316702 -0.047637
v -0.064212 0.344548 -0.039913
v -0.065467 0.375526 -0.010238
v -0.072144 0.389904 -0.010238
v -0.067220 0.398573 -0.010238
v -0.070582 0.356515 -0.010238
v -0.052169 0.356515 -0.011973
v -0.046990 0.350716 -0.009633
v -0.070582 0.180252 -0.010238
v -0.073995 0.186052 -0.009633
v -0.074573 0.185033 -0.009633
v -0.060493 0.402847 -0.009633
v -0.046412 0.378063 -0.009659
v -0.074573 0.351734 -0.005678
v -0.068816 0.356515 -0.011973
v -0.064549 0.372020 -0.011943
v -0.060493 0.373935 -0.011920
v -0.060492 0.133920 -0.009633
v -0.046412 0.185033 -0.005678
v -0.841657 -0.089972 0.040275
v -0.841671 -0.089972 0.044958
v -0.832925 -0.089972 0.042643
v -0.839342 -0.089972 0.049021
v -0.835293 -0.089972 0.051375
v -0.830610 -0.089972 0.051390
v -0.826547 -0.089972 0.049060
v -0.824193 -0.089972 0.045012
v -0.824179 -0.089972 0.040328
v -0.826508 -0.089972 0.036265
v -0.831047 -0.089972 0.033626
v -0.830375 -0.066054 0.033241
v -0.830358 -0.088792 0.027704
v -0.830375 -0.088792 0.033241
v -0.832925 -0.064874 0.042643
v -0.839303 -0.064874 0.036226
v -0.834748 -0.064874 0.033615
v -0.841657 -0.064874 0.040275
v -0.841671 -0.064874 0.044958
v -0.839342 -0.064874 0.049021
v -0.835293 -0.064874 0.051375
v -0.830610 -0.064874 0.051390
v -0.826547 -0.064874 0.049060
v -0.824193 -0.064874 0.045012
v -0.824179 -0.064874 0.040328
v -0.826508 -0.064874 0.036265
v -0.831047 -0.064874 0.033626
v -0.831028 -0.064874 0.027702
v -0.835417 -0.088792 0.033226
v -0.835401 -0.066054 0.027688
v -0.835417 -0.066054 0.033226
v -0.834748 -0.089972 0.033615
v -0.839792 -0.066054 0.035734
v -0.826015 -0.066054 0.035776
v -0.823507 -0.088792 0.040151
v -0.823508 -0.066054 0.040151
v -0.823523 -0.088792 0.045193
v -0.823523 -0.066054 0.045193
v -0.826058 -0.088792 0.049553
v -0.826058 -0.066054 0.049553
v -0.830432 -0.088792 0.052061
v -0.830432 -0.066054 0.052061
v -0.835475 -0.088792 0.052045
v -0.835475 -0.066054 0.052045
v -0.839835 -0.088792 0.049510
v -0.839835 -0.066054 0.049510
v -0.842342 -0.088792 0.045136
v -0.842342 -0.066054 0.045136
v -0.842327 -0.088792 0.040093
v -0.842327 -0.066054 0.040093
v -0.839792 -0.088792 0.035734
v -0.831028 -0.089972 0.027702
v -0.834730 -0.089972 0.027691
v -0.826015 -0.088792 0.035776
v -0.839303 -0.089972 0.036226
v -0.834730 -0.064874 0.027691
v -0.830358 -0.066054 0.027704
v -0.835401 -0.088792 0.027688
v -0.841657 0.869364 0.040275
v -0.841671 0.869364 0.044958
v -0.832925 0.869364 0.042643
v -0.839342 0.869364 0.049021
v -0.835293 0.869364 0.051375
v -0.830610 0.869364 0.051389
v -0.826547 0.869364 0.049060
v -0.824193 0.869364 0.045011
v -0.824179 0.869364 0.040328
v -0.826508 0.869364 0.036265
v -0.831047 0.869364 0.033626
v -0.830375 0.893282 0.033241
v -0.830358 0.870544 0.027704
v -0.830375 0.870544 0.033241
v -0.832925 0.894462 0.042643
v -0.839303 0.894462 0.036226
v -0.834748 0.894462 0.033615
v -0.841657 0.894462 0.040275
v -0.841671 0.894462 0.044958
v -0.839342 0.894462 0.049021
v -0.835293 0.894462 0.051375
v -0.830610 0.894462 0.051389
v -0.826547 0.894462 0.049060
v -0.824193 0.894462 0.045011
v -0.824179 0.894462 0.040328
v -0.826508 0.894462 0.036265
v -0.831047 0.894462 0.033626
v -0.831028 0.894462 0.027702
v -0.835418 0.870544 0.033225
v -0.835401 0.893282 0.027688
v -0.835418 0.893282 0.033225
v -0.834748 0.869364 0.033615
v -0.839792 0.893282 0.035733
v -0.831028 0.869364 0.027702
v -0.834730 0.869364 0.027690
v -0.842327 0.893282 0.040093
v -0.839792 0.870544 0.035733
v -0.842343 0.893282 0.045135
v -0.842327 0.870544 0.040093
v -0.839835 0.893282 0.049510
v -0.842343 0.870544 0.045135
v -0.835475 0.893282 0.052045
v -0.839835 0.870544 0.049510
v -0.830432 0.893282 0.052060
v -0.835475 0.870544 0.052045
v -0.826058 0.893282 0.049552
v -0.830432 0.870544 0.052060
v -0.823523 0.893282 0.045193
v -0.826058 0.870544 0.049552
v -0.823508 0.893282 0.040150
v -0.823523 0.870544 0.045193
v -0.826016 0.893282 0.035776
v -0.823508 0.870544 0.040150
v -0.826016 0.870544 0.035776
v -0.839303 0.869364 0.036226
v -0.834730 0.894462 0.027690
v -0.830358 0.893282 0.027704
v -0.835401 0.870544 0.027688
v -0.841657 -1.001062 0.040275
v -0.841671 -1.001062 0.044958
v -0.832925 -1.001062 0.042643
v -0.839342 -1.001062 0.049021
v -0.835293 -1.001062 0.051375
v -0.830610 -1.001062 0.051390
v -0.826547 -1.001062 0.049060
v -0.824193 -1.001062 0.045012
v -0.824179 -1.001062 0.040328
v -0.826508 -1.001062 0.036265
v -0.831047 -1.001062 0.033626
v -0.830375 -0.977144 0.033241
v -0.830358 -0.999882 0.027704
v -0.830375 -0.999882 0.033241
v -0.832925 -0.975964 0.042643
v -0.839303 -0.975964 0.036226
v -0.834748 -0.975964 0.033615
v -0.841657 -0.975964 0.040275
v -0.841671 -0.975964 0.044958
v -0.839342 -0.975964 0.049021
v -0.835293 -0.975964 0.051375
v -0.830610 -0.975964 0.051390
v -0.826547 -0.975964 0.049060
v -0.824193 -0.975964 0.045012
v -0.824179 -0.975964 0.040328
v -0.826508 -0.975964 0.036265
v -0.831047 -0.975964 0.033626
v -0.831028 -0.975964 0.027702
v -0.835418 -0.999882 0.033226
v -0.835401 -0.977144 0.027689
v -0.835418 -0.977144 0.033226
v -0.834748 -1.001062 0.033615
v -0.839792 -0.977144 0.035734
v -0.826016 -0.977144 0.035776
v -0.823508 -0.999882 0.040151
v -0.823508 -0.977144 0.040151
v -0.823523 -0.999882 0.045193
v -0.823523 -0.977144 0.045193
v -0.826058 -0.999882 0.049553
v -0.826058 -0.977144 0.049553
v -0.830432 -0.999882 0.052061
v -0.830432 -0.977144 0.052061
v -0.835475 -0.999882 0.052045
v -0.835475 -0.977144 0.052045
v -0.839835 -0.999882 0.049511
v -0.839835 -0.977144 0.049511
v -0.842343 -0.999882 0.045136
v -0.842343 -0.977144 0.045136
v -0.842327 -0.999882 0.040093
v -0.842327 -0.977144 0.040093
v -0.839792 -0.999882 0.035734
v -0.831028 -1.001062 0.027702
v -0.834730 -1.001062 0.027691
v -0.826016 -0.999882 0.035776
v -0.839303 -1.001062 0.036226
v -0.834730 -0.975964 0.027691
v -0.830358 -0.977144 0.027704
v -0.835401 -0.999882 0.027689
v -0.067532 0.105814 0.032110
v -0.072686 0.096743 0.036065
v -0.072686 0.096743 0.032110
v -0.053451 0.105814 0.036065
v -0.060492 0.109135 0.032110
v -0.053451 0.105814 0.032110
v -0.046411 0.084351 0.036065
v -0.048298 0.096743 0.032110
v -0.046411 0.084351 0.032110
v -0.053619 0.066688 0.052510
v -0.052167 0.064567 0.038405
v -0.052359 0.059383 0.050300
v -0.074572 0.084351 0.032110
v -0.074572 0.058022 0.036091
v -0.074572 0.058022 0.032110
v -0.048298 0.096743 0.036065
v -0.046411 0.058022 0.036065
v -0.060492 -0.123510 0.054376
v -0.056435 -0.128966 0.038352
v -0.060492 -0.130880 0.038352
v -0.068820 0.064568 0.038400
v -0.067365 0.066688 0.052510
v -0.068625 0.059383 0.050300
v -0.068620 0.057920 0.049840
v -0.065466 0.081813 0.036669
v -0.072144 0.096192 0.036669
v -0.067219 0.104860 0.036669
v -0.052349 0.057919 0.049840
v -0.053351 0.060680 0.038356
v -0.067440 0.056015 0.049281
v -0.053542 0.056015 0.049281
v -0.067633 0.060680 0.038356
v -0.073994 0.058068 0.036670
v -0.070581 0.062803 0.036669
v -0.056524 0.071201 0.053876
v -0.053456 0.073058 0.038400
v -0.067532 0.105814 0.036065
v -0.064549 0.078309 0.038352
v -0.060492 0.072853 0.054376
v -0.064460 0.071201 0.053876
v -0.053451 -0.156472 0.032110
v -0.048298 -0.147400 0.036065
v -0.048298 -0.147400 0.032110
v -0.067532 -0.156472 0.036065
v -0.060492 -0.159792 0.032110
v -0.067532 -0.156472 0.032110
v -0.074572 -0.135008 0.032110
v -0.072686 -0.147400 0.036065
v -0.072686 -0.147400 0.032110
v -0.068817 -0.115225 0.038405
v -0.067365 -0.117345 0.052510
v -0.067527 -0.123716 0.038400
v -0.046411 -0.135008 0.036065
v -0.046411 -0.108679 0.032110
v -0.046411 -0.135008 0.032110
v -0.074572 -0.108679 0.036065
v -0.074572 -0.135008 0.036065
v -0.054053 0.041001 0.059084
v -0.066930 0.041001 0.059084
v -0.064548 -0.128965 0.038375
v -0.053619 -0.117345 0.052510
v -0.052164 -0.115226 0.038400
v -0.053454 -0.123718 0.038375
v -0.052364 -0.108577 0.049840
v -0.052168 -0.113460 0.038405
v -0.068634 -0.108577 0.049840
v -0.068815 -0.113460 0.038405
v -0.053543 -0.106673 0.049281
v -0.067633 -0.111338 0.038356
v -0.053351 -0.111338 0.038356
v -0.064460 -0.121858 0.053876
v -0.053452 -0.156472 0.036065
v -0.056524 -0.121858 0.053876
v -0.051876 -0.126061 0.036670
v -0.047016 -0.134868 0.036670
v -0.048840 -0.146849 0.036670
v -0.055517 -0.132471 0.036670
v -0.053765 -0.155518 0.036670
v -0.050402 -0.116380 0.036670
v -0.047016 -0.108725 0.036670
v -0.070581 -0.116380 0.036670
v -0.073994 -0.108725 0.036670
v -0.070581 -0.112442 0.036670
v -0.046990 -0.107661 0.032110
v -0.073994 -0.107661 0.036065
v -0.073994 -0.107661 0.032110
v -0.069108 -0.126061 0.036670
v -0.073967 -0.134868 0.036669
v -0.065466 -0.132470 0.036669
v -0.072144 -0.146849 0.036669
v -0.060492 -0.134817 0.036670
v -0.067219 -0.155518 0.036670
v -0.060492 -0.158690 0.036670
v -0.060492 -0.102563 0.067134
v -0.064211 -0.101493 0.066345
v -0.060492 -0.074193 0.074937
v -0.063934 -0.073647 0.074069
v -0.060492 -0.042017 0.078580
v -0.063741 -0.041854 0.077714
v -0.060492 -0.008640 0.078580
v -0.063934 0.022990 0.074069
v -0.063741 -0.008803 0.077714
v -0.064211 0.050836 0.066345
v -0.060492 0.023536 0.074937
v -0.060492 0.051906 0.067134
v -0.060492 0.084159 0.036669
v -0.060492 0.108033 0.036669
v -0.066934 -0.098570 0.064187
v -0.066454 -0.072155 0.071696
v -0.066120 -0.009248 0.075349
v -0.066120 -0.041410 0.075349
v -0.066454 0.021498 0.071696
v -0.066934 0.047913 0.064187
v -0.069108 0.075403 0.036669
v -0.073994 0.084038 0.036669
v -0.068625 -0.110041 0.050300
v -0.068114 -0.093839 0.060694
v -0.067546 -0.069741 0.067855
v -0.067152 -0.040690 0.071520
v -0.067546 0.019083 0.067855
v -0.067152 -0.009967 0.071520
v -0.068114 0.043182 0.060694
v -0.067529 0.073060 0.038375
v -0.052869 0.043182 0.060694
v -0.052869 0.042321 0.060025
v -0.066930 -0.091658 0.059084
v -0.067441 -0.106673 0.049281
v -0.054053 -0.091658 0.059084
v -0.066362 -0.068628 0.066084
v -0.055015 -0.040359 0.069755
v -0.054621 -0.068628 0.066084
v -0.055016 -0.010299 0.069755
v -0.065968 -0.040359 0.069755
v -0.054621 0.017970 0.066084
v -0.065968 -0.010299 0.069755
v -0.066363 0.017970 0.066084
v -0.070581 0.065723 0.036669
v -0.068115 -0.092978 0.060025
v -0.067152 -0.040593 0.070938
v -0.067550 -0.069363 0.067202
v -0.067148 -0.010064 0.070938
v -0.068115 0.042321 0.060025
v -0.067540 0.018706 0.067202
v -0.047016 0.058068 0.036670
v -0.050402 0.065722 0.036670
v -0.047016 0.084210 0.036669
v -0.052869 -0.093839 0.060694
v -0.052359 -0.110041 0.050300
v -0.053437 -0.069741 0.067855
v -0.052868 -0.092978 0.060025
v -0.053835 -0.040594 0.070938
v -0.053444 -0.069364 0.067202
v -0.053832 -0.040690 0.071520
v -0.053832 -0.010064 0.070938
v -0.053437 0.019083 0.067855
v -0.053832 -0.009967 0.071520
v -0.053434 0.018706 0.067202
v -0.073994 0.057003 0.032110
v -0.046990 0.057003 0.036065
v -0.046990 0.057003 0.032110
v -0.054050 -0.098570 0.064187
v -0.054530 -0.072155 0.071696
v -0.054864 -0.041410 0.075349
v -0.054864 -0.009248 0.075349
v -0.054530 0.021498 0.071696
v -0.054050 0.047913 0.064187
v -0.051876 0.075403 0.036669
v -0.056773 -0.101493 0.066345
v -0.057050 -0.073647 0.074069
v -0.057242 -0.041854 0.077714
v -0.057242 -0.008803 0.077714
v -0.057050 0.022990 0.074069
v -0.056773 0.050836 0.066345
v -0.055517 0.081813 0.036669
v -0.048840 0.096192 0.036669
v -0.053764 0.104860 0.036669
v -0.050402 0.062803 0.036670
v -0.068815 0.062803 0.038405
v -0.073994 0.057003 0.036065
v -0.050402 -0.113460 0.036670
v -0.046990 -0.107661 0.036065
v -0.046411 -0.108679 0.036065
v -0.060492 0.109135 0.036065
v -0.074572 0.084351 0.036091
v -0.046411 0.058022 0.032110
v -0.052168 0.062803 0.038405
v -0.056435 0.078307 0.038375
v -0.060492 0.080222 0.038352
v -0.060492 -0.159792 0.036065
v -0.074572 -0.108679 0.032110
vn -0.2559 0.0042 -0.9667
vn -0.7049 -0.0043 -0.7093
vn -0.2559 -0.0042 -0.9667
vn -0.2327 0.4580 0.8580
vn 0.2555 0.0500 0.9655
vn 0.2188 0.5179 0.8270
vn 0.1130 -0.9868 0.1157
vn 0.1606 -0.9861 0.0436
vn -0.0000 -1.0000 -0.0000
vn 0.0402 -0.9876 0.1518
vn -0.0410 -0.9868 0.1564
vn -0.1557 -0.9868 -0.0437
vn -0.1563 -0.9868 0.0414
vn -0.1129 -0.9868 -0.1157
vn -0.1180 -0.9861 0.1173
vn -0.2189 0.5179 -0.8270
vn -0.2549 0.9310 -0.2611
vn -0.0802 0.9496 -0.3030
vn 0.1113 -0.9876 -0.1107
vn 0.0436 -0.9861 -0.1606
vn 0.1559 -0.9868 -0.0427
vn 0.2618 0.0044 -0.9651
vn 0.2618 -0.0044 -0.9651
vn -0.7049 0.0043 -0.7093
vn -0.9651 -0.0043 -0.2618
vn -0.9651 0.0043 -0.2618
vn -0.9667 -0.0043 0.2558
vn -0.9667 0.0043 0.2558
vn -0.7093 -0.0044 0.7049
vn -0.7093 0.0043 0.7049
vn -0.2617 -0.0043 0.9651
vn -0.2618 0.0044 0.9651
vn 0.2559 -0.0042 0.9667
vn 0.2559 0.0042 0.9667
vn 0.7049 -0.0043 0.7093
vn 0.7049 0.0043 0.7093
vn 0.9651 -0.0044 0.2618
vn 0.9651 0.0044 0.2618
vn 0.9667 -0.0043 -0.2559
vn 0.9667 0.0043 -0.2559
vn 0.7093 -0.0042 -0.7049
vn 0.7093 0.0042 -0.7049
vn -0.0402 -0.9876 -0.1517
vn -0.8256 0.5178 -0.2240
vn -0.6488 0.3912 -0.6527
vn 0.0915 0.9369 -0.3373
vn 0.2327 0.4580 -0.8580
vn -0.6305 0.4580 0.6267
vn -0.3528 0.9310 0.0934
vn -0.8897 0.3912 0.2355
vn -0.2424 0.9398 0.2409
vn -0.0915 0.9369 0.3373
vn 0.2387 0.9398 0.2445
vn 0.0802 0.9496 0.3030
vn 0.6266 0.4580 0.6306
vn 0.3599 0.9279 0.0976
vn 0.8594 0.4580 -0.2274
vn 0.8882 0.3912 0.2410
vn 0.6305 0.4580 -0.6267
vn 0.3303 0.9398 -0.0874
vn 0.2367 0.9427 -0.2353
vn -0.7041 0.0500 -0.7084
vn -0.3099 0.9470 -0.0841
vn -0.2556 0.0476 -0.9656
vn -0.9638 0.0524 -0.2614
vn -0.9656 0.0476 0.2556
vn 0.7083 0.0524 -0.7040
vn 0.7040 0.0524 0.7083
vn -0.7084 0.0500 0.7041
vn 0.2614 0.0500 -0.9639
vn 0.9640 0.0476 0.2615
vn -0.2614 0.0500 0.9639
vn 0.9655 0.0500 -0.2555
vn -0.2040 0.9558 -0.2117
vn -0.2960 0.9518 -0.0800
vn -0.2717 0.9597 0.0720
vn -0.2117 0.9558 0.2040
vn -0.0814 0.9558 0.2826
vn 0.0708 0.9558 0.2854
vn 0.2165 0.9518 0.2171
vn 0.2714 0.9597 0.0734
vn 0.2854 0.9558 -0.0708
vn 0.2173 0.9518 -0.2163
vn 0.0726 0.9558 -0.2849
vn -0.0721 0.9597 -0.2717
vn -0.0000 1.0000 -0.0000
vn 0.0743 -0.9518 0.2977
vn -0.0743 -0.9518 -0.2976
vn -0.0744 -0.9518 0.2976
vn -0.0000 -0.0000 -1.0000
vn 1.0000 -0.0000 -0.0000
vn 0.0744 0.9518 0.2976
vn -0.0743 0.9518 -0.2976
vn 0.0744 0.9518 -0.2976
vn -1.0000 -0.0000 -0.0000
vn -0.0000 -0.0000 1.0000
vn 0.1224 -0.9463 0.2991
vn -0.0257 -0.9550 -0.2956
vn -0.0256 -0.9550 0.2956
vn -0.0233 0.9558 0.2930
vn -0.1695 0.9388 -0.2999
vn -0.0233 0.9558 -0.2931
vn -0.0014 -0.9557 0.2942
vn -0.1487 -0.9424 -0.2995
vn -0.1487 -0.9424 0.2996
vn 0.2303 0.9257 0.3002
vn 0.0882 0.9533 -0.2888
vn 0.2303 0.9257 -0.3001
vn 0.0001 -0.0000 1.0000
vn -0.0744 0.9518 0.2976
vn 0.0744 -0.9518 -0.2976
vn -0.1695 0.9388 0.2999
vn 0.1223 -0.9464 -0.2990
vn 0.0882 0.9533 0.2888
vn -0.0015 -0.9557 -0.2942
vn 0.9842 0.0319 0.1742
vn 0.9842 -0.0319 -0.1742
vn 0.9842 -0.0319 0.1742
vn -0.9842 0.0319 -0.1742
vn 0.9842 0.0319 -0.1742
vn -0.9842 0.0319 0.1742
vn -0.0001 0.2499 0.9683
vn 0.0001 0.2426 0.9701
vn -0.9842 -0.0319 -0.1742
vn -0.9842 -0.0319 0.1742
vn -0.0000 -0.2426 0.9701
vn -0.0000 -0.2499 0.9683
vn -0.0000 -1.0000 0.0001
vn -0.0001 1.0000 -0.0000
vn -0.0001 0.2844 0.9587
vn 0.0001 0.2909 0.9567
vn -0.0001 -0.2909 0.9568
vn -0.0000 -0.2844 0.9587
vn -0.0000 0.2888 0.9574
vn 0.0001 0.2838 0.9589
vn -0.0000 -0.2838 0.9589
vn -0.0000 -0.2888 0.9574
vn -0.9107 0.4130 -0.0001
vn -0.9107 0.4130 0.0001
vn -0.9108 0.4129 -0.0000
vn -0.1030 -0.9498 -0.2955
vn 0.0725 -0.9379 0.3392
vn 0.0725 -0.9379 -0.3392
vn 0.0730 0.0472 -0.9962
vn -0.9108 0.4130 -0.0000
vn -0.9108 0.4130 -0.0001
vn 0.9107 -0.4130 0.0001
vn 0.9108 -0.4129 -0.0001
vn 0.9107 -0.4130 -0.0000
vn 0.9108 -0.4130 -0.0001
vn 0.0001 -0.0000 -1.0000
vn 0.0530 -0.9423 -0.3305
vn -0.0675 -0.9757 0.2083
vn 0.0530 -0.9423 0.3305
vn 0.9784 -0.0269 0.2050
vn 0.9838 0.0495 -0.1725
vn 0.9784 -0.0269 -0.2050
vn 0.1297 0.9472 0.2933
vn -0.0905 0.9374 -0.3363
vn 0.1296 0.9472 -0.2933
vn 0.0675 0.9757 0.2083
vn -0.0530 0.9423 -0.3305
vn 0.0676 0.9757 -0.2082
vn -0.9790 0.0413 -0.1997
vn -0.2185 0.0882 0.9718
vn -0.9790 0.0413 0.1997
vn -0.9824 -0.0789 -0.1695
vn -0.0560 -0.0738 -0.9957
vn 0.2081 -0.1222 0.9705
vn -0.9824 -0.0789 0.1695
vn -0.1319 -0.1737 0.9759
vn -0.1030 -0.9498 0.2955
vn 0.2215 -0.0848 0.9715
vn 0.9108 -0.4129 0.0001
vn 0.9838 0.0495 0.1725
vn 0.2031 0.1315 0.9703
vn -0.0906 0.9374 0.3363
vn -0.2154 0.1192 0.9692
vn -0.0001 -0.0000 -1.0000
vn -0.0676 -0.9757 -0.2082
vn 0.1882 -0.1220 0.9745
vn -0.4081 0.1208 0.9049
vn -0.9107 0.4130 -0.0000
vn 0.3835 -0.1092 0.9171
vn 0.9108 -0.4129 -0.0000
vn -0.1878 0.1222 0.9746
vn -0.0530 0.9423 0.3305
vn 0.7112 0.6994 0.0712
vn 0.7128 0.7014 -0.0000
vn -0.0253 0.0255 0.9994
vn 0.0557 -0.9984 0.0003
vn 0.0722 -0.9926 0.0976
vn 0.0554 -0.9884 0.1417
vn -0.0251 -0.0249 0.9994
vn -0.0000 -0.0313 0.9995
vn 0.0275 -0.0267 0.9993
vn 0.0476 -0.0154 0.9987
vn 0.0549 0.0001 0.9985
vn 0.0466 0.0153 0.9988
vn 0.0275 0.0267 0.9993
vn 0.0003 0.0307 0.9995
vn -0.0001 -0.0000 1.0000
vn -0.8451 -0.5346 -0.0000
vn -0.7023 -0.7082 0.0716
vn -0.7039 -0.7103 -0.0000
vn 0.0741 -0.9972 -0.0000
vn 0.0863 -0.9917 0.0948
vn -1.0000 0.0049 -0.0003
vn -0.9985 -0.0048 0.0540
vn -1.0000 -0.0049 -0.0000
vn -0.7020 0.7084 0.0730
vn -0.7040 0.7102 -0.0000
vn -0.8415 0.5296 0.1070
vn -0.8451 0.5346 -0.0003
vn 0.0769 0.9970 -0.0000
vn 0.0995 0.9905 0.0945
vn 0.0999 0.9950 -0.0000
vn 0.9488 0.3112 0.0539
vn 0.9502 0.3117 -0.0000
vn 0.9987 0.0002 0.0500
vn 0.9488 -0.3110 0.0549
vn 0.9502 -0.3117 -0.0000
vn 0.7112 -0.6994 0.0712
vn 0.7128 -0.7014 -0.0000
vn -0.0000 -0.9960 0.0894
vn 0.0524 0.9986 -0.0000
vn 0.0787 0.9921 0.0977
vn 0.0520 0.9885 0.1417
vn -0.8414 -0.5297 0.1070
vn -0.9985 0.0047 0.0539
vn 0.0004 0.9961 0.0879
vn 0.0865 -0.9963 -0.0000
vn -0.0770 0.9558 0.2838
vn -0.1130 -0.9868 -0.1157
vn -0.2549 0.9311 -0.2611
vn 0.1560 -0.9868 -0.0427
vn -0.9651 -0.0043 -0.2619
vn 0.9651 0.0045 0.2618
vn -0.0402 -0.9876 -0.1518
vn 0.0915 0.9370 -0.3373
vn -0.3527 0.9311 0.0933
vn -0.2423 0.9398 0.2409
vn -0.0915 0.9370 0.3373
vn 0.3598 0.9279 0.0976
vn 0.3304 0.9398 -0.0874
vn -0.2040 0.9558 -0.2118
vn -0.0719 0.9597 -0.2718
vn -0.2959 0.9519 -0.0803
vn -0.2717 0.9597 0.0719
vn 0.2175 0.9518 -0.2161
vn 0.2842 0.9558 -0.0752
vn 0.2161 0.9518 0.2175
vn -0.2118 0.9558 0.2040
vn 0.0726 0.9558 -0.2850
vn 0.2714 0.9597 0.0736
vn -0.2559 -0.0000 -0.9667
vn -0.7049 -0.0000 -0.7093
vn 0.2618 -0.0000 -0.9651
vn 0.7093 -0.0000 -0.7049
vn 0.9667 -0.0000 -0.2558
vn 0.9651 -0.0000 0.2618
vn 0.7049 -0.0000 0.7093
vn 0.2559 -0.0000 0.9667
vn -0.2618 -0.0000 0.9651
vn -0.7093 -0.0000 0.7049
vn -0.2615 0.0500 0.9639
vn -0.9667 -0.0000 0.2558
vn -0.9651 -0.0000 -0.2618
vn -0.0000 0.0104 0.9999
vn 0.0401 -0.9992 -0.0000
vn 0.0742 -0.9925 0.0975
vn 0.0399 -0.9891 0.1420
vn -0.0003 -0.0113 0.9999
vn 0.0549 0.0002 0.9985
vn -0.8453 -0.5343 -0.0000
vn 0.0744 -0.9972 -0.0000
vn 0.0824 -0.9919 0.0970
vn 0.0506 0.9940 0.0969
vn 0.0745 0.9972 -0.0000
vn 0.0510 0.9987 -0.0000
vn -1.0000 0.0049 -0.0002
vn -0.9985 -0.0048 0.0542
vn 0.0827 -0.9966 -0.0000
vn 0.0666 -0.9932 0.0952
vn -0.7039 0.7103 -0.0000
vn -0.8411 0.5301 0.1073
vn -0.8448 0.5350 -0.0001
vn 0.1569 0.9833 0.0923
vn 0.1573 0.9875 -0.0000
vn 0.9488 0.3112 0.0538
vn 0.9488 -0.3110 0.0548
vn 0.0688 0.9875 0.1421
vn 0.0692 0.9976 -0.0000
vn -0.8416 -0.5294 0.1068
vn -0.9986 0.0048 0.0530
vn 0.0004 0.9961 0.0878
vn 0.0741 0.9924 0.0986
vn 0.0667 -0.9978 -0.0005
vn -0.0007 0.0102 0.9999
vn 0.0309 -0.9995 -0.0001
vn 0.0686 -0.9929 0.0975
vn 0.0311 -0.9893 0.1426
vn -0.0011 -0.0108 0.9999
vn -0.0094 0.0055 0.9999
vn -0.8453 -0.5342 -0.0000
vn 0.0012 -0.0164 0.9999
vn 0.0008 0.0139 0.9999
vn 0.0617 0.9934 0.0970
vn 0.0741 0.9973 -0.0000
vn 0.0619 0.9981 -0.0000
vn 0.0689 -0.9976 -0.0000
vn 0.0604 -0.9935 0.0969
vn 0.0612 -0.9981 -0.0000
vn 0.0793 -0.9919 0.0991
vn -1.0000 0.0049 -0.0000
vn -0.9986 -0.0048 0.0524
vn -1.0000 -0.0048 -0.0000
vn 0.0742 0.9925 0.0976
vn 0.0867 0.9962 -0.0000
vn 0.0797 -0.9968 -0.0000
vn 0.1949 -0.9766 0.0906
vn -0.8411 0.5301 0.1072
vn -0.8448 0.5350 0.0001
vn 0.0862 0.9915 0.0970
vn 0.0591 0.9983 -0.0000
vn 0.0635 0.9877 0.1427
vn 0.0637 0.9980 -0.0000
vn -0.8417 -0.5293 0.1067
vn 0.0592 0.9937 0.0951
vn -0.9985 0.0048 0.0542
vn -0.0088 -0.0055 0.9999
vn 0.1953 -0.9807 0.0003
vn 0.2388 0.9398 0.2445
vn -0.7084 0.0500 0.7040
vn 0.2615 0.0500 -0.9639
vn -0.2959 0.9518 -0.0801
vn -0.2716 0.9597 0.0722
vn -0.0813 0.9558 0.2826
vn 0.2163 0.9518 0.2173
vn 0.2714 0.9597 0.0735
vn -0.0720 0.9597 -0.2717
vn 0.0198 0.9552 0.2953
vn -0.1282 0.9456 -0.2991
vn 0.0198 0.9552 -0.2953
vn 0.0175 -0.9552 0.2953
vn -0.1303 -0.9453 -0.2992
vn -0.1303 -0.9453 0.2992
vn 0.1329 0.9449 0.2993
vn -0.0148 0.9554 -0.2951
vn 0.1330 0.9449 -0.2992
vn 0.0743 -0.9518 0.2976
vn -0.1159 -0.9472 -0.2989
vn -0.1159 -0.9472 0.2989
vn -0.1281 0.9456 0.2992
vn 0.0323 -0.9547 -0.2959
vn 0.0324 -0.9547 0.2959
vn -0.0148 0.9553 0.2951
vn 0.0176 -0.9553 -0.2952
vn 0.9416 0.3093 -0.1334
vn -0.7019 0.6918 -0.1696
vn -0.7128 0.7014 -0.0000
vn -0.9910 0.0481 -0.1250
vn -0.9502 0.3117 -0.0000
vn -0.9988 0.0487 -0.0000
vn -0.9175 0.2717 -0.2904
vn -0.9751 0.1288 -0.1804
vn -0.9849 0.1079 -0.1350
vn 0.9988 0.0486 -0.0000
vn 0.9924 -0.0201 -0.1214
vn 0.9998 -0.0211 -0.0000
vn -0.9417 0.3089 -0.1337
vn -0.9916 -0.0202 -0.1275
vn -0.0002 -0.7107 -0.7035
vn -0.6203 -0.6362 -0.4588
vn -0.0014 -0.8206 -0.5716
vn 0.9751 0.1291 -0.1802
vn 0.9175 0.2718 -0.2904
vn 0.9852 0.1070 -0.1342
vn 0.9533 -0.2345 0.1902
vn 0.0421 0.0412 -0.9983
vn 0.0703 0.0232 -0.9973
vn 0.0317 0.0316 -0.9990
vn -0.9537 -0.2336 0.1894
vn -0.1445 -0.9891 -0.0280
vn 0.1363 -0.7285 0.6713
vn -0.1342 -0.7239 0.6767
vn 0.1185 -0.9632 -0.2414
vn 0.1664 -0.2234 -0.9604
vn 0.3154 0.1360 -0.9391
vn -0.6136 0.5573 -0.5594
vn -0.9070 0.3070 -0.2883
vn 0.7025 0.6912 -0.1696
vn 0.6203 0.6362 -0.4588
vn 0.0002 0.7107 -0.7035
vn 0.6136 0.5575 -0.5592
vn -0.7128 -0.7014 -0.0000
vn -0.9417 -0.3089 -0.1337
vn -0.9502 -0.3117 -0.0000
vn 0.7019 -0.6918 -0.1697
vn 0.9988 -0.0487 -0.0000
vn 0.9417 -0.3089 -0.1337
vn 0.9743 -0.1278 -0.1858
vn 0.9175 -0.2717 -0.2904
vn 0.9070 -0.3070 -0.2883
vn -0.9910 -0.0482 -0.1250
vn -0.9998 0.0211 -0.0000
vn -0.9988 -0.0487 -0.0000
vn 0.9923 0.0201 -0.1222
vn 0.9910 -0.0481 -0.1250
vn -0.1060 -0.4091 0.9063
vn 0.1098 -0.4089 0.9060
vn 0.6194 -0.6372 -0.4586
vn -0.9175 -0.2718 -0.2904
vn -0.9751 -0.1291 -0.1802
vn -0.9067 -0.3074 -0.2888
vn -0.9533 0.2345 0.1902
vn -0.9610 0.2676 -0.0694
vn 0.9537 0.2336 0.1894
vn 0.9601 0.2629 -0.0955
vn -0.1363 0.7285 0.6713
vn 0.1157 0.9649 -0.2358
vn -0.1430 0.9895 -0.0231
vn 0.6136 -0.5573 -0.5594
vn -0.7025 -0.6912 -0.1696
vn -0.6136 -0.5575 -0.5592
vn -0.1110 -0.0362 -0.9932
vn -0.1520 -0.0072 -0.9884
vn -0.0706 -0.0232 -0.9972
vn -0.0421 -0.0412 -0.9983
vn -0.0317 -0.0316 -0.9990
vn -0.1171 -0.0143 -0.9930
vn -0.1803 0.2054 -0.9619
vn 0.1238 -0.0139 -0.9922
vn 0.1672 0.2288 -0.9590
vn 0.3091 -0.1551 -0.9383
vn -0.0370 0.9993 -0.0000
vn 0.0346 0.9736 -0.2257
vn 0.0369 0.9993 -0.0000
vn 0.1126 -0.0367 -0.9930
vn 0.1517 -0.0072 -0.9884
vn 0.0424 -0.0416 -0.9982
vn 0.0706 -0.0232 -0.9972
vn -0.0000 -0.0428 -0.9991
vn 0.0317 -0.0316 -0.9990
vn -0.0000 -0.0321 -0.9995
vn -0.0000 -0.3841 -0.9233
vn 0.5325 -0.3211 -0.7832
vn -0.0000 -0.1857 -0.9826
vn 0.5007 -0.1579 -0.8511
vn -0.0000 -0.0555 -0.9985
vn 0.4901 -0.0474 -0.8704
vn -0.0000 0.0555 -0.9985
vn 0.5007 0.1579 -0.8511
vn 0.4921 0.0473 -0.8692
vn 0.5325 0.3210 -0.7832
vn -0.0000 0.1857 -0.9826
vn -0.0000 0.3842 -0.9233
vn -0.0000 0.0428 -0.9991
vn -0.0000 0.0321 -0.9995
vn 0.8840 -0.1664 -0.4369
vn 0.8709 -0.0817 -0.4846
vn 0.8666 0.0240 -0.4984
vn 0.8687 -0.0239 -0.4947
vn 0.8709 0.0817 -0.4846
vn 0.8840 0.1664 -0.4369
vn 0.1107 0.0361 -0.9932
vn 0.1488 0.0065 -0.9889
vn 0.9850 -0.1079 -0.1350
vn 0.9772 -0.0627 -0.2031
vn 0.9738 -0.0285 -0.2258
vn 0.9730 -0.0076 -0.2307
vn 0.9741 0.0282 -0.2242
vn 0.9732 0.0077 -0.2296
vn 0.9772 0.0627 -0.2030
vn 0.9067 0.3074 -0.2888
vn -0.9772 0.0627 -0.2030
vn -0.9140 -0.1852 0.3609
vn 0.1060 0.4091 0.9063
vn 0.1342 0.7239 0.6767
vn -0.1098 0.4089 0.9060
vn 0.1007 0.2082 0.9729
vn -0.1002 0.0644 0.9929
vn -0.1015 0.2057 0.9733
vn -0.1020 -0.0635 0.9928
vn 0.1020 0.0635 0.9928
vn -0.1007 -0.2082 0.9729
vn 0.1002 -0.0667 0.9927
vn 0.1015 -0.2057 0.9733
vn 0.1172 0.0143 -0.9930
vn 0.9140 0.1852 0.3609
vn 0.8448 0.0392 0.5336
vn 0.8714 0.1156 0.4767
vn 0.8452 -0.0394 0.5330
vn 0.9141 -0.1850 0.3608
vn 0.8712 -0.1157 0.4771
vn -0.1803 -0.2054 -0.9619
vn -0.1179 0.0142 -0.9929
vn -0.1519 0.0072 -0.9884
vn -0.9772 -0.0627 -0.2030
vn -0.9851 -0.1070 -0.1343
vn -0.9741 -0.0282 -0.2242
vn -0.9141 0.1850 0.3608
vn -0.8452 0.0394 0.5330
vn -0.8712 0.1157 0.4772
vn -0.9731 -0.0076 -0.2303
vn -0.8448 -0.0392 0.5336
vn -0.9738 0.0285 -0.2256
vn -0.9731 0.0077 -0.2302
vn -0.8714 -0.1156 0.4767
vn 0.0369 -0.9993 -0.0003
vn -0.0347 -0.9743 -0.2225
vn -0.0369 -0.9993 -0.0000
vn -0.8840 -0.1664 -0.4369
vn -0.8709 -0.0817 -0.4846
vn -0.8679 -0.0238 -0.4962
vn -0.8674 0.0242 -0.4970
vn -0.8709 0.0817 -0.4846
vn -0.8840 0.1664 -0.4369
vn -0.1126 0.0367 -0.9930
vn -0.5326 -0.3210 -0.7831
vn -0.5007 -0.1579 -0.8511
vn -0.4915 -0.0471 -0.8696
vn -0.4906 0.0475 -0.8701
vn -0.5008 0.1580 -0.8510
vn -0.5325 0.3210 -0.7831
vn -0.0424 0.0416 -0.9982
vn -0.0706 0.0232 -0.9972
vn -0.0317 0.0316 -0.9990
vn -0.3166 0.1352 -0.9389
vn 0.9610 -0.2677 -0.0694
vn 0.0352 -0.9736 -0.2255
vn -0.3164 -0.1352 -0.9390
vn -0.0347 0.9743 -0.2226
vn -0.9916 0.0202 -0.1274
vn -0.0000 0.9789 -0.2042
vn 0.9917 0.0488 -0.1190
vn -0.9998 -0.0212 -0.0001
vn -0.9611 -0.2675 -0.0691
vn -0.6194 0.6371 -0.4586
vn 0.0008 0.8206 -0.5716
vn -0.0000 -0.9789 -0.2042
vn 0.9998 0.0212 0.0002
vn -0.1556 -0.9869 -0.0437
vn -0.0423 -0.9868 0.1560
vn 0.0402 -0.9876 0.1517
vn 0.1140 -0.9868 0.1147
vn 0.1562 -0.9869 -0.0413
vn 0.1094 -0.9880 -0.1088
vn 0.0814 -0.9958 -0.0429
vn 0.8801 0.0417 -0.4730
vn 0.9996 -0.0281 0.0031
vn 0.8801 -0.0418 -0.4729
vn -0.1076 0.9880 -0.1106
vn -0.0812 0.9958 -0.0435
vn -0.1556 0.9868 -0.0437
vn -0.1567 0.9868 0.0400
vn -0.1156 0.9868 0.1130
vn -0.0436 0.9861 0.1606
vn 0.0401 0.9876 0.1518
vn 0.1130 0.9868 0.1157
vn 0.1606 0.9861 0.0436
vn 0.1559 0.9868 -0.0428
vn 0.1083 0.9880 -0.1099
vn 0.0814 0.9958 -0.0429
vn 0.2486 0.9686 0.0009
vn -0.8772 -0.0417 -0.4783
vn -0.9996 0.0281 -0.0032
vn -0.8772 0.0418 -0.4783
vn -0.0811 -0.9958 -0.0434
vn -0.7045 0.0250 -0.7093
vn 0.7088 0.0250 -0.7050
vn 0.9664 -0.0250 -0.2558
vn 0.9663 0.0250 -0.2562
vn 0.9648 -0.0257 0.2617
vn 0.9648 0.0257 0.2617
vn 0.7047 -0.0250 0.7091
vn 0.7044 0.0250 0.7093
vn 0.2558 -0.0242 0.9664
vn 0.2558 0.0242 0.9664
vn -0.2617 -0.0250 0.9648
vn -0.2617 0.0257 0.9648
vn -0.7090 -0.0258 0.7047
vn -0.7093 0.0250 0.7045
vn -0.9664 -0.0250 0.2558
vn -0.9665 0.0250 0.2554
vn -0.9648 -0.0250 -0.2617
vn -0.9647 0.0250 -0.2621
vn -0.7047 -0.0250 -0.7091
vn 0.2485 -0.9686 0.0008
vn -0.2485 -0.9686 -0.0007
vn 0.7090 -0.0250 -0.7047
vn -0.1077 -0.9880 -0.1106
vn -0.2485 0.9686 -0.0008
vn 0.9996 0.0280 0.0031
vn -0.9996 -0.0280 -0.0031
vn -0.1663 -0.9841 -0.0623
vn -0.1751 -0.9841 0.0291
vn -0.1614 -0.9738 0.1605
vn -0.0303 -0.9841 0.1749
vn 0.0308 -0.9927 0.1163
vn 0.1129 -0.9841 0.1370
vn 0.2196 -0.9738 0.0596
vn 0.1666 -0.9841 -0.0612
vn 0.1109 -0.9846 -0.1348
vn 0.0925 -0.9945 -0.0488
vn 0.8802 0.0332 -0.4733
vn 0.9999 -0.0144 0.0031
vn 0.8791 -0.0631 -0.4725
vn -0.1101 0.9846 -0.1355
vn -0.0769 0.9962 -0.0412
vn -0.1663 0.9841 -0.0622
vn -0.1750 0.9841 0.0292
vn -0.1370 0.9841 0.1129
vn -0.0596 0.9738 0.2196
vn 0.0308 0.9927 0.1163
vn 0.1128 0.9841 0.1370
vn 0.2196 0.9738 0.0596
vn 0.1666 0.9841 -0.0612
vn 0.1109 0.9846 -0.1348
vn 0.0925 0.9945 -0.0488
vn 0.2539 0.9672 0.0008
vn -0.8773 -0.0332 -0.4787
vn -0.9999 0.0144 -0.0032
vn -0.8762 0.0631 -0.4779
vn -0.0769 -0.9962 -0.0412
vn -0.6452 0.0283 -0.7635
vn 0.2539 -0.9672 0.0008
vn -0.4156 -0.9096 -0.0014
vn -0.9405 0.0283 -0.3386
vn -0.7648 -0.0283 -0.6437
vn -0.9838 0.0283 0.1770
vn -0.9842 -0.0283 -0.1751
vn -0.7635 0.0283 0.6452
vn -0.9398 -0.0283 0.3405
vn -0.3437 0.0196 0.9389
vn -0.6459 -0.0196 0.7632
vn 0.1742 0.0367 0.9840
vn -0.1830 -0.0283 0.9827
vn 0.6452 0.0283 0.7635
vn 0.3354 -0.0367 0.9414
vn 0.9389 0.0196 0.3437
vn 0.7648 -0.0283 0.6437
vn 0.9852 0.0283 -0.1690
vn 0.9839 -0.0196 0.1778
vn 0.7687 0.0283 -0.6390
vn 0.9425 -0.0283 -0.3329
vn 0.6498 -0.0283 -0.7595
vn -0.1101 -0.9846 -0.1355
vn -0.4155 0.9096 -0.0013
vn 0.9996 0.0281 0.0031
vn -0.9996 -0.0281 -0.0031
vn 0.0401 -0.9876 0.1518
vn 0.1139 -0.9868 0.1147
vn 0.1605 -0.9861 0.0436
vn 0.1563 -0.9868 -0.0414
vn 0.1095 -0.9880 -0.1088
vn 0.0815 -0.9957 -0.0430
vn 0.8801 0.0418 -0.4730
vn 0.9996 -0.0281 0.0029
vn 0.8801 -0.0417 -0.4729
vn -0.0811 0.9958 -0.0434
vn -0.1566 0.9868 0.0400
vn -0.1156 0.9869 0.1130
vn -0.0436 0.9861 0.1605
vn 0.0401 0.9876 0.1517
vn 0.1129 0.9869 0.1156
vn 0.1605 0.9861 0.0436
vn 0.2485 0.9686 0.0006
vn -0.9996 0.0281 -0.0031
vn -0.8772 0.0417 -0.4783
vn -0.0811 -0.9958 -0.0435
vn 0.9648 -0.0258 0.2617
vn 0.9648 0.0258 0.2617
vn -0.2617 0.0258 0.9648
vn -0.7047 -0.0250 -0.7090
vn -0.2485 -0.9686 -0.0006
vn -0.9416 0.3093 0.1334
vn 0.7019 0.6918 0.1696
vn 0.9910 0.0481 0.1250
vn 0.9988 0.0487 -0.0000
vn 0.9175 0.2717 0.2904
vn 0.9751 0.1288 0.1804
vn 0.9849 0.1079 0.1350
vn -0.9988 0.0486 -0.0000
vn -0.9924 -0.0201 0.1214
vn -0.9998 -0.0211 -0.0000
vn 0.9417 0.3089 0.1337
vn 0.9916 -0.0202 0.1275
vn 0.0002 -0.7107 0.7035
vn 0.6203 -0.6362 0.4588
vn 0.0014 -0.8206 0.5716
vn -0.9751 0.1291 0.1802
vn -0.9175 0.2718 0.2904
vn -0.9852 0.1070 0.1342
vn -0.9533 -0.2345 -0.1902
vn -0.0421 0.0412 0.9983
vn -0.0703 0.0232 0.9973
vn -0.0317 0.0316 0.9990
vn 0.9537 -0.2336 -0.1894
vn 0.1445 -0.9891 0.0281
vn -0.1363 -0.7285 -0.6714
vn 0.1342 -0.7239 -0.6767
vn -0.1185 -0.9632 0.2414
vn -0.1664 -0.2234 0.9604
vn -0.3154 0.1360 0.9391
vn 0.6136 0.5573 0.5594
vn 0.9070 0.3070 0.2883
vn -0.7025 0.6912 0.1696
vn -0.6203 0.6362 0.4588
vn -0.0002 0.7107 0.7035
vn -0.6136 0.5575 0.5592
vn 0.9417 -0.3089 0.1337
vn -0.7019 -0.6918 0.1697
vn -0.9417 -0.3089 0.1337
vn -0.9743 -0.1278 0.1858
vn -0.9175 -0.2717 0.2904
vn -0.9070 -0.3070 0.2883
vn 0.9910 -0.0482 0.1250
vn 0.9998 0.0211 -0.0000
vn -0.9923 0.0201 0.1222
vn -0.9910 -0.0481 0.1250
vn 0.1060 -0.4091 -0.9063
vn -0.1098 -0.4089 -0.9060
vn -0.6194 -0.6372 0.4586
vn 0.9175 -0.2718 0.2904
vn 0.9751 -0.1291 0.1802
vn 0.9067 -0.3074 0.2888
vn 0.9533 0.2345 -0.1902
vn 0.9610 0.2676 0.0694
vn -0.9537 0.2336 -0.1894
vn -0.9601 0.2629 0.0956
vn 0.1363 0.7285 -0.6713
vn -0.1157 0.9649 0.2358
vn 0.1430 0.9895 0.0231
vn -0.6136 -0.5573 0.5594
vn 0.7025 -0.6912 0.1696
vn 0.6136 -0.5575 0.5592
vn 0.1110 -0.0362 0.9932
vn 0.1519 -0.0072 0.9884
vn 0.0706 -0.0232 0.9972
vn 0.0421 -0.0412 0.9983
vn 0.0317 -0.0316 0.9990
vn 0.1171 -0.0143 0.9930
vn 0.1803 0.2054 0.9619
vn -0.1238 -0.0139 0.9922
vn -0.1672 0.2288 0.9590
vn -0.3091 -0.1551 0.9383
vn 0.0370 0.9993 -0.0000
vn -0.0346 0.9736 0.2257
vn -0.0369 0.9993 -0.0000
vn -0.1126 -0.0367 0.9930
vn -0.1517 -0.0072 0.9884
vn -0.0424 -0.0416 0.9982
vn -0.0706 -0.0232 0.9972
vn -0.0000 -0.0428 0.9991
vn -0.0317 -0.0316 0.9990
vn -0.0000 -0.0321 0.9995
vn -0.0000 -0.3842 0.9233
vn -0.5325 -0.3210 0.7832
vn -0.0000 -0.1857 0.9826
vn -0.5007 -0.1579 0.8511
vn -0.0000 -0.0554 0.9985
vn -0.4901 -0.0474 0.8704
vn -0.0000 0.0556 0.9985
vn -0.5007 0.1579 0.8511
vn -0.4921 0.0473 0.8692
vn -0.5325 0.3210 0.7832
vn -0.0000 0.1857 0.9826
vn -0.0000 0.3842 0.9233
vn -0.0000 0.0428 0.9991
vn -0.0000 0.0321 0.9995
vn -0.8840 -0.1664 0.4369
vn -0.8709 -0.0817 0.4846
vn -0.8666 0.0240 0.4984
vn -0.8687 -0.0239 0.4947
vn -0.8709 0.0817 0.4846
vn -0.8840 0.1664 0.4369
vn -0.1107 0.0361 0.9932
vn -0.1488 0.0065 0.9889
vn -0.9849 -0.1079 0.1350
vn -0.9772 -0.0627 0.2030
vn -0.9738 -0.0285 0.2258
vn -0.9730 -0.0076 0.2307
vn -0.9741 0.0282 0.2242
vn -0.9733 0.0077 0.2296
vn -0.9772 0.0627 0.2030
vn -0.9067 0.3074 0.2888
vn 0.9772 0.0627 0.2030
vn 0.9140 -0.1852 -0.3609
vn -0.1060 0.4091 -0.9063
vn -0.1342 0.7239 -0.6767
vn 0.1099 0.4089 -0.9060
vn -0.1007 0.2082 -0.9729
vn 0.1002 0.0644 -0.9929
vn 0.1015 0.2057 -0.9733
vn 0.1020 -0.0635 -0.9928
vn -0.1020 0.0635 -0.9928
vn 0.1007 -0.2082 -0.9729
vn -0.1002 -0.0667 -0.9927
vn -0.1015 -0.2057 -0.9733
vn -0.1172 0.0143 0.9930
vn -0.9140 0.1852 -0.3609
vn -0.8448 0.0392 -0.5336
vn -0.8714 0.1156 -0.4767
vn -0.8452 -0.0394 -0.5331
vn -0.9141 -0.1850 -0.3608
vn -0.8712 -0.1157 -0.4771
vn 0.1803 -0.2055 0.9619
vn 0.1179 0.0142 0.9929
vn 0.1519 0.0072 0.9884
vn 0.9772 -0.0627 0.2030
vn 0.9851 -0.1070 0.1343
vn 0.9741 -0.0282 0.2242
vn 0.9141 0.1850 -0.3608
vn 0.8452 0.0394 -0.5330
vn 0.8712 0.1157 -0.4771
vn 0.9731 -0.0076 0.2302
vn 0.8448 -0.0392 -0.5336
vn 0.9738 0.0285 0.2256
vn 0.9731 0.0077 0.2302
vn 0.8714 -0.1156 -0.4767
vn -0.0369 -0.9993 -0.0004
vn 0.0347 -0.9743 0.2225
vn 0.0369 -0.9993 -0.0000
vn 0.8840 -0.1664 0.4369
vn 0.8709 -0.0817 0.4846
vn 0.8679 -0.0238 0.4962
vn 0.8674 0.0242 0.4970
vn 0.8709 0.0817 0.4846
vn 0.8840 0.1664 0.4369
vn 0.1126 0.0367 0.9930
vn 0.5326 -0.3210 0.7831
vn 0.5007 -0.1579 0.8511
vn 0.4915 -0.0471 0.8696
vn 0.4906 0.0475 0.8701
vn 0.5007 0.1579 0.8511
vn 0.5325 0.3210 0.7831
vn 0.0424 0.0416 0.9982
vn 0.0706 0.0232 0.9972
vn 0.0317 0.0316 0.9990
vn 0.3166 0.1352 0.9389
vn -0.9610 -0.2677 0.0694
vn -0.0352 -0.9736 0.2255
vn 0.3164 -0.1352 0.9390
vn 0.0347 0.9743 0.2226
vn 0.9916 0.0202 0.1275
vn -0.0000 0.9789 0.2042
vn -0.9917 0.0488 0.1190
vn 0.9998 -0.0212 -0.0002
vn 0.9611 -0.2675 0.0691
vn 0.6194 0.6371 0.4586
vn -0.0008 0.8205 0.5716
vn -0.0000 -0.9789 0.2042
vn -0.9998 0.0212 -0.0002
vt 0.329594 0.791379
vt 0.327626 0.760924
vt 0.329594 0.760924
vt 0.498921 0.071159
vt 0.496565 0.070114
vt 0.498921 0.070114
vt 0.425376 0.697317
vt 0.426954 0.696408
vt 0.427861 0.699806
vt 0.424465 0.698892
vt 0.424463 0.700713
vt 0.428768 0.703205
vt 0.426947 0.703202
vt 0.430346 0.702296
vt 0.425371 0.702291
vt 0.798796 0.634765
vt 0.800765 0.635305
vt 0.799189 0.636213
vt 0.430351 0.697322
vt 0.431259 0.698899
vt 0.428775 0.696410
vt 0.307948 0.791379
vt 0.305980 0.760924
vt 0.307948 0.760924
vt 0.327626 0.791379
vt 0.325658 0.760924
vt 0.325658 0.791379
vt 0.323690 0.760924
vt 0.323690 0.791379
vt 0.321722 0.760924
vt 0.321722 0.791379
vt 0.319755 0.760924
vt 0.319755 0.791379
vt 0.317787 0.760924
vt 0.317787 0.791379
vt 0.315819 0.760924
vt 0.315819 0.791379
vt 0.313851 0.760924
vt 0.313851 0.791379
vt 0.311883 0.760924
vt 0.311883 0.791379
vt 0.309916 0.760924
vt 0.309916 0.791379
vt 0.431258 0.700720
vt 0.800227 0.633345
vt 0.799702 0.634247
vt 0.797369 0.636211
vt 0.797753 0.634761
vt 0.799713 0.631397
vt 0.801678 0.631910
vt 0.800231 0.632302
vt 0.798811 0.630872
vt 0.800770 0.630333
vt 0.797768 0.630868
vt 0.799195 0.629422
vt 0.795799 0.630328
vt 0.797376 0.629420
vt 0.796863 0.631386
vt 0.794888 0.631903
vt 0.796334 0.633330
vt 0.796337 0.632287
vt 0.796852 0.634236
vt 0.794886 0.633723
vt 0.795794 0.635300
vt 0.498921 0.076387
vt 0.496565 0.075341
vt 0.498921 0.075341
vt 0.801676 0.633730
vt 0.498921 0.064886
vt 0.496565 0.063841
vt 0.498921 0.063841
vt 0.496565 0.074296
vt 0.498921 0.074296
vt 0.496565 0.073250
vt 0.498921 0.073250
vt 0.498921 0.066977
vt 0.496565 0.065932
vt 0.498921 0.065932
vt 0.496565 0.069068
vt 0.498921 0.069068
vt 0.496565 0.072205
vt 0.498921 0.072205
vt 0.496565 0.064886
vt 0.496565 0.068023
vt 0.498921 0.068023
vt 0.496565 0.071159
vt 0.496565 0.066977
vt 0.799293 0.636589
vt 0.801044 0.635578
vt 0.802055 0.633827
vt 0.802055 0.631805
vt 0.801044 0.630054
vt 0.799293 0.629044
vt 0.797271 0.629044
vt 0.795520 0.630054
vt 0.794510 0.631805
vt 0.794510 0.633827
vt 0.795520 0.635578
vt 0.797271 0.636589
vt 0.431636 0.700818
vt 0.430624 0.702570
vt 0.428872 0.703581
vt 0.426850 0.703581
vt 0.424086 0.700818
vt 0.425098 0.702570
vt 0.424086 0.698795
vt 0.425098 0.697042
vt 0.428872 0.696031
vt 0.426850 0.696031
vt 0.430624 0.697042
vt 0.431636 0.698795
vt 0.908933 0.387675
vt 0.909102 0.386627
vt 0.909482 0.386724
vt 0.909105 0.385732
vt 0.909482 0.385625
vt 0.908933 0.384674
vt 0.908659 0.384955
vt 0.907885 0.384505
vt 0.907982 0.384125
vt 0.906990 0.384502
vt 0.906883 0.384125
vt 0.906213 0.384947
vt 0.905932 0.384674
vt 0.905763 0.385721
vt 0.905383 0.385625
vt 0.905383 0.386724
vt 0.905760 0.386617
vt 0.906205 0.387394
vt 0.905932 0.387675
vt 0.906979 0.387844
vt 0.906883 0.388224
vt 0.907982 0.388224
vt 0.907875 0.387847
vt 0.908652 0.387401
vt 0.907432 0.386174
vt 0.305980 0.791379
vt 0.496565 0.076387
vt 0.004344 0.968352
vt 0.051692 0.957704
vt 0.051692 0.968352
vt 0.140922 0.503698
vt 0.193873 0.875632
vt 0.140717 0.874400
vt 0.967691 0.510941
vt 0.978338 0.955341
vt 0.967690 0.955342
vt 0.550040 0.968351
vt 0.502693 0.957703
vt 0.550040 0.957703
vt 0.499389 0.957704
vt 0.054996 0.968352
vt 0.054996 0.957703
vt 0.006628 0.503699
vt 0.059579 0.875632
vt 0.006422 0.874401
vt 0.950826 0.552262
vt 0.940177 0.504887
vt 0.950826 0.504887
vt 0.642958 0.381820
vt 0.695479 0.007234
vt 0.696091 0.381927
vt 0.004247 0.997655
vt 0.455532 0.987007
vt 0.455532 0.997655
vt 0.950824 0.001049
vt 0.940176 0.048484
vt 0.940176 0.001049
vt 0.940176 0.051883
vt 0.950826 0.501631
vt 0.940177 0.501631
vt 0.575696 0.007236
vt 0.628217 0.381823
vt 0.575084 0.381930
vt 0.320810 0.706681
vt 0.368212 0.696033
vt 0.368211 0.706681
vt 0.492871 0.517801
vt 0.865125 0.465359
vt 0.866165 0.518429
vt 0.978333 0.448783
vt 0.967686 0.001040
vt 0.978333 0.001040
vt 0.978333 0.452244
vt 0.967685 0.499838
vt 0.967686 0.452244
vt 0.458593 0.997657
vt 0.909040 0.987010
vt 0.909040 0.997657
vt 0.844681 0.381813
vt 0.897123 0.009560
vt 0.897751 0.382854
vt 0.194869 0.880062
vt 0.199452 0.876414
vt 0.194078 0.504930
vt 0.195227 0.500362
vt 0.199452 0.504157
vt 0.005273 0.878968
vt 0.001049 0.875174
vt 0.005632 0.499269
vt 0.001049 0.502917
vt 0.139568 0.878968
vt 0.135344 0.875174
vt 0.139926 0.499269
vt 0.135343 0.502916
vt 0.060574 0.880062
vt 0.065158 0.876415
vt 0.060933 0.500363
vt 0.065157 0.504157
vt 0.059784 0.504931
vt 0.697151 0.386245
vt 0.701272 0.382758
vt 0.696588 0.002575
vt 0.701292 0.006631
vt 0.574024 0.386248
vt 0.569902 0.382760
vt 0.574587 0.002578
vt 0.569883 0.006634
vt 0.641855 0.386520
vt 0.637122 0.382532
vt 0.641254 0.001059
vt 0.642314 0.005411
vt 0.637122 0.004476
vt 0.629319 0.386522
vt 0.634053 0.382535
vt 0.629920 0.001062
vt 0.634053 0.004478
vt 0.628861 0.005413
vt 0.869799 0.464255
vt 0.865775 0.459527
vt 0.488787 0.464678
vt 0.484394 0.463617
vt 0.487711 0.459492
vt 0.843577 0.386487
vt 0.838849 0.382463
vt 0.842938 0.001084
vt 0.844000 0.005477
vt 0.838814 0.004401
vt 0.870490 0.519486
vt 0.867051 0.523595
vt 0.488261 0.518922
vt 0.492408 0.523595
vt 0.898808 0.387179
vt 0.902918 0.383740
vt 0.898244 0.004951
vt 0.902917 0.009098
vt 0.502693 0.968351
vt 0.001040 0.957703
vt 0.004344 0.957703
vt 0.978338 0.507637
vt 0.967691 0.507637
vt 0.950824 0.048484
vt 0.940177 0.555614
vt 0.940177 0.552262
vt 0.001040 0.987007
vt 0.001040 0.997655
vt 0.371590 0.706681
vt 0.978333 0.499838
vt 0.967685 0.502977
vt 0.317582 0.696033
vt 0.320810 0.696033
vt 0.978338 0.510941
vt 0.499389 0.968351
vt 0.004247 0.987007
vt 0.950824 0.051883
vt 0.967686 0.448783
vt 0.458593 0.987009
vt 0.001040 0.968352
vt 0.950826 0.555614
vt 0.371590 0.696033
vt 0.978333 0.502978
vt 0.317582 0.706681
vt 0.207142 0.607982
vt 0.246524 0.881728
vt 0.207000 0.881464
vt 0.926414 0.044180
vt 0.937102 0.355248
vt 0.926415 0.355248
vt 0.926414 0.004360
vt 0.937102 0.040863
vt 0.926414 0.040863
vt 0.937102 0.398381
vt 0.926415 0.709418
vt 0.926415 0.398381
vt 0.247417 0.885779
vt 0.251151 0.882478
vt 0.246666 0.608246
vt 0.247573 0.604041
vt 0.251150 0.607446
vt 0.583326 0.584354
vt 0.586547 0.580898
vt 0.587264 0.585264
vt 0.869361 0.584556
vt 0.865562 0.585407
vt 0.866251 0.580897
vt 0.206093 0.885669
vt 0.202515 0.882265
vt 0.206249 0.603931
vt 0.202515 0.607232
vt 0.583048 0.622199
vt 0.586846 0.621348
vt 0.586158 0.625858
vt 0.869082 0.622400
vt 0.865861 0.625857
vt 0.865144 0.621490
vt 0.926415 0.395064
vt 0.937102 0.001044
vt 0.937102 0.004360
vt 0.926415 0.358564
vt 0.937102 0.358564
vt 0.937102 0.395064
vt 0.859485 0.591143
vt 0.592924 0.615612
vt 0.593149 0.591172
vt 0.859259 0.615582
vt 0.937102 0.044180
vt 0.937102 0.709418
vt 0.926414 0.001044
vt 0.588300 0.572636
vt 0.862404 0.533202
vt 0.862140 0.572778
vt 0.912648 0.044237
vt 0.923349 0.355711
vt 0.912648 0.355711
vt 0.912648 0.004365
vt 0.923350 0.040916
vt 0.912648 0.040916
vt 0.923349 0.398900
vt 0.912649 0.710342
vt 0.912648 0.398900
vt 0.866460 0.532308
vt 0.863155 0.528570
vt 0.588565 0.533060
vt 0.584354 0.532151
vt 0.587763 0.528570
vt 0.305953 0.601027
vt 0.309129 0.597646
vt 0.309879 0.601872
vt 0.574298 0.601152
vt 0.570523 0.602006
vt 0.571207 0.597646
vt 0.866350 0.573686
vt 0.862941 0.577268
vt 0.584244 0.573530
vt 0.587550 0.577268
vt 0.306088 0.639330
vt 0.309863 0.638476
vt 0.309179 0.642837
vt 0.574433 0.639456
vt 0.571257 0.642837
vt 0.570507 0.638611
vt 0.923349 0.395579
vt 0.912648 0.395579
vt 0.923350 0.001044
vt 0.923350 0.004365
vt 0.912648 0.359031
vt 0.923349 0.359031
vt 0.314361 0.606575
vt 0.565981 0.606577
vt 0.314405 0.633906
vt 0.566025 0.633907
vt 0.923350 0.044237
vt 0.923350 0.710342
vt 0.912648 0.001044
vt 0.298422 0.608252
vt 0.258709 0.881794
vt 0.258851 0.607987
vt 0.667072 0.913740
vt 0.355633 0.924440
vt 0.355633 0.913740
vt 0.706939 0.913740
vt 0.670392 0.924440
vt 0.670392 0.913740
vt 0.312449 0.924440
vt 0.001041 0.913741
vt 0.312449 0.913740
vt 0.257957 0.603932
vt 0.254219 0.607237
vt 0.257801 0.886004
vt 0.254219 0.882595
vt 0.306196 0.678460
vt 0.309381 0.675097
vt 0.310116 0.679328
vt 0.575230 0.678628
vt 0.571448 0.679465
vt 0.572145 0.675097
vt 0.299331 0.604042
vt 0.302912 0.607451
vt 0.299175 0.886114
vt 0.298281 0.882059
vt 0.302912 0.882809
vt 0.305987 0.716755
vt 0.309768 0.715919
vt 0.309071 0.720287
vt 0.575020 0.716923
vt 0.571835 0.720287
vt 0.571100 0.716056
vt 0.315769 0.924440
vt 0.315769 0.913740
vt 0.710259 0.924440
vt 0.706939 0.924440
vt 0.352313 0.913740
vt 0.352313 0.924440
vt 0.566834 0.684056
vt 0.314383 0.711328
vt 0.314597 0.684060
vt 0.566619 0.711323
vt 0.667072 0.924440
vt 0.001041 0.924440
vt 0.710259 0.913740
vt 0.232823 0.907729
vt 0.053495 0.896998
vt 0.232823 0.896998
vt 0.254039 0.907729
vt 0.287760 0.896998
vt 0.287760 0.907729
vt 0.819434 0.840155
vt 0.803544 0.858630
vt 0.782087 0.841078
vt 0.964626 0.248535
vt 0.953895 0.031547
vt 0.964626 0.031547
vt 0.964626 0.303028
vt 0.953895 0.484830
vt 0.953894 0.303028
vt 0.292003 0.896998
vt 0.494554 0.907730
vt 0.292003 0.907729
vt 0.581790 0.874596
vt 0.581615 0.679900
vt 0.619043 0.704714
vt 0.953894 0.298785
vt 0.964626 0.250577
vt 0.964626 0.298785
vt 0.964626 0.489274
vt 0.953895 0.512066
vt 0.953895 0.489274
vt 0.964626 0.001046
vt 0.953895 0.027304
vt 0.953895 0.001046
vt 0.001044 0.896998
vt 0.049252 0.907730
vt 0.001044 0.907730
vt 0.622402 0.883687
vt 0.620776 0.888340
vt 0.618831 0.884940
vt 0.712103 0.689120
vt 0.713991 0.685795
vt 0.715643 0.690346
vt 0.611120 0.899029
vt 0.607367 0.899367
vt 0.608977 0.896379
vt 0.578130 0.873714
vt 0.580200 0.878021
vt 0.672207 0.700027
vt 0.674329 0.695777
vt 0.675872 0.699164
vt 0.704622 0.675496
vt 0.702544 0.678067
vt 0.700986 0.675156
vt 0.822963 0.838901
vt 0.821370 0.843487
vt 0.665630 0.696170
vt 0.667538 0.692902
vt 0.669138 0.697410
vt 0.805677 0.861283
vt 0.801910 0.861626
vt 0.652390 0.675521
vt 0.650293 0.678073
vt 0.648751 0.675152
vt 0.625473 0.695600
vt 0.627745 0.691246
vt 0.629308 0.694711
vt 0.778246 0.840155
vt 0.780443 0.844604
vt 0.781718 0.633967
vt 0.778246 0.630593
vt 0.780602 0.629301
vt 0.665725 0.877939
vt 0.669083 0.877168
vt 0.667135 0.881190
vt 0.628986 0.904493
vt 0.627945 0.909312
vt 0.625473 0.908021
vt 0.819189 0.658774
vt 0.820494 0.655517
vt 0.822533 0.659482
vt 0.620351 0.701452
vt 0.622402 0.705428
vt 0.675565 0.896158
vt 0.674608 0.900854
vt 0.672207 0.899609
vt 0.712392 0.869564
vt 0.715767 0.868790
vt 0.713804 0.872829
vt 0.578296 0.676599
vt 0.580584 0.675356
vt 0.237267 0.907729
vt 0.964626 0.484830
vt 0.964626 0.027304
vt 0.964626 0.512066
vt 0.953895 0.515396
vt 0.250709 0.907729
vt 0.254039 0.896998
vt 0.953894 0.248535
vt 0.496597 0.907730
vt 0.494554 0.896999
vt 0.496597 0.896999
vt 0.049252 0.896998
vt 0.053495 0.907730
vt 0.237267 0.896998
vt 0.706325 0.866470
vt 0.681713 0.884254
vt 0.681790 0.702070
vt 0.701807 0.686289
vt 0.706143 0.691436
vt 0.649482 0.686366
vt 0.659690 0.698419
vt 0.659683 0.874854
vt 0.635110 0.892620
vt 0.635218 0.697623
vt 0.953894 0.250577
vt 0.964626 0.515396
vt 0.250709 0.896998
vt 0.564828 0.945140
vt 0.567958 0.949263
vt 0.564828 0.949263
vt 0.933646 0.934612
vt 0.938471 0.938836
vt 0.930819 0.944385
vt 0.822733 0.957636
vt 0.677471 0.953514
vt 0.822733 0.953513
vt 0.922803 0.939275
vt 0.927446 0.934821
vt 0.921417 0.944177
vt 0.922718 0.948998
vt 0.926286 0.952454
vt 0.931110 0.953602
vt 0.935838 0.952130
vt 0.939150 0.948455
vt 0.940123 0.943592
vt 0.936312 0.815045
vt 0.913626 0.715582
vt 0.944903 0.715540
vt 0.823177 0.957636
vt 0.826065 0.953513
vt 0.826065 0.957636
vt 0.677471 0.957635
vt 0.558563 0.953513
vt 0.940168 0.629376
vt 0.944291 0.657409
vt 0.940168 0.657409
vt 0.571088 0.945140
vt 0.571088 0.949263
vt 0.573976 0.945140
vt 0.573976 0.949263
vt 0.719664 0.949263
vt 0.838625 0.945141
vt 0.838625 0.949262
vt 0.561698 0.945140
vt 0.561698 0.949263
vt 0.558568 0.945140
vt 0.558568 0.949263
vt 0.835457 0.953513
vt 0.838587 0.957636
vt 0.835457 0.957636
vt 0.832326 0.953513
vt 0.832326 0.957636
vt 0.829196 0.953513
vt 0.829196 0.957636
vt 0.574421 0.949263
vt 0.719664 0.945141
vt 0.934910 0.933503
vt 0.935087 0.934870
vt 0.926179 0.933748
vt 0.926038 0.935115
vt 0.945815 0.715463
vt 0.945112 0.714876
vt 0.912654 0.715512
vt 0.913400 0.714876
vt 0.940724 0.943546
vt 0.938986 0.938492
vt 0.574421 0.945140
vt 0.921494 0.815527
vt 0.923467 0.815415
vt 0.823177 0.953513
vt 0.922254 0.938952
vt 0.920807 0.944178
vt 0.922202 0.949307
vt 0.926002 0.952982
vt 0.931135 0.954200
vt 0.936164 0.952631
vt 0.939686 0.948719
vt 0.944291 0.657743
vt 0.944291 0.629376
vt 0.940168 0.629044
vt 0.944291 0.629044
vt 0.938281 0.815133
vt 0.567958 0.945140
vt 0.558563 0.957635
vt 0.838587 0.953513
vt 0.940168 0.657743
vt 0.448377 0.809079
vt 0.417923 0.811047
vt 0.417923 0.809079
vt 0.476967 0.244703
vt 0.477412 0.245480
vt 0.475740 0.245923
vt 0.414764 0.697320
vt 0.416342 0.696411
vt 0.417249 0.699810
vt 0.413852 0.698896
vt 0.413850 0.700717
vt 0.418156 0.703208
vt 0.416335 0.703206
vt 0.419734 0.702300
vt 0.414759 0.702294
vt 0.479753 0.492426
vt 0.481722 0.492966
vt 0.480145 0.493874
vt 0.419739 0.697325
vt 0.420647 0.698903
vt 0.418163 0.696413
vt 0.448377 0.830725
vt 0.417923 0.832692
vt 0.417923 0.830725
vt 0.448377 0.811047
vt 0.417923 0.813015
vt 0.448377 0.813015
vt 0.417923 0.814982
vt 0.448377 0.814983
vt 0.417923 0.816950
vt 0.448377 0.816950
vt 0.417923 0.818918
vt 0.448377 0.818918
vt 0.417923 0.820886
vt 0.448377 0.820886
vt 0.417923 0.822854
vt 0.448377 0.822854
vt 0.417923 0.824821
vt 0.448377 0.824821
vt 0.417923 0.826789
vt 0.448377 0.826789
vt 0.417923 0.828757
vt 0.448377 0.828757
vt 0.420645 0.700724
vt 0.481183 0.491007
vt 0.480658 0.491908
vt 0.478326 0.493872
vt 0.478710 0.492422
vt 0.480669 0.489058
vt 0.482635 0.489571
vt 0.481187 0.489964
vt 0.479768 0.488533
vt 0.481727 0.487995
vt 0.478725 0.488529
vt 0.480152 0.487083
vt 0.476756 0.487990
vt 0.478333 0.487081
vt 0.477819 0.489047
vt 0.475844 0.489564
vt 0.477290 0.490992
vt 0.477294 0.489949
vt 0.477808 0.491897
vt 0.475842 0.491384
vt 0.476751 0.492961
vt 0.475287 0.247592
vt 0.474512 0.247142
vt 0.482633 0.491391
vt 0.476182 0.247595
vt 0.476959 0.247150
vt 0.474070 0.245470
vt 0.474520 0.244696
vt 0.476193 0.244253
vt 0.477409 0.246376
vt 0.474067 0.246365
vt 0.475297 0.244250
vt 0.908341 0.256424
vt 0.905985 0.255378
vt 0.908341 0.255378
vt 0.908341 0.244923
vt 0.905985 0.243878
vt 0.908341 0.243878
vt 0.908341 0.245969
vt 0.905985 0.244923
vt 0.908341 0.247014
vt 0.905985 0.245969
vt 0.908341 0.248060
vt 0.905985 0.247014
vt 0.908341 0.249105
vt 0.905985 0.248060
vt 0.908341 0.250151
vt 0.905985 0.249105
vt 0.908341 0.251196
vt 0.905985 0.250151
vt 0.908341 0.252242
vt 0.905985 0.251196
vt 0.908341 0.253287
vt 0.905985 0.252242
vt 0.908341 0.254333
vt 0.905985 0.253287
vt 0.905985 0.254333
vt 0.480250 0.494250
vt 0.482001 0.493240
vt 0.483012 0.491489
vt 0.483012 0.489467
vt 0.482001 0.487716
vt 0.480250 0.486705
vt 0.478228 0.486705
vt 0.476477 0.487716
vt 0.475466 0.489467
vt 0.475466 0.491489
vt 0.476477 0.493240
vt 0.478228 0.494250
vt 0.421024 0.700821
vt 0.420012 0.702573
vt 0.418260 0.703585
vt 0.416237 0.703585
vt 0.413474 0.700821
vt 0.414485 0.702573
vt 0.413474 0.698798
vt 0.414485 0.697046
vt 0.418260 0.696035
vt 0.416237 0.696035
vt 0.420012 0.697046
vt 0.421024 0.698798
vt 0.474239 0.247423
vt 0.475190 0.247972
vt 0.476289 0.247972
vt 0.477240 0.247423
vt 0.477789 0.246472
vt 0.477789 0.245374
vt 0.477240 0.244422
vt 0.476289 0.243873
vt 0.475190 0.243873
vt 0.474239 0.244422
vt 0.473690 0.245374
vt 0.473690 0.246472
vt 0.448377 0.832693
vt 0.905985 0.256424
vt 0.817334 0.965865
vt 0.814314 0.961888
vt 0.817334 0.961888
vt 0.736378 0.900975
vt 0.740806 0.905697
vt 0.731795 0.910901
vt 0.568405 0.970267
vt 0.624203 0.974244
vt 0.568405 0.974244
vt 0.722983 0.905300
vt 0.727644 0.900685
vt 0.721470 0.910548
vt 0.722770 0.915749
vt 0.726483 0.919583
vt 0.731608 0.921047
vt 0.736776 0.919759
vt 0.740609 0.916065
vt 0.742087 0.910940
vt 0.740781 0.734647
vt 0.717962 0.675827
vt 0.752258 0.675785
vt 0.567976 0.970267
vt 0.565189 0.974244
vt 0.565189 0.970267
vt 0.624203 0.970267
vt 0.771140 0.974244
vt 0.752248 0.965866
vt 0.605438 0.961888
vt 0.752248 0.961888
vt 0.507828 0.624865
vt 0.480781 0.628841
vt 0.480781 0.624865
vt 0.771140 0.970267
vt 0.823286 0.974244
vt 0.729605 0.827353
vt 0.736547 0.827331
vt 0.811294 0.965865
vt 0.811294 0.961888
vt 0.808507 0.965865
vt 0.808507 0.961888
vt 0.553110 0.965865
vt 0.553110 0.961888
vt 0.820354 0.965865
vt 0.820354 0.961888
vt 0.823373 0.965865
vt 0.823373 0.961888
vt 0.556130 0.974244
vt 0.553110 0.970267
vt 0.556130 0.970267
vt 0.559150 0.974244
vt 0.559150 0.970267
vt 0.562169 0.974244
vt 0.562169 0.970267
vt 0.808079 0.965865
vt 0.808079 0.961888
vt 0.737396 0.900029
vt 0.737625 0.901185
vt 0.726650 0.899698
vt 0.726375 0.900852
vt 0.753117 0.675737
vt 0.752517 0.675099
vt 0.717085 0.675744
vt 0.717741 0.675099
vt 0.742733 0.910948
vt 0.741386 0.905384
vt 0.723746 0.735267
vt 0.725021 0.735176
vt 0.567976 0.974244
vt 0.722397 0.904957
vt 0.720818 0.910541
vt 0.722209 0.916067
vt 0.726157 0.920137
vt 0.731602 0.921689
vt 0.737090 0.920318
vt 0.741162 0.916393
vt 0.480458 0.628841
vt 0.507828 0.628842
vt 0.508143 0.624865
vt 0.508143 0.628842
vt 0.737949 0.827366
vt 0.742058 0.734783
vt 0.728210 0.827372
vt 0.814314 0.965865
vt 0.605438 0.965865
vt 0.823286 0.970267
vt 0.553110 0.974244
vt 0.480458 0.624865
vt 0.998954 0.006852
vt 0.995128 0.009757
vt 0.995128 0.006852
vt 0.530520 0.735372
vt 0.535503 0.731001
vt 0.541037 0.741092
vt 0.610903 0.595557
vt 0.637156 0.599382
vt 0.610903 0.599382
vt 0.535035 0.750989
vt 0.530121 0.746376
vt 0.540793 0.752521
vt 0.546477 0.751026
vt 0.550654 0.746925
vt 0.552247 0.741302
vt 0.550847 0.735634
vt 0.546826 0.731407
vt 0.541235 0.729720
vt 0.343260 0.749361
vt 0.306604 0.723994
vt 0.343574 0.729735
vt 0.610489 0.595557
vt 0.607810 0.599382
vt 0.607810 0.595557
vt 0.478099 0.743344
vt 0.411251 0.735642
vt 0.477996 0.737408
vt 0.998954 0.042026
vt 0.995128 0.135769
vt 0.995128 0.042026
vt 0.637156 0.595557
vt 0.730926 0.599382
vt 0.730926 0.595557
vt 0.830701 0.599382
vt 0.940173 0.679596
vt 0.943998 0.705611
vt 0.940173 0.705611
vt 0.998954 0.135769
vt 0.995128 0.235642
vt 0.830700 0.595556
vt 0.856143 0.599382
vt 0.998954 0.012662
vt 0.995128 0.012662
vt 0.998954 0.015342
vt 0.995128 0.015342
vt 0.998953 0.235642
vt 0.995128 0.260916
vt 0.998954 0.003947
vt 0.995128 0.003947
vt 0.998954 0.001043
vt 0.995128 0.001043
vt 0.599096 0.599382
vt 0.596192 0.595556
vt 0.599096 0.595556
vt 0.602001 0.599382
vt 0.602001 0.595557
vt 0.604905 0.599382
vt 0.604905 0.595557
vt 0.998954 0.015754
vt 0.995128 0.015754
vt 0.529664 0.734563
vt 0.530654 0.734245
vt 0.529235 0.747167
vt 0.530220 0.747522
vt 0.306530 0.723340
vt 0.305985 0.723820
vt 0.306566 0.755696
vt 0.306486 0.756333
vt 0.305985 0.755894
vt 0.541256 0.729017
vt 0.535183 0.730370
vt 0.343344 0.750177
vt 0.610489 0.599382
vt 0.534684 0.751628
vt 0.540797 0.753233
vt 0.546830 0.751638
vt 0.551262 0.747280
vt 0.552950 0.741309
vt 0.551461 0.735292
vt 0.547190 0.730805
vt 0.943998 0.705910
vt 0.943998 0.679596
vt 0.940173 0.679285
vt 0.943998 0.679285
vt 0.411317 0.734472
vt 0.343663 0.728915
vt 0.478092 0.744340
vt 0.411276 0.745506
vt 0.411326 0.746682
vt 0.477997 0.736406
vt 0.998954 0.009757
vt 0.856143 0.595556
vt 0.998953 0.260916
vt 0.596192 0.599382
vt 0.940173 0.705910
vt 0.481897 0.830721
vt 0.451442 0.832689
vt 0.451442 0.830721
vt 0.395484 0.114088
vt 0.394439 0.116444
vt 0.394439 0.114088
vt 0.435992 0.697319
vt 0.437569 0.696410
vt 0.438476 0.699808
vt 0.435080 0.698895
vt 0.435078 0.700715
vt 0.439383 0.703207
vt 0.437563 0.703204
vt 0.440961 0.702298
vt 0.435987 0.702293
vt 0.447138 0.700316
vt 0.446599 0.702286
vt 0.445691 0.700709
vt 0.440966 0.697324
vt 0.441875 0.698902
vt 0.439390 0.696412
vt 0.481897 0.828753
vt 0.451442 0.828753
vt 0.481897 0.809075
vt 0.451442 0.811043
vt 0.451442 0.809075
vt 0.481897 0.811043
vt 0.451442 0.813011
vt 0.481897 0.813011
vt 0.451442 0.814979
vt 0.481897 0.814979
vt 0.451442 0.816946
vt 0.481897 0.816946
vt 0.451442 0.818914
vt 0.481897 0.818914
vt 0.451442 0.820882
vt 0.481897 0.820882
vt 0.451442 0.822850
vt 0.481897 0.822850
vt 0.451442 0.824817
vt 0.481897 0.824817
vt 0.451442 0.826785
vt 0.481897 0.826785
vt 0.441873 0.700722
vt 0.448558 0.701747
vt 0.447657 0.701222
vt 0.445692 0.698889
vt 0.447142 0.699273
vt 0.450507 0.701233
vt 0.449993 0.703199
vt 0.449601 0.701751
vt 0.451032 0.700331
vt 0.451570 0.702291
vt 0.451036 0.699289
vt 0.452482 0.700716
vt 0.451575 0.697320
vt 0.452483 0.698896
vt 0.450518 0.698383
vt 0.450000 0.696408
vt 0.448573 0.697854
vt 0.449616 0.697858
vt 0.447668 0.698372
vt 0.448180 0.696406
vt 0.446604 0.697314
vt 0.388166 0.114088
vt 0.387120 0.116444
vt 0.387120 0.114088
vt 0.448174 0.703197
vt 0.389211 0.114088
vt 0.388166 0.116444
vt 0.399666 0.114088
vt 0.398621 0.116444
vt 0.398621 0.114088
vt 0.397575 0.116444
vt 0.397575 0.114088
vt 0.391302 0.114088
vt 0.390257 0.116444
vt 0.390257 0.114088
vt 0.393393 0.116444
vt 0.393393 0.114088
vt 0.396530 0.116444
vt 0.396530 0.114088
vt 0.389211 0.116444
vt 0.392348 0.116444
vt 0.392348 0.114088
vt 0.395484 0.116444
vt 0.391302 0.116444
vt 0.445314 0.700813
vt 0.446325 0.702564
vt 0.448076 0.703575
vt 0.450098 0.703575
vt 0.451849 0.702564
vt 0.452860 0.700813
vt 0.452860 0.698792
vt 0.451849 0.697041
vt 0.450098 0.696030
vt 0.448076 0.696030
vt 0.446325 0.697041
vt 0.445314 0.698792
vt 0.442251 0.700820
vt 0.441240 0.702572
vt 0.439488 0.703583
vt 0.437465 0.703583
vt 0.434701 0.700820
vt 0.435713 0.702572
vt 0.434701 0.698797
vt 0.435713 0.697045
vt 0.439488 0.696033
vt 0.437465 0.696033
vt 0.441240 0.697045
vt 0.442251 0.698797
vt 0.349786 0.385580
vt 0.349956 0.384532
vt 0.350336 0.384629
vt 0.349959 0.383637
vt 0.350336 0.383530
vt 0.349786 0.382579
vt 0.349513 0.382860
vt 0.348739 0.382410
vt 0.348835 0.382030
vt 0.347843 0.382407
vt 0.347737 0.382030
vt 0.347067 0.382853
vt 0.346786 0.382579
vt 0.346617 0.383627
vt 0.346237 0.383530
vt 0.346237 0.384629
vt 0.346614 0.384522
vt 0.347059 0.385299
vt 0.346786 0.385580
vt 0.347833 0.385749
vt 0.347737 0.386129
vt 0.348835 0.386129
vt 0.348729 0.385752
vt 0.349506 0.385307
vt 0.348286 0.384080
vt 0.481897 0.832689
vt 0.399666 0.116444
vt 0.508215 0.382221
vt 0.561007 0.005744
vt 0.561404 0.379597
vt 0.981405 0.004291
vt 0.992053 0.456491
vt 0.981405 0.456491
vt 0.001048 0.928393
vt 0.048422 0.939041
vt 0.001049 0.939041
vt 0.051780 0.939041
vt 0.500945 0.928392
vt 0.500945 0.939041
vt 0.504705 0.448834
vt 0.881182 0.396042
vt 0.878559 0.449231
vt 0.004290 0.953699
vt 0.051668 0.943051
vt 0.051668 0.953699
vt 0.710184 0.005872
vt 0.762703 0.380359
vt 0.709548 0.380761
vt 0.992049 0.911330
vt 0.981400 0.461579
vt 0.992049 0.461579
vt 0.555500 0.953699
vt 0.508119 0.943051
vt 0.555500 0.943051
vt 0.504875 0.943051
vt 0.055028 0.953699
vt 0.055028 0.943051
vt 0.829923 0.005775
vt 0.777404 0.380262
vt 0.776768 0.005373
vt 0.543963 0.972353
vt 0.496615 0.983001
vt 0.496615 0.972353
vt 0.576854 0.534126
vt 0.206941 0.587056
vt 0.208162 0.533921
vt 0.953890 0.523495
vt 0.964539 0.965110
vt 0.953890 0.965110
vt 0.001049 0.972353
vt 0.048396 0.983001
vt 0.001049 0.983001
vt 0.051700 0.983001
vt 0.493311 0.972353
vt 0.493311 0.983001
vt 0.073786 0.503698
vt 0.126716 0.873611
vt 0.073581 0.872390
vt 0.562565 0.384149
vt 0.566800 0.380279
vt 0.562104 0.001050
vt 0.566815 0.005040
vt 0.883110 0.450392
vt 0.879240 0.454628
vt 0.500011 0.449931
vt 0.504002 0.454642
vt 0.507208 0.386695
vt 0.502583 0.383092
vt 0.506717 0.001191
vt 0.507783 0.005521
vt 0.502583 0.004679
vt 0.885657 0.395035
vt 0.882053 0.390410
vt 0.500152 0.394544
vt 0.503641 0.390410
vt 0.504482 0.395611
vt 0.763806 0.385049
vt 0.768524 0.381053
vt 0.763340 0.005375
vt 0.764400 0.001049
vt 0.768525 0.004521
vt 0.831026 0.001085
vt 0.835744 0.005081
vt 0.831620 0.385085
vt 0.830561 0.380759
vt 0.835745 0.381613
vt 0.708489 0.385086
vt 0.704364 0.381610
vt 0.709081 0.001185
vt 0.704364 0.005185
vt 0.775708 0.001049
vt 0.771584 0.004525
vt 0.776301 0.384950
vt 0.771584 0.380949
vt 0.202517 0.588050
vt 0.206159 0.592617
vt 0.575634 0.587260
vt 0.580196 0.588405
vt 0.576408 0.592617
vt 0.072436 0.876952
vt 0.068224 0.873164
vt 0.072791 0.499274
vt 0.068224 0.502915
vt 0.203600 0.532776
vt 0.207388 0.528564
vt 0.581278 0.533131
vt 0.577637 0.528564
vt 0.127710 0.878035
vt 0.132277 0.874393
vt 0.128065 0.500356
vt 0.132277 0.504144
vt 0.126920 0.504918
vt 0.504291 0.939041
vt 0.504291 0.928392
vt 0.048422 0.928393
vt 0.551658 0.928392
vt 0.554921 0.939041
vt 0.551658 0.939041
vt 0.992053 0.001041
vt 0.981405 0.001041
vt 0.508119 0.953699
vt 0.001043 0.943051
vt 0.004290 0.943051
vt 0.992049 0.914693
vt 0.981402 0.911330
vt 0.048396 0.972353
vt 0.547267 0.983001
vt 0.543963 0.983001
vt 0.964538 0.520191
vt 0.953890 0.520191
vt 0.992053 0.004291
vt 0.051780 0.928393
vt 0.504875 0.953699
vt 0.964538 0.523495
vt 0.051700 0.972353
vt 0.554921 0.928392
vt 0.001042 0.953699
vt 0.981402 0.914693
vt 0.547267 0.972353
vt 0.872738 0.522241
vt 0.871777 0.525549
vt 0.870366 0.524634
vt 0.879240 0.523687
vt 0.877223 0.520748
vt 0.880353 0.522333
vt 0.881753 0.528348
vt 0.882549 0.524993
vt 0.883348 0.528174
vt 0.368545 0.626104
vt 0.373493 0.629647
vt 0.368278 0.627901
vt 0.869304 0.527847
vt 0.871235 0.533986
vt 0.869553 0.534083
vt 0.881056 0.525735
vt 0.881264 0.534098
vt 0.325495 0.623225
vt 0.318994 0.625504
vt 0.318759 0.623472
vt 0.373876 0.617222
vt 0.368719 0.620400
vt 0.368576 0.618566
vt 0.368537 0.618178
vt 0.874524 0.528722
vt 0.872065 0.525721
vt 0.873834 0.523888
vt 0.368204 0.628278
vt 0.371715 0.610632
vt 0.368428 0.617502
vt 0.367331 0.611744
vt 0.873874 0.533093
vt 0.871555 0.533857
vt 0.872722 0.532720
vt 0.368698 0.624669
vt 0.374613 0.627440
vt 0.875705 0.520911
vt 0.873647 0.523607
vt 0.375398 0.621433
vt 0.368794 0.623262
vt 0.368783 0.621850
vt 0.772629 0.632263
vt 0.769248 0.631432
vt 0.770037 0.630047
vt 0.771191 0.638950
vt 0.774144 0.636909
vt 0.772555 0.640066
vt 0.766693 0.643078
vt 0.769137 0.640778
vt 0.769884 0.642275
vt 0.320383 0.617210
vt 0.325561 0.620340
vt 0.319404 0.619458
vt 0.766639 0.630686
vt 0.760745 0.629372
vt 0.766917 0.629059
vt 0.760762 0.640994
vt 0.766519 0.641480
vt 0.362339 0.612777
vt 0.362984 0.617862
vt 0.318868 0.621432
vt 0.325751 0.626081
vt 0.320799 0.629649
vt 0.319661 0.627447
vt 0.326096 0.628262
vt 0.321038 0.630057
vt 0.325734 0.618091
vt 0.320580 0.616795
vt 0.326884 0.611678
vt 0.321099 0.616202
vt 0.322446 0.610541
vt 0.325502 0.621803
vt 0.774032 0.635351
vt 0.771201 0.633313
vt 0.325594 0.624640
vt 0.764739 0.632918
vt 0.766600 0.631014
vt 0.769079 0.631724
vt 0.766107 0.634240
vt 0.770920 0.633504
vt 0.762726 0.632435
vt 0.760999 0.631362
vt 0.762675 0.639642
vt 0.760901 0.640681
vt 0.761869 0.639562
vt 0.759114 0.630922
vt 0.760599 0.640698
vt 0.759114 0.641073
vt 0.764714 0.639221
vt 0.766487 0.641150
vt 0.766091 0.637919
vt 0.768976 0.640487
vt 0.766619 0.636082
vt 0.770899 0.638748
vt 0.771953 0.636113
vt 0.331280 0.623089
vt 0.331273 0.621787
vt 0.337292 0.623021
vt 0.337288 0.621768
vt 0.343814 0.622980
vt 0.343814 0.621762
vt 0.350553 0.623008
vt 0.357055 0.621793
vt 0.350555 0.621790
vt 0.363044 0.621830
vt 0.357050 0.623043
vt 0.363035 0.623125
vt 0.876369 0.528226
vt 0.876423 0.522917
vt 0.331271 0.620451
vt 0.337286 0.620492
vt 0.350559 0.620555
vt 0.343816 0.620534
vt 0.357060 0.620520
vt 0.363046 0.620502
vt 0.873183 0.530088
vt 0.871288 0.528241
vt 0.325696 0.618482
vt 0.331286 0.618771
vt 0.337291 0.618917
vt 0.343825 0.619038
vt 0.357060 0.618945
vt 0.350564 0.619048
vt 0.363032 0.618834
vt 0.374856 0.619464
vt 0.362877 0.627381
vt 0.362867 0.627695
vt 0.331338 0.617792
vt 0.325839 0.617404
vt 0.331893 0.612623
vt 0.337323 0.618011
vt 0.343998 0.613910
vt 0.337659 0.613375
vt 0.350503 0.613973
vt 0.343838 0.618167
vt 0.356732 0.613568
vt 0.350553 0.618189
vt 0.357031 0.618045
vt 0.872677 0.532106
vt 0.331288 0.618450
vt 0.343824 0.618812
vt 0.337290 0.618656
vt 0.350565 0.618824
vt 0.363032 0.618515
vt 0.357062 0.618686
vt 0.880941 0.533955
vt 0.879911 0.532196
vt 0.881425 0.528379
vt 0.331436 0.627362
vt 0.326021 0.627884
vt 0.337349 0.627111
vt 0.331446 0.627677
vt 0.343828 0.627158
vt 0.337349 0.627370
vt 0.343828 0.626935
vt 0.350530 0.627153
vt 0.356986 0.627118
vt 0.350529 0.626929
vt 0.356986 0.627375
vt 0.871133 0.535760
vt 0.880966 0.534264
vt 0.881346 0.535760
vt 0.331365 0.625710
vt 0.337324 0.625545
vt 0.343822 0.625433
vt 0.350541 0.625444
vt 0.357014 0.625557
vt 0.362949 0.625734
vt 0.879497 0.530148
vt 0.331319 0.624386
vt 0.337307 0.624273
vt 0.343818 0.624200
vt 0.350548 0.624223
vt 0.357033 0.624290
vt 0.362995 0.624416
vt 0.878199 0.528765
vt 0.880766 0.525895
vt 0.879039 0.523977
vt 0.878685 0.533138
vt 0.879846 0.532803
vt 0.373136 0.616220
vt 0.374722 0.616409
vt 0.373665 0.616806
vt 0.871536 0.534166
vt 0.761703 0.638403
vt 0.321624 0.630632
vt 0.319986 0.630529
vt 0.760685 0.631338
vt 0.760856 0.631026
vt 0.876427 0.522521
vt 0.870972 0.528160
vt 0.881694 0.535671
vt 0.870764 0.535663
vt 0.374981 0.617004
vt 0.374310 0.630523
vt 0.373258 0.630056
vt 0.374605 0.629933
vt 0.375768 0.627796
vt 0.375272 0.625498
vt 0.376508 0.625725
vt 0.375507 0.623470
vt 0.376814 0.623508
vt 0.772356 0.636112
vt 0.759202 0.641417
vt 0.317763 0.625735
vt 0.318513 0.627805
vt 0.319689 0.629939
vt 0.761764 0.633619
vt 0.319604 0.616161
vt 0.319264 0.616978
vt 0.318232 0.619173
vt 0.317621 0.621281
vt 0.317449 0.623515
vt 0.762122 0.632484
vt 0.368040 0.628936
vt 0.372675 0.630632
vt 0.326260 0.628917
vt 0.376014 0.619181
vt 0.376635 0.621279
vt 0.362795 0.628350
vt 0.356943 0.628023
vt 0.350514 0.627799
vt 0.337391 0.628017
vt 0.343844 0.627807
vt 0.331517 0.628334
vt 0.882864 0.534226
vt 0.760634 0.642596
vt 0.759207 0.630581
vt 0.685086 0.681964
vt 0.683494 0.682731
vt 0.682836 0.679350
vt 0.681736 0.682616
vt 0.680264 0.681648
vt 0.679461 0.680078
vt 0.679539 0.678315
vt 0.680480 0.676817
vt 0.682046 0.675976
vt 0.683853 0.676004
vt 0.685760 0.676995
vt 0.216873 0.602686
vt 0.214714 0.597648
vt 0.216873 0.597648
vt 0.494484 0.302735
vt 0.491139 0.301718
vt 0.492130 0.299812
vt 0.491110 0.303525
vt 0.491952 0.305091
vt 0.493450 0.306032
vt 0.495213 0.306110
vt 0.496783 0.305307
vt 0.497751 0.303835
vt 0.497865 0.302077
vt 0.497099 0.300485
vt 0.495645 0.299445
vt 0.493541 0.299096
vt 0.492413 0.296919
vt 0.238507 0.597648
vt 0.240667 0.602686
vt 0.238507 0.602686
vt 0.686475 0.678406
vt 0.236540 0.602686
vt 0.218840 0.602686
vt 0.220807 0.597648
vt 0.220807 0.602686
vt 0.222773 0.597648
vt 0.222773 0.602686
vt 0.224740 0.597648
vt 0.224740 0.602686
vt 0.226707 0.597648
vt 0.226707 0.602686
vt 0.228674 0.597648
vt 0.228674 0.602686
vt 0.230640 0.597648
vt 0.230640 0.602686
vt 0.232607 0.597648
vt 0.232607 0.602686
vt 0.234574 0.597648
vt 0.234574 0.602686
vt 0.236540 0.597648
vt 0.688014 0.675960
vt 0.688652 0.677278
vt 0.218840 0.597648
vt 0.686126 0.680510
vt 0.686827 0.678663
vt 0.686478 0.680655
vt 0.685333 0.682252
vt 0.683570 0.683101
vt 0.679985 0.681903
vt 0.681620 0.682975
vt 0.679092 0.680162
vt 0.679177 0.678206
vt 0.681951 0.675604
vt 0.680218 0.676542
vt 0.683946 0.675625
vt 0.685770 0.676557
vt 0.491691 0.299801
vt 0.490760 0.301626
vt 0.490739 0.303620
vt 0.491677 0.305353
vt 0.493340 0.306395
vt 0.495297 0.306479
vt 0.497038 0.305586
vt 0.498110 0.303952
vt 0.498236 0.302001
vt 0.497387 0.300238
vt 0.495790 0.299094
vt 0.493797 0.298744
vt 0.491095 0.297557
vt 0.492756 0.296740
vt 0.214714 0.602686
vt 0.240667 0.597648
vt 0.490739 0.297720
vt 0.688831 0.677621
vt 0.687851 0.675604
vt 0.498120 0.193723
vt 0.498887 0.195315
vt 0.495506 0.195974
vt 0.498772 0.197074
vt 0.497804 0.198546
vt 0.496234 0.199348
vt 0.494471 0.199270
vt 0.492973 0.198329
vt 0.492131 0.196764
vt 0.492160 0.194957
vt 0.493151 0.193050
vt 0.410194 0.078565
vt 0.415232 0.076405
vt 0.415232 0.078565
vt 0.558441 0.616735
vt 0.555095 0.615718
vt 0.556086 0.613811
vt 0.555066 0.617525
vt 0.555908 0.619091
vt 0.557406 0.620031
vt 0.559169 0.620109
vt 0.560739 0.619307
vt 0.561707 0.617835
vt 0.561822 0.616076
vt 0.561055 0.614485
vt 0.559601 0.613444
vt 0.557497 0.613096
vt 0.556368 0.610919
vt 0.415232 0.100198
vt 0.410194 0.102358
vt 0.410194 0.100198
vt 0.494562 0.192335
vt 0.410194 0.098231
vt 0.492116 0.190796
vt 0.493434 0.190157
vt 0.410194 0.096265
vt 0.415232 0.098231
vt 0.410194 0.094298
vt 0.415232 0.096265
vt 0.410194 0.092331
vt 0.415232 0.094298
vt 0.410194 0.090365
vt 0.415232 0.092331
vt 0.410194 0.088398
vt 0.415232 0.090365
vt 0.410194 0.086431
vt 0.415232 0.088398
vt 0.410194 0.084465
vt 0.415232 0.086431
vt 0.410194 0.082498
vt 0.415232 0.084465
vt 0.410194 0.080531
vt 0.415232 0.082498
vt 0.415232 0.080531
vt 0.496666 0.192683
vt 0.494819 0.191983
vt 0.496811 0.192332
vt 0.498408 0.193477
vt 0.499257 0.195240
vt 0.498059 0.198825
vt 0.499131 0.197190
vt 0.496318 0.199717
vt 0.494361 0.199633
vt 0.491760 0.196858
vt 0.492698 0.198592
vt 0.491781 0.194864
vt 0.492712 0.193039
vt 0.555647 0.613800
vt 0.554716 0.615625
vt 0.554695 0.617619
vt 0.555633 0.619353
vt 0.557296 0.620394
vt 0.559253 0.620478
vt 0.560994 0.619586
vt 0.562066 0.617951
vt 0.562192 0.616001
vt 0.561343 0.614238
vt 0.559746 0.613093
vt 0.557753 0.612744
vt 0.555051 0.611557
vt 0.556711 0.610740
vt 0.410194 0.076405
vt 0.415232 0.102358
vt 0.554695 0.611720
vt 0.493777 0.189979
vt 0.491760 0.190959
vt 0.478286 0.262443
vt 0.477519 0.260851
vt 0.480900 0.260193
vt 0.477634 0.259093
vt 0.478602 0.257621
vt 0.480172 0.256819
vt 0.481935 0.256897
vt 0.483432 0.257837
vt 0.484274 0.259403
vt 0.484245 0.261209
vt 0.483254 0.263116
vt 0.410194 0.049256
vt 0.415231 0.047097
vt 0.415231 0.049256
vt 0.493191 0.448589
vt 0.496536 0.449605
vt 0.495545 0.451512
vt 0.496565 0.447798
vt 0.495723 0.446233
vt 0.494226 0.445293
vt 0.492463 0.445214
vt 0.490893 0.446017
vt 0.489925 0.447489
vt 0.489810 0.449247
vt 0.490577 0.450839
vt 0.492031 0.451879
vt 0.494134 0.452227
vt 0.495263 0.454404
vt 0.415231 0.070885
vt 0.410194 0.073045
vt 0.410194 0.070885
vt 0.481843 0.263831
vt 0.410194 0.068919
vt 0.410194 0.051223
vt 0.415231 0.053189
vt 0.410194 0.053189
vt 0.415231 0.055155
vt 0.410194 0.055155
vt 0.415231 0.057121
vt 0.410194 0.057121
vt 0.415231 0.059088
vt 0.410194 0.059088
vt 0.415231 0.061054
vt 0.410194 0.061054
vt 0.415231 0.063020
vt 0.410194 0.063020
vt 0.415231 0.064987
vt 0.410194 0.064987
vt 0.415231 0.066953
vt 0.410194 0.066953
vt 0.415231 0.068919
vt 0.484289 0.265370
vt 0.482972 0.266008
vt 0.415231 0.051223
vt 0.479740 0.263483
vt 0.481587 0.264183
vt 0.479594 0.263834
vt 0.477998 0.262689
vt 0.477149 0.260927
vt 0.478347 0.257342
vt 0.477275 0.258976
vt 0.480088 0.256450
vt 0.482044 0.256534
vt 0.484645 0.259308
vt 0.483707 0.257575
vt 0.484624 0.261302
vt 0.483693 0.263127
vt 0.495984 0.451522
vt 0.496915 0.449698
vt 0.496936 0.447704
vt 0.495998 0.445971
vt 0.494335 0.444930
vt 0.492379 0.444846
vt 0.490638 0.445738
vt 0.489566 0.447372
vt 0.489440 0.449322
vt 0.490289 0.451085
vt 0.491885 0.452229
vt 0.493878 0.452578
vt 0.496580 0.453766
vt 0.494920 0.454582
vt 0.410194 0.047097
vt 0.415231 0.073045
vt 0.496936 0.453603
vt 0.482628 0.266186
vt 0.484645 0.265207
s 1
usemtl DoorSimple
f 1/1/1 3/3/3 2/2/2
f 4/4/4 6/6/6 5/5/5
f 7/7/7 9/9/9 8/8/8
f 10/10/10 9/9/9 7/7/7
f 11/11/11 9/9/9 10/10/10
f 12/12/12 9/9/9 13/13/13
f 14/14/14 9/9/9 12/12/12
f 15/15/15 9/9/9 11/11/11
f 13/13/13 9/9/9 15/15/15
f 16/16/16 18/18/18 17/17/17
f 19/19/19 9/9/9 20/20/20
f 21/21/21 9/9/9 19/19/19
f 8/8/8 9/9/9 21/21/21
f 22/22/22 23/24/23 3/23/3
f 24/25/24 2/2/2 25/26/25
f 26/27/26 25/26/25 27/28/27
f 28/29/28 27/28/27 29/30/29
f 30/31/30 29/30/29 31/32/31
f 32/33/32 31/32/31 33/34/33
f 34/35/34 33/34/33 35/36/35
f 36/37/36 35/36/35 37/38/37
f 38/39/38 37/38/37 39/40/39
f 40/41/40 39/40/39 41/42/41
f 42/43/42 41/42/41 23/24/23
f 43/44/43 9/9/9 14/14/14
f 44/45/44 45/46/45 17/17/17
f 16/16/16 47/48/47 46/47/46
f 48/49/48 50/51/50 49/50/49
f 4/52/4 48/49/48 51/53/51
f 6/54/6 4/52/4 52/55/52
f 6/54/6 54/57/54 53/56/53
f 55/58/55 53/56/53 56/59/56
f 57/60/57 58/61/58 56/59/56
f 59/62/59 57/60/57 60/63/60
f 47/48/47 59/62/59 61/64/61
f 16/65/16 45/67/45 62/66/62
f 44/45/44 63/68/63 49/50/49
f 47/69/47 16/71/16 64/70/64
f 45/67/45 44/73/44 65/72/65
f 44/73/44 50/75/50 66/74/66
f 57/76/57 59/78/59 67/77/67
f 6/6/6 55/80/55 68/79/68
f 50/75/50 48/82/48 69/81/69
f 59/78/59 47/69/47 70/83/70
f 55/80/55 58/85/58 71/84/71
f 48/82/48 4/4/4 72/86/72
f 58/85/58 57/76/57 73/87/73
f 1/88/1 24/89/24 17/17/17
f 24/89/24 26/90/26 63/68/63
f 26/90/26 28/91/28 49/50/49
f 28/91/28 30/92/30 51/53/51
f 30/92/30 32/93/32 52/55/52
f 34/94/34 54/57/54 52/55/52
f 34/94/34 36/95/36 53/56/53
f 36/95/36 38/96/38 56/59/56
f 40/97/40 60/63/60 56/59/56
f 42/98/42 61/64/61 60/63/60
f 42/98/42 22/99/22 46/47/46
f 1/88/1 18/18/18 46/47/46
f 3/100/3 43/44/43 14/14/14
f 2/101/2 14/14/14 12/12/12
f 25/102/25 12/12/12 13/13/13
f 27/103/27 13/13/13 15/15/15
f 31/104/31 29/105/29 15/15/15
f 33/106/33 31/104/31 11/11/11
f 33/106/33 10/10/10 7/7/7
f 35/107/35 7/7/7 8/8/8
f 39/108/39 37/109/37 8/8/8
f 41/110/41 39/108/39 21/21/21
f 41/110/41 19/19/19 20/20/20
f 3/100/3 23/111/23 20/20/20
f 64/112/64 62/114/62 74/113/74
f 62/114/62 65/116/65 75/115/75
f 66/117/66 76/118/76 75/115/75
f 66/117/66 69/120/69 77/119/77
f 69/120/69 72/122/72 78/121/78
f 72/122/72 5/124/5 79/123/79
f 5/124/5 68/126/68 80/125/80
f 71/127/71 81/128/81 80/125/80
f 71/127/71 73/130/73 82/129/82
f 73/130/73 67/132/67 83/131/83
f 70/133/70 84/134/84 83/131/83
f 64/112/64 85/135/85 84/134/84
f 20/20/20 9/9/9 43/44/43
f 74/113/74 86/136/86 85/135/85
f 85/135/85 86/136/86 84/134/84
f 84/134/84 86/136/86 83/131/83
f 83/131/83 86/136/86 82/129/82
f 82/129/82 86/136/86 81/128/81
f 81/128/81 86/136/86 80/125/80
f 80/125/80 86/136/86 79/123/79
f 79/123/79 86/136/86 78/121/78
f 78/121/78 86/136/86 77/119/77
f 77/119/77 86/136/86 76/118/76
f 76/118/76 86/136/86 75/115/75
f 75/115/75 86/136/86 74/113/74
f 1/1/1 2/2/2 24/25/24
f 4/4/4 5/5/5 72/86/72
f 16/16/16 17/17/17 45/46/45
f 22/22/22 3/23/3 1/137/1
f 24/25/24 25/26/25 26/27/26
f 26/27/26 27/28/27 28/29/28
f 28/29/28 29/30/29 30/31/30
f 30/31/30 31/32/31 32/33/32
f 32/33/32 33/34/33 34/35/34
f 34/35/34 35/36/35 36/37/36
f 36/37/36 37/38/37 38/39/38
f 38/39/38 39/40/39 40/41/40
f 40/41/40 41/42/41 42/43/42
f 42/43/42 23/24/23 22/22/22
f 44/45/44 17/17/17 63/68/63
f 16/16/16 46/47/46 18/18/18
f 48/49/48 49/50/49 51/53/51
f 4/52/4 51/53/51 52/55/52
f 6/54/6 52/55/52 54/57/54
f 6/54/6 53/56/53 55/58/55
f 55/58/55 56/59/56 58/61/58
f 57/60/57 56/59/56 60/63/60
f 59/62/59 60/63/60 61/64/61
f 47/48/47 61/64/61 46/47/46
f 16/65/16 62/66/62 64/138/64
f 44/45/44 49/50/49 50/51/50
f 47/69/47 64/70/64 70/83/70
f 45/67/45 65/72/65 62/66/62
f 44/73/44 66/74/66 65/72/65
f 57/76/57 67/77/67 73/87/73
f 6/6/6 68/79/68 5/5/5
f 50/75/50 69/81/69 66/74/66
f 59/78/59 70/83/70 67/77/67
f 55/80/55 71/84/71 68/79/68
f 48/82/48 72/86/72 69/81/69
f 58/85/58 73/87/73 71/84/71
f 1/88/1 17/17/17 18/18/18
f 24/89/24 63/68/63 17/17/17
f 26/90/26 49/50/49 63/68/63
f 28/91/28 51/53/51 49/50/49
f 30/92/30 52/55/52 51/53/51
f 34/94/34 52/55/52 32/93/32
f 34/94/34 53/56/53 54/57/54
f 36/95/36 56/59/56 53/56/53
f 40/97/40 56/59/56 38/96/38
f 42/98/42 60/63/60 40/97/40
f 42/98/42 46/47/46 61/64/61
f 1/88/1 46/47/46 22/99/22
f 3/100/3 14/14/14 2/101/2
f 2/101/2 12/12/12 25/102/25
f 25/102/25 13/13/13 27/103/27
f 27/103/27 15/15/15 29/105/29
f 31/104/31 15/15/15 11/11/11
f 33/106/33 11/11/11 10/10/10
f 33/106/33 7/7/7 35/107/35
f 35/107/35 8/8/8 37/109/37
f 39/108/39 8/8/8 21/21/21
f 41/110/41 21/21/21 19/19/19
f 41/110/41 20/20/20 23/111/23
f 3/100/3 20/20/20 43/44/43
f 64/112/64 74/113/74 85/135/85
f 62/114/62 75/115/75 74/113/74
f 66/117/66 75/115/75 65/116/65
f 66/117/66 77/119/77 76/118/76
f 69/120/69 78/121/78 77/119/77
f 72/122/72 79/123/79 78/121/78
f 5/124/5 80/125/80 79/123/79
f 71/127/71 80/125/80 68/126/68
f 71/127/71 82/129/82 81/128/81
f 73/130/73 83/131/83 82/129/82
f 70/133/70 83/131/83 67/132/67
f 64/112/64 84/134/84 70/133/70
f 87/139/87 89/141/89 88/140/88
f 90/142/90 92/144/90 91/143/90
f 93/145/91 95/147/91 94/146/91
f 96/148/92 98/150/94 97/149/93
f 99/151/95 101/153/95 100/152/95
f 102/154/96 104/156/96 103/155/96
f 105/157/97 107/159/99 106/158/98
f 108/160/90 110/162/90 109/161/90
f 111/163/91 113/165/91 112/164/91
f 114/166/100 116/168/102 115/167/101
f 117/169/95 119/171/95 118/170/95
f 120/172/96 122/174/96 121/173/96
f 123/175/103 125/177/105 124/176/104
f 126/178/90 128/180/90 127/179/90
f 129/181/91 131/183/91 130/182/91
f 132/184/106 134/186/108 133/185/107
f 135/187/95 137/189/95 136/188/95
f 138/190/109 140/192/96 139/191/96
f 88/193/88 101/194/95 91/143/90
f 141/195/90 99/197/95 97/196/93
f 89/198/89 104/156/96 100/199/95
f 142/200/110 143/201/95 102/154/96
f 144/202/111 92/144/90 94/203/91
f 98/204/94 145/205/91 90/142/90
f 87/206/87 95/207/91 103/155/96
f 96/208/92 146/210/96 93/209/91
f 106/211/98 119/212/95 110/162/90
f 109/161/90 117/214/95 115/213/101
f 107/215/99 122/174/96 118/216/95
f 147/217/112 148/218/95 120/172/96
f 149/219/113 108/160/90 112/220/91
f 116/221/102 151/223/91 150/222/90
f 105/224/97 113/225/91 121/173/96
f 114/226/100 152/228/96 111/227/91
f 124/229/104 137/230/95 127/179/90
f 153/231/90 135/233/95 133/232/107
f 125/234/105 138/190/109 136/235/95
f 154/236/114 156/238/95 155/237/96
f 157/239/115 128/180/90 130/240/91
f 134/241/108 158/242/91 126/178/90
f 123/243/103 131/244/91 140/192/96
f 132/245/106 139/191/96 129/246/91
f 88/140/88 89/141/89 100/152/95
f 141/195/90 91/143/90 101/194/95
f 142/247/110 97/149/93 99/151/95
f 104/156/96 102/154/96 143/201/95
f 89/198/89 87/206/87 103/155/96
f 96/208/92 142/200/110 102/154/96
f 95/207/91 93/209/91 146/210/96
f 87/139/87 144/249/111 94/248/91
f 98/250/94 96/251/92 93/145/91
f 92/144/90 90/142/90 145/205/91
f 144/202/111 88/193/88 91/143/90
f 97/196/93 98/204/94 90/142/90
f 106/158/98 107/159/99 118/170/95
f 110/162/90 119/212/95 117/214/95
f 147/252/112 115/167/101 117/169/95
f 122/174/96 120/172/96 148/218/95
f 105/224/97 121/173/96 122/174/96
f 147/217/112 120/172/96 152/228/96
f 113/225/91 111/227/91 152/228/96
f 105/157/97 149/254/113 112/253/91
f 116/255/102 114/256/100 111/163/91
f 150/222/90 151/223/91 112/220/91
f 149/219/113 106/211/98 110/162/90
f 115/213/101 116/221/102 150/222/90
f 124/176/104 125/177/105 136/257/95
f 153/231/90 127/179/90 137/230/95
f 154/258/114 133/185/107 135/259/95
f 155/237/96 156/238/95 136/235/95
f 125/234/105 123/243/103 140/192/96
f 132/245/106 154/236/114 155/237/96
f 129/246/91 139/191/96 140/192/96
f 123/175/103 157/261/115 130/260/91
f 134/186/108 132/184/106 129/181/91
f 128/180/90 126/178/90 158/242/91
f 124/229/104 127/179/90 128/180/90
f 134/241/108 126/178/90 153/231/90
f 87/139/87 88/140/88 144/249/111
f 90/142/90 91/143/90 141/195/90
f 93/145/91 94/146/91 145/262/91
f 96/148/92 97/149/93 142/247/110
f 99/151/95 100/152/95 143/263/95
f 102/154/96 103/155/96 146/210/96
f 105/157/97 106/158/98 149/254/113
f 108/160/90 109/161/90 150/222/90
f 111/163/91 112/164/91 151/264/91
f 114/166/100 115/167/101 147/252/112
f 117/169/95 118/170/95 148/265/95
f 120/172/96 121/173/96 152/228/96
f 123/175/103 124/176/104 157/261/115
f 126/178/90 127/179/90 153/231/90
f 129/181/91 130/182/91 158/266/91
f 132/184/106 133/185/107 154/258/114
f 135/187/95 136/188/95 156/267/95
f 138/190/109 139/191/96 155/237/96
f 88/140/88 100/152/95 101/153/95
f 141/195/90 101/194/95 99/197/95
f 142/247/110 99/151/95 143/263/95
f 104/156/96 143/201/95 100/199/95
f 89/198/89 103/155/96 104/156/96
f 96/208/92 102/154/96 146/210/96
f 95/207/91 146/210/96 103/155/96
f 87/139/87 94/248/91 95/268/91
f 98/250/94 93/145/91 145/262/91
f 92/144/90 145/205/91 94/203/91
f 144/202/111 91/143/90 92/144/90
f 97/196/93 90/142/90 141/195/90
f 106/158/98 118/170/95 119/171/95
f 110/162/90 117/214/95 109/161/90
f 147/252/112 117/169/95 148/265/95
f 122/174/96 148/218/95 118/216/95
f 105/224/97 122/174/96 107/215/99
f 147/217/112 152/228/96 114/226/100
f 113/225/91 152/228/96 121/173/96
f 105/157/97 112/253/91 113/269/91
f 116/255/102 111/163/91 151/264/91
f 150/222/90 112/220/91 108/160/90
f 149/219/113 110/162/90 108/160/90
f 115/213/101 150/222/90 109/161/90
f 124/176/104 136/257/95 137/270/95
f 153/231/90 137/230/95 135/233/95
f 154/258/114 135/259/95 156/271/95
f 155/237/96 136/235/95 138/190/109
f 125/234/105 140/192/96 138/190/109
f 132/245/106 155/237/96 139/191/96
f 129/246/91 140/192/96 131/244/91
f 123/175/103 130/260/91 131/272/91
f 134/186/108 129/181/91 158/266/91
f 128/180/90 158/242/91 130/240/91
f 124/229/104 128/180/90 157/239/115
f 134/241/108 153/231/90 133/232/107
f 159/273/90 161/275/90 160/274/90
f 162/276/9 164/278/9 163/277/9
f 165/279/116 167/281/118 166/280/117
f 168/282/86 170/284/86 169/283/86
f 171/285/119 168/286/86 160/274/90
f 172/287/90 174/289/86 173/288/120
f 175/290/121 176/292/122 170/291/86
f 165/293/116 169/295/86 177/294/123
f 178/296/124 161/275/90 163/297/9
f 166/298/117 179/299/9 159/273/90
f 180/300/125 164/302/9 181/301/126
f 167/303/118 182/305/127 162/304/9
f 175/306/121 170/284/86 168/282/86
f 172/287/90 160/274/90 168/286/86
f 165/279/116 173/308/120 174/307/86
f 176/292/122 177/294/123 169/295/86
f 175/290/121 180/300/125 181/301/126
f 165/293/116 177/294/123 182/305/127
f 164/302/9 162/304/9 182/305/127
f 180/309/125 178/310/124 163/277/9
f 166/280/117 167/281/118 162/276/9
f 161/275/90 159/273/90 179/299/9
f 178/296/124 171/285/119 160/274/90
f 173/288/120 166/298/117 159/273/90
f 180/309/125 175/306/121 171/311/119
f 183/312/96 177/294/123 176/292/122
f 184/313/96 185/314/96 176/292/122
f 186/315/96 182/305/127 177/294/123
f 184/313/96 181/301/126 182/305/127
f 159/273/90 160/274/90 172/287/90
f 162/276/9 163/277/9 179/316/9
f 165/279/116 166/280/117 173/308/120
f 168/282/86 169/283/86 174/317/86
f 175/306/121 168/282/86 171/311/119
f 172/287/90 168/286/86 174/289/86
f 165/279/116 174/307/86 169/318/86
f 176/292/122 169/295/86 170/291/86
f 175/290/121 181/301/126 176/292/122
f 165/293/116 182/305/127 167/303/118
f 164/302/9 182/305/127 181/301/126
f 180/309/125 163/277/9 164/278/9
f 166/280/117 162/276/9 179/316/9
f 161/275/90 179/299/9 163/297/9
f 178/296/124 160/274/90 161/275/90
f 173/288/120 159/273/90 172/287/90
f 180/309/125 171/311/119 178/310/124
f 183/312/96 176/292/122 185/314/96
f 184/313/96 176/292/122 181/301/126
f 186/315/96 177/294/123 183/312/96
f 184/313/96 182/305/127 186/315/96
f 187/319/90 189/321/90 188/320/90
f 190/322/9 192/324/128 191/323/9
f 193/325/116 195/327/118 194/326/117
f 196/328/86 198/330/129 197/329/86
f 199/331/119 196/332/86 188/320/90
f 200/333/90 202/335/86 201/334/120
f 203/336/121 204/338/130 198/337/129
f 193/339/116 197/341/86 205/340/131
f 206/342/124 189/321/90 191/343/9
f 194/344/117 207/345/9 187/319/90
f 208/346/125 192/348/128 209/347/132
f 195/349/118 210/351/133 190/350/9
f 199/352/119 203/353/121 198/330/129
f 200/333/90 188/320/90 196/332/86
f 193/325/116 201/355/120 202/354/86
f 204/338/130 205/340/131 197/341/86
f 203/336/121 208/346/125 209/347/132
f 193/339/116 205/340/131 210/351/133
f 192/348/128 190/350/9 210/351/133
f 208/356/125 206/357/124 191/323/9
f 194/326/117 195/327/118 190/322/9
f 189/321/90 187/319/90 207/345/9
f 199/331/119 188/320/90 189/321/90
f 201/334/120 194/344/117 187/319/90
f 208/356/125 203/353/121 199/352/119
f 211/358/96 212/359/96 205/340/131
f 213/360/96 211/358/96 204/338/130
f 214/361/96 210/351/133 205/340/131
f 214/361/96 213/360/96 209/347/132
f 187/319/90 188/320/90 200/333/90
f 190/322/9 191/323/9 207/362/9
f 193/325/116 194/326/117 201/355/120
f 196/328/86 197/329/86 202/363/86
f 199/352/119 198/330/129 196/328/86
f 200/333/90 196/332/86 202/335/86
f 193/325/116 202/354/86 197/364/86
f 204/338/130 197/341/86 198/337/129
f 203/336/121 209/347/132 204/338/130
f 193/339/116 210/351/133 195/349/118
f 192/348/128 210/351/133 209/347/132
f 208/356/125 191/323/9 192/324/128
f 194/326/117 190/322/9 207/362/9
f 189/321/90 207/345/9 191/343/9
f 199/331/119 189/321/90 206/342/124
f 201/334/120 187/319/90 200/333/90
f 208/356/125 199/352/119 206/357/124
f 211/358/96 205/340/131 204/338/130
f 213/360/96 204/338/130 209/347/132
f 214/361/96 205/340/131 212/359/96
f 214/361/96 209/347/132 210/351/133
f 215/365/90 217/367/90 216/366/90
f 218/368/9 220/370/9 219/369/128
f 221/371/116 223/373/118 222/372/117
f 224/374/86 226/376/86 225/375/86
f 227/377/119 224/378/86 217/367/90
f 216/366/90 229/380/86 228/379/120
f 230/381/121 231/383/134 226/382/86
f 221/384/116 225/386/86 232/385/135
f 233/387/124 215/365/90 219/388/128
f 222/389/117 235/391/9 234/390/90
f 236/392/125 220/394/9 237/393/136
f 223/395/118 238/397/137 218/396/9
f 227/398/119 230/399/121 226/376/86
f 216/366/90 217/367/90 224/378/86
f 221/371/116 228/401/120 229/400/86
f 231/383/134 232/385/135 225/386/86
f 230/381/121 236/392/125 237/393/136
f 221/384/116 232/385/135 238/397/137
f 220/394/9 218/396/9 238/397/137
f 236/402/125 233/403/124 219/369/128
f 222/372/117 223/373/118 218/368/9
f 215/365/90 234/390/90 235/391/9
f 233/387/124 227/377/119 217/367/90
f 228/379/120 222/389/117 234/390/90
f 236/402/125 230/399/121 227/398/119
f 239/404/96 232/385/135 231/383/134
f 240/405/96 241/406/96 231/383/134
f 242/407/96 238/397/137 232/385/135
f 240/405/96 237/393/136 238/397/137
f 215/365/90 216/366/90 234/390/90
f 218/368/9 219/369/128 235/408/9
f 221/371/116 222/372/117 228/401/120
f 224/374/86 225/375/86 229/409/86
f 227/398/119 226/376/86 224/374/86
f 216/366/90 224/378/86 229/380/86
f 221/371/116 229/400/86 225/410/86
f 231/383/134 225/386/86 226/382/86
f 230/381/121 237/393/136 231/383/134
f 221/384/116 238/397/137 223/395/118
f 220/394/9 238/397/137 237/393/136
f 236/402/125 219/369/128 220/370/9
f 222/372/117 218/368/9 235/408/9
f 215/365/90 235/391/9 219/388/128
f 233/387/124 217/367/90 215/365/90
f 228/379/120 234/390/90 216/366/90
f 236/402/125 227/398/119 233/403/124
f 239/404/96 231/383/134 241/406/96
f 240/405/96 231/383/134 237/393/136
f 242/407/96 232/385/135 239/404/96
f 240/405/96 238/397/137 242/407/96
f 243/411/138 245/413/140 244/412/139
f 246/414/141 248/416/143 247/415/142
f 249/417/90 251/419/90 250/418/144
f 252/420/145 254/422/139 253/421/146
f 255/423/147 257/425/148 256/424/148
f 258/426/147 260/428/150 259/427/149
f 261/429/90 263/431/90 262/430/151
f 264/432/152 266/434/154 265/433/153
f 267/435/155 269/437/157 268/436/156
f 270/438/158 272/440/160 271/439/159
f 273/441/161 275/443/163 274/442/162
f 243/444/138 277/446/90 276/445/164
f 278/447/165 245/449/140 279/448/166
f 280/450/167 281/452/168 246/451/141
f 260/453/150 248/454/143 261/429/90
f 258/455/147 282/457/169 247/456/142
f 283/458/170 285/460/172 284/459/171
f 249/417/90 269/462/157 256/461/148
f 286/463/173 287/465/174 267/464/155
f 268/466/156 250/418/144 272/467/160
f 288/468/175 270/470/158 289/469/176
f 254/471/139 291/473/178 290/472/177
f 253/474/146 271/475/159 251/419/90
f 292/476/179 294/478/180 293/477/140
f 295/479/181 266/481/154 255/480/147
f 296/482/182 252/484/145 265/483/153
f 297/485/90 257/487/148 264/486/152
f 263/431/90 298/489/183 274/488/162
f 299/490/184 300/492/185 273/491/161
f 301/493/186 302/495/187 244/494/139
f 262/430/151 275/497/163 259/496/149
f 301/493/186 244/494/139 245/449/140
f 245/413/140 243/411/138 276/498/164
f 276/445/164 277/446/90 281/452/168
f 262/430/151 259/496/149 260/453/150
f 258/455/147 300/492/185 299/490/184
f 284/459/171 278/447/165 279/448/166
f 281/452/168 261/429/90 248/454/143
f 247/456/142 282/457/169 284/459/171
f 248/416/143 260/428/150 258/426/147
f 250/418/144 268/466/156 269/462/157
f 267/464/155 288/468/175 289/469/176
f 287/499/174 256/424/148 269/437/157
f 292/476/179 293/477/140 253/474/146
f 250/418/144 251/419/90 271/475/159
f 290/500/177 271/439/159 253/421/146
f 290/472/177 291/473/178 289/469/176
f 288/501/175 268/436/156 272/502/160
f 280/503/167 246/414/141 285/504/172
f 287/465/174 286/463/173 295/479/181
f 296/482/182 291/473/178 254/471/139
f 297/485/90 249/417/90 256/461/148
f 266/434/154 264/432/152 257/425/148
f 265/433/153 252/420/145 293/505/140
f 264/486/152 294/478/180 292/476/179
f 296/482/182 265/483/153 266/481/154
f 263/431/90 277/446/90 243/444/138
f 275/506/163 273/508/161 300/507/185
f 302/509/187 274/442/162 298/510/183
f 262/430/151 263/431/90 274/488/162
f 302/495/187 301/493/186 299/490/184
f 279/511/166 276/498/164 280/503/167
f 303/512/96 301/493/186 278/447/165
f 304/513/96 305/514/96 282/457/169
f 306/515/96 307/516/96 278/447/165
f 306/515/96 284/459/171 282/457/169
f 308/517/96 309/518/96 286/463/173
f 308/517/96 289/469/176 291/473/178
f 310/519/96 295/479/181 286/463/173
f 311/520/96 312/521/96 291/473/178
f 311/520/96 296/482/182 295/479/181
f 304/513/96 299/490/184 301/493/186
f 243/411/138 244/412/139 298/510/183
f 246/414/141 247/415/142 285/504/172
f 251/419/90 297/485/90 292/476/179
f 297/485/90 251/419/90 249/417/90
f 252/420/145 253/421/146 293/505/140
f 255/423/147 256/424/148 287/499/174
f 258/426/147 259/427/149 300/507/185
f 263/431/90 261/429/90 277/446/90
f 277/446/90 261/429/90 281/452/168
f 264/432/152 265/433/153 294/522/180
f 267/435/155 268/436/156 288/501/175
f 270/438/158 271/439/159 290/500/177
f 273/441/161 274/442/162 302/509/187
f 301/493/186 245/449/140 278/447/165
f 245/413/140 276/498/164 279/511/166
f 276/445/164 281/452/168 280/450/167
f 262/430/151 260/453/150 261/429/90
f 258/455/147 299/490/184 282/457/169
f 284/459/171 279/448/166 283/458/170
f 281/452/168 248/454/143 246/451/141
f 247/456/142 284/459/171 285/460/172
f 248/416/143 258/426/147 247/415/142
f 250/418/144 269/462/157 249/417/90
f 267/464/155 289/469/176 286/463/173
f 287/499/174 269/437/157 267/435/155
f 292/476/179 253/474/146 251/419/90
f 250/418/144 271/475/159 272/467/160
f 290/500/177 253/421/146 254/422/139
f 290/472/177 289/469/176 270/470/158
f 288/501/175 272/502/160 270/523/158
f 280/503/167 285/504/172 283/524/170
f 287/465/174 295/479/181 255/480/147
f 296/482/182 254/471/139 252/484/145
f 297/485/90 256/461/148 257/487/148
f 266/434/154 257/425/148 255/423/147
f 265/433/153 293/505/140 294/522/180
f 264/486/152 292/476/179 297/485/90
f 296/482/182 266/481/154 295/479/181
f 263/431/90 243/444/138 298/489/183
f 275/506/163 300/507/185 259/427/149
f 302/509/187 298/510/183 244/412/139
f 262/430/151 274/488/162 275/497/163
f 302/495/187 299/490/184 273/491/161
f 279/511/166 280/503/167 283/524/170
f 303/512/96 278/447/165 307/516/96
f 304/513/96 282/457/169 299/490/184
f 306/515/96 278/447/165 284/459/171
f 306/515/96 282/457/169 305/514/96
f 308/517/96 286/463/173 289/469/176
f 308/517/96 291/473/178 312/521/96
f 310/519/96 286/463/173 309/518/96
f 311/520/96 291/473/178 296/482/182
f 311/520/96 295/479/181 310/519/96
f 304/513/96 301/493/186 303/512/96
f 313/525/188 315/527/189 314/526/86
f 316/528/96 318/530/96 317/529/190
f 319/531/191 321/533/193 320/532/192
f 322/534/194 318/530/96 323/535/96
f 324/536/195 318/530/96 322/534/194
f 325/537/196 318/530/96 324/536/195
f 326/538/197 318/530/96 325/537/196
f 327/539/198 318/530/96 326/538/197
f 328/540/199 318/530/96 327/539/198
f 329/541/200 318/530/96 328/540/199
f 330/542/201 318/530/96 329/541/200
f 331/543/96 333/545/202 332/544/96
f 334/546/203 336/548/205 335/547/204
f 323/535/96 318/530/96 316/528/96
f 337/549/206 320/532/192 338/550/207
f 339/551/208 341/553/210 340/552/209
f 314/526/86 343/555/212 342/554/211
f 343/555/212 345/557/214 344/556/213
f 346/558/215 348/560/217 347/559/216
f 349/561/218 350/562/219 315/527/189
f 351/563/220 352/564/91 350/562/219
f 353/565/221 354/567/222 352/566/91
f 355/568/223 356/569/224 354/567/222
f 357/570/225 358/571/9 356/569/224
f 336/548/205 358/571/9 357/570/225
f 323/535/96 316/528/96 331/543/96
f 359/572/226 346/558/215 360/573/227
f 316/528/96 344/575/213 361/574/228
f 321/576/193 362/577/229 323/535/96
f 347/578/216 363/579/230 333/545/202
f 332/544/96 340/581/209 338/580/207
f 364/582/231 342/583/211 317/529/190
f 344/575/213 316/528/96 317/529/190
f 359/572/226 361/584/228 344/556/213
f 320/585/192 365/586/202 332/544/96
f 334/546/203 362/587/229 321/533/193
f 362/577/229 335/588/204 322/534/194
f 335/588/204 357/589/225 324/536/195
f 355/590/223 325/537/196 324/536/195
f 353/591/221 326/538/197 325/537/196
f 351/592/220 327/539/198 326/538/197
f 349/593/218 328/540/199 327/539/198
f 349/593/218 313/594/188 329/541/200
f 313/594/188 364/582/231 330/542/201
f 338/595/207 340/552/209 341/553/210
f 363/596/230 347/598/216 348/597/217
f 340/581/209 332/544/96 333/545/202
f 360/599/227 347/578/216 333/545/202
f 321/576/193 323/535/96 365/586/202
f 361/574/228 360/599/227 331/543/96
f 317/529/190 318/530/96 330/542/201
f 313/525/188 314/526/86 364/600/231
f 319/531/191 320/532/192 337/549/206
f 331/543/96 332/544/96 365/586/202
f 334/546/203 335/547/204 362/587/229
f 337/549/206 338/550/207 366/601/232
f 339/551/208 340/552/209 363/596/230
f 314/526/86 342/554/211 364/600/231
f 343/555/212 344/556/213 342/554/211
f 346/558/215 347/559/216 360/573/227
f 349/561/218 315/527/189 313/525/188
f 351/563/220 350/562/219 349/561/218
f 353/565/221 352/566/91 351/602/220
f 355/568/223 354/567/222 353/565/221
f 357/570/225 356/569/224 355/568/223
f 336/548/205 357/570/225 335/547/204
f 323/535/96 331/543/96 365/586/202
f 359/572/226 360/573/227 361/584/228
f 364/582/231 317/529/190 330/542/201
f 344/575/213 317/529/190 342/583/211
f 359/572/226 344/556/213 345/557/214
f 320/585/192 332/544/96 338/580/207
f 334/546/203 321/533/193 319/531/191
f 362/577/229 322/534/194 323/535/96
f 335/588/204 324/536/195 322/534/194
f 355/590/223 324/536/195 357/589/225
f 353/591/221 325/537/196 355/590/223
f 351/592/220 326/538/197 353/591/221
f 349/593/218 327/539/198 351/592/220
f 349/593/218 329/541/200 328/540/199
f 313/594/188 330/542/201 329/541/200
f 338/595/207 341/553/210 366/603/232
f 363/596/230 348/597/217 339/551/208
f 340/581/209 333/545/202 363/579/230
f 360/599/227 333/545/202 331/543/96
f 321/576/193 365/586/202 320/585/192
f 361/574/228 331/543/96 316/528/96
f 367/604/1 369/606/3 368/605/2
f 370/607/79 372/609/86 371/608/233
f 373/610/7 375/612/9 374/611/8
f 376/613/10 375/612/9 373/610/7
f 377/614/11 375/612/9 376/613/10
f 378/615/12 375/612/9 379/616/13
f 380/617/234 375/612/9 378/615/12
f 381/618/15 375/612/9 377/614/11
f 379/616/13 375/612/9 381/618/15
f 382/619/86 384/621/18 383/620/235
f 385/622/19 375/612/9 386/623/20
f 387/624/236 375/612/9 385/622/19
f 374/611/8 375/612/9 387/624/236
f 388/625/22 389/627/23 369/626/3
f 390/628/24 368/605/2 391/629/237
f 392/630/26 391/629/237 393/631/27
f 394/632/28 393/631/27 395/633/29
f 396/634/30 395/633/29 397/635/31
f 398/636/32 397/635/31 399/637/33
f 400/638/34 399/637/33 401/639/35
f 402/640/36 401/639/35 403/641/37
f 404/642/238 403/641/37 405/643/39
f 406/644/40 405/643/39 407/645/41
f 408/646/42 407/645/41 389/627/23
f 409/647/239 375/612/9 380/617/234
f 410/648/86 411/649/86 383/620/235
f 382/619/86 413/651/86 412/650/240
f 414/652/86 416/654/86 415/653/241
f 417/655/86 414/652/86 418/656/242
f 419/657/86 417/655/86 420/658/243
f 419/657/86 422/660/54 421/659/53
f 423/661/86 421/659/53 424/662/244
f 425/663/86 426/664/86 424/662/244
f 427/665/86 425/663/86 428/666/245
f 413/651/86 427/665/86 429/667/61
f 430/668/246 372/609/86 431/669/247
f 410/648/86 432/670/63 415/653/241
f 433/671/248 372/609/86 430/668/246
f 434/672/249 372/609/86 433/671/248
f 435/673/250 372/609/86 436/674/251
f 437/675/252 372/609/86 370/607/79
f 438/676/253 372/609/86 434/672/249
f 439/677/254 372/609/86 435/673/250
f 440/678/255 372/609/86 437/675/252
f 371/608/233 372/609/86 438/676/253
f 431/669/247 372/609/86 439/677/254
f 436/674/251 372/609/86 440/678/255
f 382/679/256 411/681/257 441/680/62
f 413/682/258 382/684/256 442/683/64
f 427/685/259 413/682/258 443/686/70
f 425/687/260 427/685/259 444/688/67
f 426/689/261 425/687/260 445/690/73
f 423/691/262 426/689/261 446/692/71
f 419/693/263 423/691/262 447/694/68
f 417/695/264 419/693/263 448/696/5
f 414/697/265 417/695/264 449/698/266
f 416/699/267 414/697/265 450/700/69
f 410/701/268 416/699/267 451/702/66
f 411/681/257 410/701/268 452/703/65
f 367/704/1 390/705/24 383/620/235
f 390/705/24 392/706/26 432/670/63
f 392/706/26 394/707/28 415/653/241
f 394/707/28 396/708/30 418/656/242
f 396/708/30 398/709/32 420/658/243
f 400/710/34 422/660/54 420/658/243
f 400/710/34 402/711/36 421/659/53
f 402/711/36 404/712/238 424/662/244
f 406/713/40 428/666/245 424/662/244
f 408/714/42 429/667/61 428/666/245
f 408/714/42 388/715/22 412/650/240
f 367/704/1 384/621/18 412/650/240
f 369/716/3 409/647/239 380/617/234
f 368/717/2 380/617/234 378/615/12
f 391/718/237 378/615/12 379/616/13
f 393/719/27 379/616/13 381/618/15
f 397/720/31 395/721/29 381/618/15
f 399/722/33 397/720/31 377/614/11
f 399/722/33 376/613/10 373/610/7
f 401/723/35 373/610/7 374/611/8
f 405/724/39 403/725/37 374/611/8
f 407/726/41 405/724/39 387/624/236
f 407/726/41 385/622/19 386/623/20
f 369/716/3 389/727/23 386/623/20
f 442/728/64 441/729/62 430/668/246
f 441/729/62 452/730/65 433/671/248
f 451/731/66 434/672/249 433/671/248
f 451/731/66 450/732/69 438/676/253
f 450/732/69 449/733/266 371/608/233
f 449/733/266 448/734/5 370/607/79
f 448/734/5 447/735/68 437/675/252
f 446/736/71 440/678/255 437/675/252
f 446/736/71 445/737/73 436/674/251
f 445/737/73 444/738/67 435/673/250
f 443/739/70 439/677/254 435/673/250
f 442/728/64 431/669/247 439/677/254
f 386/623/20 375/612/9 409/647/239
f 367/604/1 368/605/2 390/628/24
f 382/619/86 383/620/235 411/649/86
f 388/625/22 369/626/3 367/740/1
f 390/628/24 391/629/237 392/630/26
f 392/630/26 393/631/27 394/632/28
f 394/632/28 395/633/29 396/634/30
f 396/634/30 397/635/31 398/636/32
f 398/636/32 399/637/33 400/638/34
f 400/638/34 401/639/35 402/640/36
f 402/640/36 403/641/37 404/642/238
f 404/642/238 405/643/39 406/644/40
f 406/644/40 407/645/41 408/646/42
f 408/646/42 389/627/23 388/625/22
f 410/648/86 383/620/235 432/670/63
f 382/619/86 412/650/240 384/621/18
f 414/652/86 415/653/241 418/656/242
f 417/655/86 418/656/242 420/658/243
f 419/657/86 420/658/243 422/660/54
f 419/657/86 421/659/53 423/661/86
f 423/661/86 424/662/244 426/664/86
f 425/663/86 424/662/244 428/666/245
f 427/665/86 428/666/245 429/667/61
f 413/651/86 429/667/61 412/650/240
f 410/648/86 415/653/241 416/654/86
f 382/679/256 441/680/62 442/741/64
f 413/682/258 442/683/64 443/686/70
f 427/685/259 443/686/70 444/688/67
f 425/687/260 444/688/67 445/690/73
f 426/689/261 445/690/73 446/692/71
f 423/691/262 446/692/71 447/694/68
f 419/693/263 447/694/68 448/696/5
f 417/695/264 448/696/5 449/698/266
f 414/697/265 449/698/266 450/700/69
f 416/699/267 450/700/69 451/702/66
f 410/701/268 451/702/66 452/703/65
f 411/681/257 452/703/65 441/680/62
f 367/704/1 383/620/235 384/621/18
f 390/705/24 432/670/63 383/620/235
f 392/706/26 415/653/241 432/670/63
f 394/707/28 418/656/242 415/653/241
f 396/708/30 420/658/243 418/656/242
f 400/710/34 420/658/243 398/709/32
f 400/710/34 421/659/53 422/660/54
f 402/711/36 424/662/244 421/659/53
f 406/713/40 424/662/244 404/712/238
f 408/714/42 428/666/245 406/713/40
f 408/714/42 412/650/240 429/667/61
f 367/704/1 412/650/240 388/715/22
f 369/716/3 380/617/234 368/717/2
f 368/717/2 378/615/12 391/718/237
f 391/718/237 379/616/13 393/719/27
f 393/719/27 381/618/15 395/721/29
f 397/720/31 381/618/15 377/614/11
f 399/722/33 377/614/11 376/613/10
f 399/722/33 373/610/7 401/723/35
f 401/723/35 374/611/8 403/725/37
f 405/724/39 374/611/8 387/624/236
f 407/726/41 387/624/236 385/622/19
f 407/726/41 386/623/20 389/727/23
f 369/716/3 386/623/20 409/647/239
f 442/728/64 430/668/246 431/669/247
f 441/729/62 433/671/248 430/668/246
f 451/731/66 433/671/248 452/730/65
f 451/731/66 438/676/253 434/672/249
f 450/732/69 371/608/233 438/676/253
f 449/733/266 370/607/79 371/608/233
f 448/734/5 437/675/252 370/607/79
f 446/736/71 437/675/252 447/735/68
f 446/736/71 436/674/251 440/678/255
f 445/737/73 435/673/250 436/674/251
f 443/739/70 435/673/250 444/738/67
f 442/728/64 439/677/254 443/739/70
f 453/742/188 455/744/189 454/743/86
f 456/745/269 458/747/96 457/746/190
f 459/748/270 461/750/272 460/749/271
f 462/751/194 458/747/96 463/752/273
f 464/753/195 458/747/96 462/751/194
f 465/754/196 458/747/96 464/753/195
f 466/755/197 458/747/96 465/754/196
f 467/756/274 458/747/96 466/755/197
f 468/757/199 458/747/96 467/756/274
f 469/758/200 458/747/96 468/757/199
f 470/759/201 458/747/96 469/758/200
f 471/760/96 473/762/96 472/761/96
f 474/763/275 476/765/205 475/764/204
f 463/752/273 458/747/96 456/745/269
f 477/766/276 460/749/271 478/767/277
f 479/768/278 481/770/280 480/769/279
f 482/771/281 484/773/210 483/772/282
f 485/774/283 478/767/277 486/775/284
f 487/776/96 488/777/96 471/760/96
f 454/743/86 490/779/285 489/778/211
f 490/779/285 492/781/287 491/780/286
f 480/769/279 494/783/289 493/782/288
f 495/784/290 496/785/219 455/744/189
f 497/786/220 498/787/91 496/785/219
f 499/788/291 500/790/222 498/789/91
f 501/791/223 502/792/224 500/790/222
f 503/793/225 504/794/9 502/792/224
f 476/765/205 504/794/9 503/793/225
f 456/745/269 488/777/96 487/776/96
f 505/795/292 506/796/293 481/770/280
f 505/797/292 456/745/269 491/798/286
f 461/799/272 507/800/294 463/752/273
f 493/801/288 508/802/295 473/762/96
f 472/761/96 483/804/282 486/803/284
f 509/805/296 489/806/211 457/746/190
f 478/807/277 510/808/96 472/761/96
f 474/763/275 507/809/294 461/750/272
f 507/800/294 475/810/204 462/751/194
f 475/810/204 503/811/225 464/753/195
f 501/812/223 465/754/196 464/753/195
f 499/813/291 466/755/197 465/754/196
f 497/814/220 467/756/274 466/755/197
f 495/815/290 468/757/199 467/756/274
f 495/815/290 453/816/188 469/758/200
f 453/816/188 509/805/296 470/759/201
f 486/817/284 483/772/282 484/773/210
f 508/818/295 493/820/288 494/819/289
f 483/804/282 472/761/96 473/762/96
f 505/797/292 479/821/278 488/777/96
f 511/822/297 471/760/96 488/777/96
f 461/799/272 463/752/273 487/776/96
f 506/796/293 505/795/292 491/780/286
f 460/823/271 487/776/96 510/808/96
f 511/822/297 493/801/288 473/762/96
f 491/798/286 456/745/269 457/746/190
f 457/746/190 458/747/96 470/759/201
f 453/742/188 454/743/86 509/824/296
f 459/748/270 460/749/271 477/766/276
f 471/760/96 472/761/96 510/808/96
f 474/763/275 475/764/204 507/809/294
f 477/766/276 478/767/277 485/774/283
f 479/768/278 480/769/279 511/825/297
f 482/771/281 483/772/282 508/818/295
f 485/774/283 486/775/284 512/826/298
f 487/776/96 471/760/96 510/808/96
f 454/743/86 489/778/211 509/824/296
f 490/779/285 491/780/286 489/778/211
f 480/769/279 493/782/288 511/825/297
f 495/784/290 455/744/189 453/742/188
f 497/786/220 496/785/219 495/784/290
f 499/788/291 498/789/91 497/827/220
f 501/791/223 500/790/222 499/788/291
f 503/793/225 502/792/224 501/791/223
f 476/765/205 503/793/225 475/764/204
f 456/745/269 487/776/96 463/752/273
f 505/795/292 481/770/280 479/768/278
f 509/805/296 457/746/190 470/759/201
f 478/807/277 472/761/96 486/803/284
f 474/763/275 461/750/272 459/748/270
f 507/800/294 462/751/194 463/752/273
f 475/810/204 464/753/195 462/751/194
f 501/812/223 464/753/195 503/811/225
f 499/813/291 465/754/196 501/812/223
f 497/814/220 466/755/197 499/813/291
f 495/815/290 467/756/274 497/814/220
f 495/815/290 469/758/200 468/757/199
f 453/816/188 470/759/201 469/758/200
f 486/817/284 484/773/210 512/828/298
f 508/818/295 494/819/289 482/771/281
f 483/804/282 473/762/96 508/802/295
f 505/797/292 488/777/96 456/745/269
f 511/822/297 488/777/96 479/821/278
f 461/799/272 487/776/96 460/823/271
f 506/796/293 491/780/286 492/781/287
f 460/823/271 510/808/96 478/807/277
f 511/822/297 473/762/96 471/760/96
f 491/798/286 457/746/190 489/806/211
f 513/829/188 515/831/189 514/830/86
f 516/832/299 518/834/96 517/833/190
f 519/835/300 521/837/302 520/836/301
f 522/838/194 518/834/96 523/839/303
f 524/840/195 518/834/96 522/838/194
f 525/841/196 518/834/96 524/840/195
f 526/842/197 518/834/96 525/841/196
f 527/843/198 518/834/96 526/842/197
f 528/844/199 518/834/96 527/843/198
f 529/845/200 518/834/96 528/844/199
f 530/846/201 518/834/96 529/845/200
f 531/847/96 533/849/96 532/848/304
f 534/850/305 536/852/205 535/851/204
f 523/839/303 518/834/96 516/832/299
f 537/853/306 539/855/307 538/854/96
f 540/856/308 542/858/310 541/857/309
f 543/859/311 520/836/301 544/860/312
f 538/854/96 533/849/96 531/847/96
f 545/861/313 544/860/312 546/862/314
f 547/863/315 549/865/317 548/864/316
f 550/866/318 541/857/309 551/867/319
f 552/868/320 546/862/314 553/869/321
f 514/830/86 555/871/285 554/870/211
f 555/871/285 557/873/323 556/872/322
f 558/874/324 551/867/319 559/875/325
f 560/876/290 561/877/219 515/831/189
f 562/878/220 563/879/91 561/877/219
f 564/880/291 565/882/222 563/881/91
f 566/883/223 567/884/224 565/882/222
f 568/885/225 569/886/9 567/884/224
f 536/852/205 569/886/9 568/885/225
f 516/832/299 539/855/307 537/853/306
f 570/887/326 571/888/327 542/858/310
f 516/832/299 556/890/322 570/889/326
f 521/891/302 572/892/328 523/839/303
f 573/893/329 574/894/330 532/848/304
f 575/895/331 548/897/316 553/896/321
f 576/898/296 554/899/211 517/833/190
f 556/890/322 516/832/299 517/833/190
f 571/888/327 570/887/326 556/872/322
f 546/900/314 531/847/96 575/895/331
f 534/850/305 572/901/328 521/837/302
f 572/892/328 535/902/204 522/838/194
f 535/902/204 568/903/225 524/840/195
f 566/904/223 525/841/196 524/840/195
f 564/905/291 526/842/197 525/841/196
f 562/906/220 527/843/198 526/842/197
f 560/907/290 528/844/199 527/843/198
f 560/907/290 513/908/188 529/845/200
f 513/908/188 576/898/296 530/846/201
f 553/909/321 548/864/316 549/865/317
f 574/910/330 573/912/329 559/911/325
f 574/894/330 548/897/316 575/895/331
f 550/913/318 558/914/324 533/849/96
f 520/915/301 537/853/306 577/916/96
f 521/891/302 523/839/303 537/853/306
f 558/914/324 573/893/329 532/848/304
f 546/900/314 544/917/312 577/916/96
f 570/889/326 540/918/308 539/855/307
f 550/913/318 538/854/96 539/855/307
f 517/833/190 518/834/96 530/846/201
f 513/829/188 514/830/86 576/919/296
f 519/835/300 520/836/301 543/859/311
f 531/847/96 532/848/304 575/895/331
f 534/850/305 535/851/204 572/901/328
f 537/853/306 538/854/96 577/916/96
f 540/856/308 541/857/309 550/866/318
f 543/859/311 544/860/312 545/861/313
f 538/854/96 531/847/96 577/916/96
f 545/861/313 546/862/314 552/868/320
f 547/863/315 548/864/316 574/910/330
f 550/866/318 551/867/319 558/874/324
f 552/868/320 553/869/321 578/920/332
f 514/830/86 554/870/211 576/919/296
f 555/871/285 556/872/322 554/870/211
f 558/874/324 559/875/325 573/921/329
f 560/876/290 515/831/189 513/829/188
f 562/878/220 561/877/219 560/876/290
f 564/880/291 563/881/91 562/922/220
f 566/883/223 565/882/222 564/880/291
f 568/885/225 567/884/224 566/883/223
f 536/852/205 568/885/225 535/851/204
f 516/832/299 537/853/306 523/839/303
f 570/887/326 542/858/310 540/856/308
f 576/898/296 517/833/190 530/846/201
f 556/890/322 517/833/190 554/899/211
f 571/888/327 556/872/322 557/873/323
f 546/900/314 575/895/331 553/896/321
f 534/850/305 521/837/302 519/835/300
f 572/892/328 522/838/194 523/839/303
f 535/902/204 524/840/195 522/838/194
f 566/904/223 524/840/195 568/903/225
f 564/905/291 525/841/196 566/904/223
f 562/906/220 526/842/197 564/905/291
f 560/907/290 527/843/198 562/906/220
f 560/907/290 529/845/200 528/844/199
f 513/908/188 530/846/201 529/845/200
f 553/909/321 549/865/317 578/923/332
f 574/910/330 559/911/325 547/863/315
f 574/894/330 575/895/331 532/848/304
f 550/913/318 533/849/96 538/854/96
f 520/915/301 577/916/96 544/917/312
f 521/891/302 537/853/306 520/915/301
f 558/914/324 532/848/304 533/849/96
f 546/900/314 577/916/96 531/847/96
f 570/889/326 539/855/307 516/832/299
f 550/913/318 539/855/307 540/918/308
f 579/924/1 581/926/3 580/925/2
f 582/927/264 584/929/263 583/928/5
f 585/930/7 587/932/9 586/931/8
f 588/933/10 587/932/9 585/930/7
f 589/934/11 587/932/9 588/933/10
f 590/935/12 587/932/9 591/936/13
f 592/937/14 587/932/9 590/935/12
f 593/938/15 587/932/9 589/934/11
f 591/936/13 587/932/9 593/938/15
f 594/939/86 596/941/18 595/940/17
f 597/942/19 587/932/9 598/943/20
f 599/944/21 587/932/9 597/942/19
f 586/931/8 587/932/9 599/944/21
f 600/945/22 601/946/23 581/926/3
f 602/947/24 580/949/2 603/948/25
f 604/950/26 603/948/25 605/951/27
f 606/952/28 605/951/27 607/953/29
f 608/954/30 607/953/29 609/955/31
f 610/956/32 609/955/31 611/957/33
f 612/958/34 611/957/33 613/959/35
f 614/960/36 613/959/35 615/961/37
f 616/962/38 615/961/37 617/963/39
f 618/964/40 617/963/39 619/965/41
f 620/966/42 619/965/41 601/946/23
f 621/967/239 587/932/9 592/937/14
f 622/968/86 623/969/86 595/940/17
f 594/939/86 625/971/86 624/970/46
f 626/972/86 628/974/86 627/973/49
f 582/975/86 626/972/86 629/976/51
f 584/977/86 582/975/86 630/978/52
f 584/977/86 632/980/54 631/979/333
f 633/981/86 631/979/333 634/982/56
f 635/983/86 636/984/86 634/982/56
f 637/985/86 635/983/86 638/986/60
f 625/971/86 637/985/86 639/987/61
f 594/988/256 623/990/257 640/989/62
f 622/968/86 641/991/63 627/973/49
f 625/992/258 594/988/256 642/993/64
f 623/994/257 622/996/268 643/995/65
f 622/996/268 628/998/267 644/997/66
f 635/999/260 637/1001/259 645/1000/67
f 584/929/263 633/1003/262 646/1002/68
f 628/998/267 626/1005/265 647/1004/334
f 637/1001/259 625/992/258 648/1006/335
f 633/1003/262 636/1008/261 649/1007/71
f 626/1005/265 582/927/264 650/1009/72
f 636/1008/261 635/999/260 651/1010/73
f 579/1011/1 602/1012/24 595/940/17
f 602/1012/24 604/1013/26 641/991/63
f 604/1013/26 606/1014/28 627/973/49
f 606/1014/28 608/1015/30 629/976/51
f 608/1015/30 610/1016/32 630/978/52
f 612/1017/34 632/980/54 630/978/52
f 612/1017/34 614/1018/36 631/979/333
f 614/1018/36 616/1019/38 634/982/56
f 618/1020/40 638/986/60 634/982/56
f 620/1021/42 639/987/61 638/986/60
f 620/1021/42 600/1022/22 624/970/46
f 579/1011/1 596/941/18 624/970/46
f 581/1023/3 621/967/239 592/937/14
f 580/1024/2 592/937/14 590/935/12
f 603/1025/25 590/935/12 591/936/13
f 605/1026/27 591/936/13 593/938/15
f 609/1027/31 607/1028/29 593/938/15
f 611/1029/33 609/1027/31 589/934/11
f 611/1029/33 588/933/10 585/930/7
f 613/1030/35 585/930/7 586/931/8
f 617/1031/39 615/1032/37 586/931/8
f 619/1033/41 617/1031/39 599/944/21
f 619/1033/41 597/942/19 598/943/20
f 581/1023/3 601/1034/23 598/943/20
f 642/1035/64 640/1037/62 652/1036/74
f 640/1037/62 643/1039/65 653/1038/336
f 644/1040/66 654/1041/337 653/1038/336
f 644/1040/66 647/1043/334 655/1042/77
f 647/1043/334 650/1045/72 656/1044/338
f 650/1045/72 583/1047/5 657/1046/79
f 583/1047/5 646/1049/68 658/1048/339
f 649/1050/71 659/1051/340 658/1048/339
f 649/1050/71 651/1053/73 660/1052/82
f 651/1053/73 645/1055/67 661/1054/83
f 648/1056/335 662/1057/84 661/1054/83
f 642/1035/64 663/1058/341 662/1057/84
f 598/943/20 587/932/9 621/967/239
f 652/1036/74 664/1059/86 663/1058/341
f 663/1058/341 664/1059/86 662/1057/84
f 662/1057/84 664/1059/86 661/1054/83
f 661/1054/83 664/1059/86 660/1052/82
f 660/1052/82 664/1059/86 659/1051/340
f 659/1051/340 664/1059/86 658/1048/339
f 658/1048/339 664/1059/86 657/1046/79
f 657/1046/79 664/1059/86 656/1044/338
f 656/1044/338 664/1059/86 655/1042/77
f 655/1042/77 664/1059/86 654/1041/337
f 654/1041/337 664/1059/86 653/1038/336
f 653/1038/336 664/1059/86 652/1036/74
f 579/924/1 580/925/2 602/1060/24
f 582/927/264 583/928/5 650/1009/72
f 594/939/86 595/940/17 623/969/86
f 600/945/22 581/926/3 579/924/1
f 602/947/24 603/948/25 604/950/26
f 604/950/26 605/951/27 606/952/28
f 606/952/28 607/953/29 608/954/30
f 608/954/30 609/955/31 610/956/32
f 610/956/32 611/957/33 612/958/34
f 612/958/34 613/959/35 614/960/36
f 614/960/36 615/961/37 616/962/38
f 616/962/38 617/963/39 618/964/40
f 618/964/40 619/965/41 620/966/42
f 620/966/42 601/946/23 600/945/22
f 622/968/86 595/940/17 641/991/63
f 594/939/86 624/970/46 596/941/18
f 626/972/86 627/973/49 629/976/51
f 582/975/86 629/976/51 630/978/52
f 584/977/86 630/978/52 632/980/54
f 584/977/86 631/979/333 633/981/86
f 633/981/86 634/982/56 636/984/86
f 635/983/86 634/982/56 638/986/60
f 637/985/86 638/986/60 639/987/61
f 625/971/86 639/987/61 624/970/46
f 594/988/256 640/989/62 642/993/64
f 622/968/86 627/973/49 628/974/86
f 625/992/258 642/993/64 648/1006/335
f 623/994/257 643/995/65 640/1061/62
f 622/996/268 644/997/66 643/995/65
f 635/999/260 645/1000/67 651/1010/73
f 584/929/263 646/1002/68 583/928/5
f 628/998/267 647/1004/334 644/997/66
f 637/1001/259 648/1006/335 645/1000/67
f 633/1003/262 649/1007/71 646/1002/68
f 626/1005/265 650/1009/72 647/1004/334
f 636/1008/261 651/1010/73 649/1007/71
f 579/1011/1 595/940/17 596/941/18
f 602/1012/24 641/991/63 595/940/17
f 604/1013/26 627/973/49 641/991/63
f 606/1014/28 629/976/51 627/973/49
f 608/1015/30 630/978/52 629/976/51
f 612/1017/34 630/978/52 610/1016/32
f 612/1017/34 631/979/333 632/980/54
f 614/1018/36 634/982/56 631/979/333
f 618/1020/40 634/982/56 616/1019/38
f 620/1021/42 638/986/60 618/1020/40
f 620/1021/42 624/970/46 639/987/61
f 579/1011/1 624/970/46 600/1022/22
f 581/1023/3 592/937/14 580/1024/2
f 580/1024/2 590/935/12 603/1025/25
f 603/1025/25 591/936/13 605/1026/27
f 605/1026/27 593/938/15 607/1028/29
f 609/1027/31 593/938/15 589/934/11
f 611/1029/33 589/934/11 588/933/10
f 611/1029/33 585/930/7 613/1030/35
f 613/1030/35 586/931/8 615/1032/37
f 617/1031/39 586/931/8 599/944/21
f 619/1033/41 599/944/21 597/942/19
f 619/1033/41 598/943/20 601/1034/23
f 581/1023/3 598/943/20 621/967/239
f 642/1035/64 652/1036/74 663/1058/341
f 640/1037/62 653/1038/336 652/1036/74
f 644/1040/66 653/1038/336 643/1039/65
f 644/1040/66 655/1042/77 654/1041/337
f 647/1043/334 656/1044/338 655/1042/77
f 650/1045/72 657/1046/79 656/1044/338
f 583/1047/5 658/1048/339 657/1046/79
f 649/1050/71 658/1048/339 646/1049/68
f 649/1050/71 660/1052/82 659/1051/340
f 651/1053/73 661/1054/83 660/1052/82
f 648/1056/335 661/1054/83 645/1055/67
f 642/1035/64 662/1057/84 648/1056/335
f 665/1062/90 667/1064/90 666/1063/90
f 668/1065/91 670/1067/91 669/1066/91
f 671/1068/342 673/1070/344 672/1069/343
f 674/1071/95 676/1073/95 675/1072/95
f 677/1074/96 679/1076/96 678/1075/96
f 680/1077/345 682/1079/347 681/1078/346
f 683/1080/90 685/1082/90 684/1081/90
f 686/1083/91 688/1085/91 687/1084/91
f 689/1086/348 691/1088/350 690/1087/349
f 692/1089/95 694/1091/95 693/1090/95
f 695/1092/96 697/1094/96 696/1093/96
f 698/1095/351 700/1097/89 699/1096/88
f 701/1098/90 703/1100/90 702/1099/90
f 704/1101/91 706/1103/91 705/1102/91
f 707/1104/92 709/1106/94 708/1105/93
f 710/1107/95 712/1109/95 711/1108/95
f 713/1110/96 715/1112/96 714/1111/96
f 716/1113/352 676/1114/95 667/1064/90
f 666/1063/90 674/1116/95 672/1115/343
f 717/1117/353 679/1076/96 675/1118/95
f 718/1119/354 719/1120/95 677/1074/96
f 720/1121/355 665/1062/90 669/1122/91
f 673/1123/344 722/1125/91 721/1124/90
f 723/1126/356 670/1127/91 678/1075/96
f 671/1128/342 724/1130/96 668/1129/91
f 681/1131/346 694/1132/95 684/1081/90
f 725/1133/90 692/1135/95 690/1134/349
f 682/1136/347 695/1092/96 693/1137/95
f 726/1138/357 728/1140/95 727/1139/96
f 729/1141/358 685/1082/90 687/1142/91
f 691/1143/350 730/1144/91 683/1080/90
f 680/1145/345 688/1146/91 697/1094/96
f 689/1147/348 696/1093/96 686/1148/91
f 699/1149/88 712/1150/95 702/1099/90
f 731/1151/90 710/1153/95 708/1152/93
f 700/1154/89 715/1112/96 711/1155/95
f 732/1156/110 733/1157/95 713/1110/96
f 734/1158/111 703/1100/90 705/1159/91
f 709/1160/94 735/1161/91 701/1098/90
f 698/1162/351 706/1163/91 714/1111/96
f 707/1164/92 736/1166/96 704/1165/91
f 716/1167/352 717/1168/353 675/1072/95
f 667/1064/90 676/1114/95 674/1116/95
f 718/1169/354 672/1069/343 674/1071/95
f 679/1076/96 677/1074/96 719/1120/95
f 717/1117/353 723/1126/356 678/1075/96
f 718/1119/354 677/1074/96 724/1130/96
f 670/1127/91 668/1129/91 724/1130/96
f 723/1170/356 720/1172/355 669/1171/91
f 673/1173/344 671/1174/342 668/1065/91
f 721/1124/90 722/1125/91 669/1122/91
f 716/1113/352 667/1064/90 665/1062/90
f 672/1115/343 673/1123/344 721/1124/90
f 682/1079/347 693/1090/95 694/1091/95
f 725/1133/90 684/1081/90 694/1132/95
f 726/1175/357 690/1087/349 692/1089/95
f 727/1139/96 728/1140/95 693/1137/95
f 682/1136/347 680/1145/345 697/1094/96
f 689/1147/348 726/1138/357 727/1139/96
f 686/1148/91 696/1093/96 697/1094/96
f 680/1077/345 729/1177/358 687/1176/91
f 689/1178/348 686/1083/91 730/1179/91
f 685/1082/90 683/1080/90 730/1144/91
f 681/1131/346 684/1081/90 685/1082/90
f 691/1143/350 683/1080/90 725/1133/90
f 699/1096/88 700/1097/89 711/1108/95
f 731/1151/90 702/1099/90 712/1150/95
f 732/1180/110 708/1105/93 710/1107/95
f 715/1112/96 713/1110/96 733/1157/95
f 700/1154/89 698/1162/351 714/1111/96
f 707/1164/92 732/1156/110 713/1110/96
f 706/1163/91 704/1165/91 736/1166/96
f 698/1095/351 734/1182/111 705/1181/91
f 709/1183/94 707/1184/92 704/1101/91
f 703/1100/90 701/1098/90 735/1161/91
f 734/1158/111 699/1149/88 702/1099/90
f 708/1152/93 709/1160/94 701/1098/90
f 723/1170/356 717/1168/353 716/1167/352
f 665/1062/90 666/1063/90 721/1124/90
f 668/1065/91 669/1066/91 722/1185/91
f 671/1068/342 672/1069/343 718/1169/354
f 674/1071/95 675/1072/95 719/1186/95
f 677/1074/96 678/1075/96 724/1130/96
f 680/1077/345 681/1078/346 729/1177/358
f 683/1080/90 684/1081/90 725/1133/90
f 686/1083/91 687/1084/91 730/1179/91
f 689/1086/348 690/1087/349 726/1175/357
f 692/1089/95 693/1090/95 728/1187/95
f 695/1092/96 696/1093/96 727/1139/96
f 698/1095/351 699/1096/88 734/1182/111
f 701/1098/90 702/1099/90 731/1151/90
f 704/1101/91 705/1102/91 735/1188/91
f 707/1104/92 708/1105/93 732/1180/110
f 710/1107/95 711/1108/95 733/1189/95
f 713/1110/96 714/1111/96 736/1166/96
f 716/1167/352 675/1072/95 676/1073/95
f 667/1064/90 674/1116/95 666/1063/90
f 718/1169/354 674/1071/95 719/1186/95
f 679/1076/96 719/1120/95 675/1118/95
f 717/1117/353 678/1075/96 679/1076/96
f 718/1119/354 724/1130/96 671/1128/342
f 670/1127/91 724/1130/96 678/1075/96
f 723/1170/356 669/1171/91 670/1190/91
f 673/1173/344 668/1065/91 722/1185/91
f 721/1124/90 669/1122/91 665/1062/90
f 716/1113/352 665/1062/90 720/1121/355
f 672/1115/343 721/1124/90 666/1063/90
f 682/1079/347 694/1091/95 681/1078/346
f 725/1133/90 694/1132/95 692/1135/95
f 726/1175/357 692/1089/95 728/1187/95
f 727/1139/96 693/1137/95 695/1092/96
f 682/1136/347 697/1094/96 695/1092/96
f 689/1147/348 727/1139/96 696/1093/96
f 686/1148/91 697/1094/96 688/1146/91
f 680/1077/345 687/1176/91 688/1191/91
f 689/1178/348 730/1179/91 691/1192/350
f 685/1082/90 730/1144/91 687/1142/91
f 681/1131/346 685/1082/90 729/1141/358
f 691/1143/350 725/1133/90 690/1134/349
f 699/1096/88 711/1108/95 712/1109/95
f 731/1151/90 712/1150/95 710/1153/95
f 732/1180/110 710/1107/95 733/1189/95
f 715/1112/96 733/1157/95 711/1155/95
f 700/1154/89 714/1111/96 715/1112/96
f 707/1164/92 713/1110/96 736/1166/96
f 706/1163/91 736/1166/96 714/1111/96
f 698/1095/351 705/1181/91 706/1193/91
f 709/1183/94 704/1101/91 735/1188/91
f 703/1100/90 735/1161/91 705/1159/91
f 734/1158/111 702/1099/90 703/1100/90
f 708/1152/93 701/1098/90 731/1151/90
f 723/1170/356 716/1167/352 720/1172/355
f 737/1194/189 739/1196/219 738/1195/359
f 740/1197/360 742/1199/361 741/1198/86
f 743/1200/362 745/1202/364 744/1201/363
f 746/1203/365 748/1205/367 747/1204/366
f 749/1206/368 751/1208/370 750/1207/369
f 752/1209/371 744/1201/363 742/1199/361
f 745/1202/364 743/1200/362 753/1210/372
f 754/1211/373 756/1213/375 755/1212/374
f 738/1195/359 739/1196/219 749/1206/368
f 757/1214/376 759/1216/378 758/1215/377
f 760/1217/379 759/1216/378 757/1214/376
f 761/1218/380 763/1220/382 762/1219/381
f 747/1204/366 748/1205/367 764/1221/383
f 765/1222/384 767/1224/386 766/1223/385
f 768/1225/387 770/1227/389 769/1226/388
f 771/1228/390 746/1203/365 772/1229/391
f 741/1230/86 737/1194/189 773/1231/392
f 774/1232/393 776/1234/395 775/1233/394
f 777/1235/396 779/1237/398 778/1236/397
f 780/1238/399 782/1240/224 781/1239/9
f 783/1241/400 785/1243/222 784/1242/401
f 786/1244/402 788/1246/404 787/1245/403
f 789/1247/405 791/1249/407 790/1248/406
f 784/1242/401 785/1243/222 782/1240/224
f 783/1241/400 793/1251/409 792/1250/408
f 794/1252/410 795/1253/411 766/1223/385
f 779/1237/398 791/1249/407 789/1247/405
f 796/1254/412 756/1213/375 754/1211/373
f 797/1255/413 799/1257/415 798/1256/414
f 798/1256/414 801/1259/417 800/1258/416
f 802/1260/418 803/1261/419 786/1244/402
f 804/1262/420 806/1264/422 805/1263/421
f 788/1246/404 796/1254/412 807/1265/423
f 781/1266/9 777/1235/396 808/1267/424
f 809/1268/425 755/1212/374 799/1257/415
f 810/1269/426 812/1271/428 811/1270/427
f 813/1272/429 814/1273/430 812/1271/428
f 815/1274/431 811/1270/427 816/1275/432
f 817/1276/433 819/1278/435 818/1277/434
f 820/1279/436 822/1281/438 821/1280/437
f 823/1282/439 817/1276/433 824/1283/440
f 825/1284/441 823/1282/439 826/1285/442
f 827/1286/443 825/1284/441 828/1287/444
f 827/1286/443 829/1288/445 814/1273/430
f 807/1265/423 754/1211/373 830/1289/446
f 831/1290/447 830/1289/446 832/1291/448
f 833/1292/449 832/1291/448 834/1293/450
f 835/1294/451 834/1293/450 836/1295/452
f 837/1296/453 838/1297/454 836/1295/452
f 839/1298/455 837/1296/453 840/1299/456
f 776/1234/395 839/1298/455 841/1300/457
f 842/1301/458 843/1302/459 763/1220/382
f 787/1245/403 807/1265/423 831/1290/447
f 844/1303/460 831/1290/447 833/1292/449
f 845/1304/461 833/1292/449 835/1294/451
f 846/1305/462 847/1306/463 835/1294/451
f 848/1307/464 846/1305/462 838/1297/454
f 849/1308/465 848/1307/464 837/1296/453
f 758/1215/377 849/1308/465 839/1298/455
f 850/1309/466 762/1219/381 851/1310/467
f 852/1311/468 787/1245/403 844/1303/460
f 853/1312/469 844/1303/460 845/1304/461
f 854/1313/470 845/1304/461 847/1306/463
f 855/1314/471 847/1306/463 846/1305/462
f 856/1315/472 857/1316/473 846/1305/462
f 858/1317/474 856/1315/472 848/1307/464
f 759/1216/378 858/1317/474 849/1308/465
f 859/1318/475 758/1215/377 776/1234/395
f 860/1319/476 861/1320/477 764/1221/383
f 804/1262/420 863/1322/479 862/1321/478
f 864/1323/480 862/1321/478 865/1324/481
f 866/1325/482 867/1326/483 865/1324/481
f 868/1327/484 866/1325/482 869/1328/485
f 870/1329/486 868/1327/484 871/1330/487
f 870/1329/486 872/1331/488 795/1253/411
f 873/1332/489 851/1310/467 769/1226/388
f 802/1260/418 852/1311/468 853/1312/469
f 874/1333/490 853/1312/469 854/1313/470
f 875/1334/491 876/1335/492 854/1313/470
f 875/1334/491 855/1314/471 857/1316/473
f 877/1336/493 857/1316/473 856/1315/472
f 878/1337/494 879/1338/495 856/1315/472
f 760/1217/379 878/1337/494 858/1317/474
f 880/1339/496 882/1341/498 881/1340/497
f 883/1342/499 884/1343/500 800/1258/416
f 885/1344/501 883/1342/499 886/1345/502
f 885/1344/501 888/1347/504 887/1346/503
f 889/1348/505 887/1346/503 890/1349/506
f 891/1350/507 892/1351/508 890/1349/506
f 891/1350/507 893/1352/509 861/1320/477
f 894/1353/510 896/1355/512 895/1354/511
f 897/1356/513 797/1255/413 884/1343/500
f 898/1357/514 897/1356/513 883/1342/499
f 899/1358/515 898/1357/514 885/1344/501
f 900/1359/516 899/1358/515 889/1348/505
f 900/1359/516 892/1351/508 891/1350/507
f 901/1360/517 891/1350/507 860/1319/476
f 902/1361/518 860/1319/476 748/1205/367
f 903/1362/519 881/1340/497 882/1341/498
f 904/1363/520 809/1268/425 797/1255/413
f 905/1364/521 904/1363/520 897/1356/513
f 906/1365/522 905/1364/521 898/1357/514
f 907/1366/523 906/1365/522 899/1358/515
f 907/1366/523 900/1359/516 901/1360/517
f 908/1367/524 901/1360/517 902/1361/518
f 909/1368/525 902/1361/518 746/1203/365
f 910/1369/526 903/1362/519 911/1370/527
f 830/1289/446 754/1211/373 809/1268/425
f 832/1291/448 830/1289/446 904/1363/520
f 834/1293/450 832/1291/448 905/1364/521
f 836/1295/452 834/1293/450 906/1365/522
f 836/1295/452 907/1366/523 908/1367/524
f 840/1299/456 908/1367/524 909/1368/525
f 841/1300/457 909/1368/525 771/1228/390
f 842/1301/458 910/1369/526 912/1371/528
f 765/1372/384 880/1339/496 913/1373/529
f 768/1374/387 914/1376/530 770/1375/389
f 915/1377/531 769/1226/388 750/1207/369
f 880/1339/496 895/1354/511 753/1210/372
f 805/1378/421 818/1277/434 819/1278/435
f 806/1379/422 801/1259/417 916/1380/532
f 917/1381/533 816/1275/432 918/1382/534
f 818/1277/434 821/1280/437 792/1250/408
f 919/1383/535 773/1231/392 763/1220/382
f 773/1231/392 738/1195/359 762/1219/381
f 920/1384/536 851/1310/467 762/1219/381
f 880/1339/496 769/1226/388 915/1377/531
f 851/1310/467 920/1384/536 750/1207/369
f 882/1341/498 880/1339/496 753/1210/372
f 921/1385/537 753/1210/372 895/1354/511
f 915/1377/531 750/1207/369 751/1386/370
f 743/1200/362 752/1209/371 911/1370/527
f 740/1197/360 912/1371/528 911/1370/527
f 919/1383/535 843/1302/459 912/1371/528
f 873/1387/489 757/1214/376 859/1318/475
f 768/1225/387 769/1226/388 880/1339/496
f 757/1214/376 873/1387/489 770/1375/389
f 747/1204/366 922/1389/538 913/1388/529
f 881/1390/497 903/1391/519 772/1229/391
f 903/1391/519 910/1393/526 923/1392/539
f 910/1393/526 842/1395/458 924/1394/540
f 925/1396/541 808/1267/424 814/1273/430
f 808/1267/424 778/1236/397 812/1271/428
f 789/1247/405 811/1270/427 812/1271/428
f 816/1275/432 917/1381/533 821/1280/437
f 811/1270/427 789/1247/405 918/1382/534
f 824/1283/440 818/1277/434 792/1250/408
f 926/1397/542 792/1250/408 821/1280/437
f 820/1279/436 917/1381/533 918/1382/534
f 793/1251/409 784/1242/401 826/1285/442
f 780/1238/399 828/1287/444 826/1285/442
f 925/1396/541 829/1288/445 828/1287/444
f 813/1398/429 755/1212/374 756/1213/375
f 810/1399/426 799/1257/415 755/1212/374
f 815/1400/431 798/1256/414 799/1257/415
f 805/1378/421 806/1401/422 816/1275/432
f 798/1256/414 815/1400/431 916/1380/532
f 786/1244/402 803/1261/419 819/1402/435
f 817/1403/433 823/1404/439 788/1246/404
f 823/1404/439 825/1405/441 796/1254/412
f 825/1405/441 827/1406/443 756/1213/375
f 806/1401/422 916/1407/532 816/1275/432
f 767/1408/386 765/1409/384 922/1389/538
f 914/1376/530 768/1374/387 766/1223/385
f 863/1322/479 805/1263/421 803/1261/419
f 801/1259/417 806/1379/422 804/1410/420
f 850/1411/466 859/1318/475 774/1232/393
f 761/1412/380 774/1232/393 924/1394/540
f 878/1337/494 760/1217/379 766/1223/385
f 879/1338/495 878/1337/494 795/1253/411
f 877/1336/493 879/1338/495 872/1331/488
f 877/1336/493 871/1330/487 869/1328/485
f 875/1334/491 869/1328/485 865/1324/481
f 876/1335/492 865/1324/481 862/1321/478
f 874/1333/490 862/1321/478 863/1322/479
f 767/1408/386 764/1221/383 861/1320/477
f 794/1413/410 861/1320/477 893/1352/509
f 870/1414/486 893/1352/509 890/1349/506
f 868/1415/484 890/1349/506 887/1346/503
f 867/1416/483 866/1417/482 887/1346/503
f 864/1418/480 867/1416/483 888/1347/504
f 804/1410/420 864/1418/480 886/1345/502
f 775/1233/394 771/1228/390 923/1392/539
f 765/1409/384 913/1388/529 922/1389/538
f 805/1263/421 819/1402/435 803/1261/419
f 737/1194/189 738/1195/359 773/1231/392
f 740/1197/360 741/1198/86 919/1383/535
f 743/1200/362 744/1201/363 752/1209/371
f 746/1203/365 747/1204/366 772/1229/391
f 749/1206/368 750/1207/369 920/1384/536
f 752/1209/371 742/1199/361 740/1197/360
f 745/1202/364 753/1210/372 921/1419/537
f 754/1211/373 755/1212/374 809/1268/425
f 738/1195/359 749/1206/368 920/1384/536
f 757/1214/376 758/1215/377 859/1318/475
f 760/1217/379 757/1214/376 914/1376/530
f 761/1218/380 762/1219/381 850/1309/466
f 747/1204/366 764/1221/383 922/1389/538
f 765/1222/384 766/1223/385 768/1374/387
f 771/1228/390 772/1229/391 923/1392/539
f 741/1230/86 773/1231/392 919/1383/535
f 774/1232/393 775/1233/394 924/1394/540
f 777/1235/396 778/1236/397 808/1267/424
f 780/1238/399 781/1239/9 925/1396/541
f 783/1241/400 784/1242/401 793/1251/409
f 786/1244/402 787/1245/403 852/1311/468
f 789/1247/405 790/1248/406 918/1382/534
f 784/1242/401 782/1240/224 780/1238/399
f 783/1241/400 792/1250/408 926/1420/542
f 794/1252/410 766/1223/385 767/1224/386
f 779/1237/398 789/1247/405 778/1236/397
f 796/1254/412 754/1211/373 807/1265/423
f 797/1255/413 798/1256/414 884/1343/500
f 798/1256/414 800/1258/416 884/1343/500
f 802/1260/418 786/1244/402 852/1311/468
f 804/1262/420 805/1263/421 863/1322/479
f 788/1246/404 807/1265/423 787/1245/403
f 781/1266/9 808/1267/424 925/1396/541
f 809/1268/425 799/1257/415 797/1255/413
f 810/1269/426 811/1270/427 815/1274/431
f 813/1272/429 812/1271/428 810/1269/426
f 815/1274/431 816/1275/432 916/1407/532
f 817/1276/433 818/1277/434 824/1283/440
f 820/1279/436 821/1280/437 917/1381/533
f 823/1282/439 824/1283/440 826/1285/442
f 825/1284/441 826/1285/442 828/1287/444
f 827/1286/443 828/1287/444 829/1288/445
f 827/1286/443 814/1273/430 813/1272/429
f 807/1265/423 830/1289/446 831/1290/447
f 831/1290/447 832/1291/448 833/1292/449
f 833/1292/449 834/1293/450 835/1294/451
f 835/1294/451 836/1295/452 838/1297/454
f 837/1296/453 836/1295/452 840/1299/456
f 839/1298/455 840/1299/456 841/1300/457
f 776/1234/395 841/1300/457 775/1233/394
f 842/1301/458 763/1220/382 761/1218/380
f 787/1245/403 831/1290/447 844/1303/460
f 844/1303/460 833/1292/449 845/1304/461
f 845/1304/461 835/1294/451 847/1306/463
f 846/1305/462 835/1294/451 838/1297/454
f 848/1307/464 838/1297/454 837/1296/453
f 849/1308/465 837/1296/453 839/1298/455
f 758/1215/377 839/1298/455 776/1234/395
f 850/1309/466 851/1310/467 873/1332/489
f 852/1311/468 844/1303/460 853/1312/469
f 853/1312/469 845/1304/461 854/1313/470
f 854/1313/470 847/1306/463 855/1314/471
f 855/1314/471 846/1305/462 857/1316/473
f 856/1315/472 846/1305/462 848/1307/464
f 858/1317/474 848/1307/464 849/1308/465
f 759/1216/378 849/1308/465 758/1215/377
f 859/1318/475 776/1234/395 774/1232/393
f 860/1319/476 764/1221/383 748/1205/367
f 804/1262/420 862/1321/478 864/1323/480
f 864/1323/480 865/1324/481 867/1326/483
f 866/1325/482 865/1324/481 869/1328/485
f 868/1327/484 869/1328/485 871/1330/487
f 870/1329/486 871/1330/487 872/1331/488
f 870/1329/486 795/1253/411 794/1252/410
f 873/1332/489 769/1226/388 770/1227/389
f 802/1260/418 853/1312/469 874/1333/490
f 874/1333/490 854/1313/470 876/1335/492
f 875/1334/491 854/1313/470 855/1314/471
f 875/1334/491 857/1316/473 877/1336/493
f 877/1336/493 856/1315/472 879/1338/495
f 878/1337/494 856/1315/472 858/1317/474
f 760/1217/379 858/1317/474 759/1216/378
f 880/1339/496 881/1340/497 913/1373/529
f 883/1342/499 800/1258/416 886/1345/502
f 885/1344/501 886/1345/502 888/1347/504
f 885/1344/501 887/1346/503 889/1348/505
f 889/1348/505 890/1349/506 892/1351/508
f 891/1350/507 890/1349/506 893/1352/509
f 891/1350/507 861/1320/477 860/1319/476
f 894/1353/510 895/1354/511 915/1377/531
f 897/1356/513 884/1343/500 883/1342/499
f 898/1357/514 883/1342/499 885/1344/501
f 899/1358/515 885/1344/501 889/1348/505
f 900/1359/516 889/1348/505 892/1351/508
f 900/1359/516 891/1350/507 901/1360/517
f 901/1360/517 860/1319/476 902/1361/518
f 902/1361/518 748/1205/367 746/1203/365
f 903/1362/519 882/1341/498 911/1370/527
f 904/1363/520 797/1255/413 897/1356/513
f 905/1364/521 897/1356/513 898/1357/514
f 906/1365/522 898/1357/514 899/1358/515
f 907/1366/523 899/1358/515 900/1359/516
f 907/1366/523 901/1360/517 908/1367/524
f 908/1367/524 902/1361/518 909/1368/525
f 909/1368/525 746/1203/365 771/1228/390
f 910/1369/526 911/1370/527 912/1371/528
f 830/1289/446 809/1268/425 904/1363/520
f 832/1291/448 904/1363/520 905/1364/521
f 834/1293/450 905/1364/521 906/1365/522
f 836/1295/452 906/1365/522 907/1366/523
f 836/1295/452 908/1367/524 840/1299/456
f 840/1299/456 909/1368/525 841/1300/457
f 841/1300/457 771/1228/390 775/1233/394
f 842/1301/458 912/1371/528 843/1302/459
f 919/1383/535 763/1220/382 843/1302/459
f 773/1231/392 762/1219/381 763/1220/382
f 920/1384/536 762/1219/381 738/1195/359
f 880/1339/496 915/1377/531 895/1354/511
f 851/1310/467 750/1207/369 769/1226/388
f 882/1341/498 753/1210/372 743/1200/362
f 921/1385/537 895/1354/511 896/1355/512
f 915/1377/531 751/1386/370 894/1353/510
f 743/1200/362 911/1370/527 882/1341/498
f 740/1197/360 911/1370/527 752/1209/371
f 919/1383/535 912/1371/528 740/1197/360
f 873/1387/489 859/1318/475 850/1411/466
f 768/1225/387 880/1339/496 765/1372/384
f 757/1214/376 770/1375/389 914/1376/530
f 747/1204/366 913/1388/529 881/1390/497
f 881/1390/497 772/1229/391 747/1204/366
f 903/1391/519 923/1392/539 772/1229/391
f 910/1393/526 924/1394/540 923/1392/539
f 925/1396/541 814/1273/430 829/1288/445
f 808/1267/424 812/1271/428 814/1273/430
f 789/1247/405 812/1271/428 778/1236/397
f 816/1275/432 821/1280/437 818/1277/434
f 811/1270/427 918/1382/534 816/1275/432
f 824/1283/440 792/1250/408 793/1251/409
f 926/1397/542 821/1280/437 822/1281/438
f 820/1279/436 918/1382/534 790/1421/406
f 793/1251/409 826/1285/442 824/1283/440
f 780/1238/399 826/1285/442 784/1242/401
f 925/1396/541 828/1287/444 780/1238/399
f 813/1398/429 756/1213/375 827/1406/443
f 810/1399/426 755/1212/374 813/1398/429
f 815/1400/431 799/1257/415 810/1399/426
f 805/1378/421 816/1275/432 818/1277/434
f 798/1256/414 916/1380/532 801/1259/417
f 786/1244/402 819/1402/435 817/1403/433
f 817/1403/433 788/1246/404 786/1244/402
f 823/1404/439 796/1254/412 788/1246/404
f 825/1405/441 756/1213/375 796/1254/412
f 767/1408/386 922/1389/538 764/1221/383
f 914/1376/530 766/1223/385 760/1217/379
f 863/1322/479 803/1261/419 802/1260/418
f 801/1259/417 804/1410/420 800/1258/416
f 850/1411/466 774/1232/393 761/1412/380
f 761/1412/380 924/1394/540 842/1395/458
f 878/1337/494 766/1223/385 795/1253/411
f 879/1338/495 795/1253/411 872/1331/488
f 877/1336/493 872/1331/488 871/1330/487
f 877/1336/493 869/1328/485 875/1334/491
f 875/1334/491 865/1324/481 876/1335/492
f 876/1335/492 862/1321/478 874/1333/490
f 874/1333/490 863/1322/479 802/1260/418
f 767/1408/386 861/1320/477 794/1413/410
f 794/1413/410 893/1352/509 870/1414/486
f 870/1414/486 890/1349/506 868/1415/484
f 868/1415/484 887/1346/503 866/1417/482
f 867/1416/483 887/1346/503 888/1347/504
f 864/1418/480 888/1347/504 886/1345/502
f 804/1410/420 886/1345/502 800/1258/416
f 775/1233/394 923/1392/539 924/1394/540
f 927/1422/543 929/1424/9 928/1423/13
f 928/1423/13 929/1424/9 930/1425/15
f 930/1425/15 929/1424/9 931/1426/544
f 931/1426/544 929/1424/9 932/1427/545
f 932/1427/545 929/1424/9 933/1428/546
f 933/1428/546 929/1424/9 934/1429/8
f 934/1429/8 929/1424/9 935/1430/547
f 935/1430/547 929/1424/9 936/1431/548
f 936/1431/548 929/1424/9 937/1432/549
f 938/1433/550 940/1435/552 939/1434/551
f 941/1436/86 943/1438/554 942/1437/553
f 941/1436/86 942/1437/553 944/1439/555
f 941/1436/86 944/1439/555 945/1440/556
f 941/1436/86 945/1440/556 946/1441/557
f 941/1436/86 946/1441/557 947/1442/558
f 941/1436/86 947/1442/558 948/1443/559
f 941/1436/86 948/1443/559 949/1444/560
f 941/1436/86 949/1444/560 950/1445/561
f 941/1436/86 950/1445/561 951/1446/562
f 941/1436/86 951/1446/562 952/1447/563
f 941/1436/86 952/1447/563 953/1448/564
f 943/1438/554 953/1448/564 954/1449/565
f 955/1450/566 957/1452/568 956/1451/567
f 937/1432/549 929/1424/9 958/1453/569
f 959/1454/570 957/1452/568 955/1450/566
f 941/1436/86 953/1448/564 943/1438/554
f 960/1455/571 962/1457/573 961/1456/572
f 962/1457/573 964/1459/575 963/1458/574
f 964/1459/575 966/1461/577 965/1460/576
f 966/1461/577 968/1463/579 967/1462/578
f 968/1463/579 970/1465/581 969/1464/580
f 970/1465/581 972/1467/583 971/1466/582
f 972/1467/583 974/1469/585 973/1468/584
f 974/1469/585 976/1471/587 975/1470/586
f 976/1471/587 959/1454/570 977/1472/588
f 958/1453/569 979/1474/590 978/1473/589
f 938/1433/550 960/1455/571 980/1475/591
f 981/1476/592 929/1424/9 927/1422/543
f 955/1477/566 958/1453/569 981/1476/592
f 977/1478/588 981/1476/592 927/1422/543
f 975/1479/586 927/1422/543 928/1423/13
f 973/1480/584 928/1423/13 930/1425/15
f 969/1481/580 971/1482/582 930/1425/15
f 967/1483/578 969/1481/580 931/1426/544
f 967/1483/578 932/1427/545 933/1428/546
f 965/1484/576 933/1428/546 934/1429/8
f 961/1485/572 963/1486/574 934/1429/8
f 980/1487/591 961/1485/572 935/1430/547
f 940/1488/552 980/1487/591 936/1431/548
f 957/1489/568 959/1490/570 942/1437/553
f 959/1490/570 976/1491/587 944/1439/555
f 976/1491/587 974/1492/585 945/1440/556
f 974/1492/585 972/1493/583 946/1441/557
f 972/1493/583 970/1494/581 947/1442/558
f 968/1495/579 948/1443/559 947/1442/558
f 968/1495/579 966/1496/577 949/1444/560
f 966/1496/577 964/1497/575 950/1445/561
f 962/1498/573 951/1446/562 950/1445/561
f 960/1499/571 952/1447/563 951/1446/562
f 938/1500/550 953/1448/564 952/1447/563
f 957/1489/568 943/1438/554 982/1501/593
f 938/1500/550 983/1502/594 954/1449/565
f 979/1474/590 958/1453/569 955/1477/566
f 940/1488/552 937/1432/549 978/1473/589
f 958/1453/569 929/1424/9 981/1476/592
f 938/1433/550 939/1434/551 983/1503/594
f 943/1438/554 954/1449/565 982/1501/593
f 955/1450/566 956/1451/567 984/1504/595
f 959/1454/570 955/1450/566 977/1472/588
f 960/1455/571 961/1456/572 980/1475/591
f 962/1457/573 963/1458/574 961/1456/572
f 964/1459/575 965/1460/576 963/1458/574
f 966/1461/577 967/1462/578 965/1460/576
f 968/1463/579 969/1464/580 967/1462/578
f 970/1465/581 971/1466/582 969/1464/580
f 972/1467/583 973/1468/584 971/1466/582
f 974/1469/585 975/1470/586 973/1468/584
f 976/1471/587 977/1472/588 975/1470/586
f 958/1453/569 978/1473/589 937/1432/549
f 938/1433/550 980/1475/591 940/1435/552
f 955/1477/566 981/1476/592 977/1478/588
f 977/1478/588 927/1422/543 975/1479/586
f 975/1479/586 928/1423/13 973/1480/584
f 973/1480/584 930/1425/15 971/1482/582
f 969/1481/580 930/1425/15 931/1426/544
f 967/1483/578 931/1426/544 932/1427/545
f 967/1483/578 933/1428/546 965/1484/576
f 965/1484/576 934/1429/8 963/1486/574
f 961/1485/572 934/1429/8 935/1430/547
f 980/1487/591 935/1430/547 936/1431/548
f 940/1488/552 936/1431/548 937/1432/549
f 957/1489/568 942/1437/553 943/1438/554
f 959/1490/570 944/1439/555 942/1437/553
f 976/1491/587 945/1440/556 944/1439/555
f 974/1492/585 946/1441/557 945/1440/556
f 972/1493/583 947/1442/558 946/1441/557
f 968/1495/579 947/1442/558 970/1494/581
f 968/1495/579 949/1444/560 948/1443/559
f 966/1496/577 950/1445/561 949/1444/560
f 962/1498/573 950/1445/561 964/1497/575
f 960/1499/571 951/1446/562 962/1498/573
f 938/1500/550 952/1447/563 960/1499/571
f 957/1489/568 982/1501/593 956/1505/567
f 938/1500/550 954/1449/565 953/1448/564
f 979/1474/590 955/1477/566 984/1506/595
f 940/1488/552 978/1473/589 939/1507/551
f 985/1508/596 987/1510/9 986/1509/597
f 986/1509/597 987/1510/9 988/1511/598
f 988/1511/598 987/1510/9 989/1512/599
f 989/1512/599 987/1510/9 990/1513/600
f 990/1513/600 987/1510/9 991/1514/601
f 991/1514/601 987/1510/9 992/1515/602
f 992/1515/602 987/1510/9 993/1516/603
f 993/1516/603 987/1510/9 994/1517/604
f 994/1517/604 987/1510/9 995/1518/605
f 996/1519/606 998/1521/608 997/1520/607
f 999/1522/86 1001/1524/610 1000/1523/609
f 999/1522/86 1000/1523/609 1002/1525/611
f 999/1522/86 1002/1525/611 1003/1526/612
f 999/1522/86 1003/1526/612 1004/1527/613
f 999/1522/86 1004/1527/613 1005/1528/614
f 999/1522/86 1005/1528/614 1006/1529/615
f 999/1522/86 1006/1529/615 1007/1530/616
f 999/1522/86 1007/1530/616 1008/1531/617
f 999/1522/86 1008/1531/617 1009/1532/618
f 999/1522/86 1009/1532/618 1010/1533/619
f 999/1522/86 1010/1533/619 1011/1534/620
f 1001/1524/610 1011/1534/620 1012/1535/621
f 1013/1536/622 1015/1538/624 1014/1537/623
f 995/1518/605 987/1510/9 1016/1539/625
f 1017/1540/626 1015/1538/624 1013/1536/622
f 999/1522/86 1011/1534/620 1001/1524/610
f 1016/1539/625 1019/1542/628 1018/1541/627
f 1020/1543/629 1017/1540/626 1021/1544/630
f 1022/1545/631 1020/1543/629 1023/1546/632
f 1024/1547/633 1022/1545/631 1025/1548/634
f 1026/1549/635 1024/1547/633 1027/1550/636
f 1028/1551/637 1026/1549/635 1029/1552/638
f 1030/1553/639 1028/1551/637 1031/1554/640
f 1032/1555/641 1030/1553/639 1033/1556/642
f 1034/1557/643 1032/1555/641 1035/1558/644
f 1036/1559/645 1034/1557/643 1037/1560/646
f 996/1519/606 1036/1559/645 1038/1561/647
f 1039/1562/648 987/1510/9 985/1508/596
f 1013/1563/622 1016/1539/625 1039/1562/648
f 1021/1564/630 1039/1562/648 985/1508/596
f 1023/1565/632 985/1508/596 986/1509/597
f 1025/1566/634 986/1509/597 988/1511/598
f 1029/1567/638 1027/1568/636 988/1511/598
f 1031/1569/640 1029/1567/638 989/1512/599
f 1031/1569/640 990/1513/600 991/1514/601
f 1033/1570/642 991/1514/601 992/1515/602
f 1037/1571/646 1035/1572/644 992/1515/602
f 1038/1573/647 1037/1571/646 993/1516/603
f 998/1574/608 1038/1573/647 994/1517/604
f 1015/1575/624 1017/1576/626 1000/1523/609
f 1017/1576/626 1020/1577/629 1002/1525/611
f 1020/1577/629 1022/1578/631 1003/1526/612
f 1022/1578/631 1024/1579/633 1004/1527/613
f 1024/1579/633 1026/1580/635 1005/1528/614
f 1028/1581/637 1006/1529/615 1005/1528/614
f 1028/1581/637 1030/1582/639 1007/1530/616
f 1030/1582/639 1032/1583/641 1008/1531/617
f 1034/1584/643 1009/1532/618 1008/1531/617
f 1036/1585/645 1010/1533/619 1009/1532/618
f 996/1586/606 1011/1534/620 1010/1533/619
f 1015/1575/624 1001/1524/610 1040/1587/649
f 996/1586/606 1041/1588/650 1012/1535/621
f 1019/1542/628 1016/1539/625 1013/1563/622
f 998/1574/608 995/1518/605 1018/1541/627
f 1016/1539/625 987/1510/9 1039/1562/648
f 996/1519/606 997/1520/607 1041/1589/650
f 1001/1524/610 1012/1535/621 1040/1587/649
f 1013/1536/622 1014/1537/623 1042/1590/651
f 1017/1540/626 1013/1536/622 1021/1544/630
f 1016/1539/625 1018/1541/627 995/1518/605
f 1020/1543/629 1021/1544/630 1023/1546/632
f 1022/1545/631 1023/1546/632 1025/1548/634
f 1024/1547/633 1025/1548/634 1027/1550/636
f 1026/1549/635 1027/1550/636 1029/1552/638
f 1028/1551/637 1029/1552/638 1031/1554/640
f 1030/1553/639 1031/1554/640 1033/1556/642
f 1032/1555/641 1033/1556/642 1035/1558/644
f 1034/1557/643 1035/1558/644 1037/1560/646
f 1036/1559/645 1037/1560/646 1038/1561/647
f 996/1519/606 1038/1561/647 998/1521/608
f 1013/1563/622 1039/1562/648 1021/1564/630
f 1021/1564/630 985/1508/596 1023/1565/632
f 1023/1565/632 986/1509/597 1025/1566/634
f 1025/1566/634 988/1511/598 1027/1568/636
f 1029/1567/638 988/1511/598 989/1512/599
f 1031/1569/640 989/1512/599 990/1513/600
f 1031/1569/640 991/1514/601 1033/1570/642
f 1033/1570/642 992/1515/602 1035/1572/644
f 1037/1571/646 992/1515/602 993/1516/603
f 1038/1573/647 993/1516/603 994/1517/604
f 998/1574/608 994/1517/604 995/1518/605
f 1015/1575/624 1000/1523/609 1001/1524/610
f 1017/1576/626 1002/1525/611 1000/1523/609
f 1020/1577/629 1003/1526/612 1002/1525/611
f 1022/1578/631 1004/1527/613 1003/1526/612
f 1024/1579/633 1005/1528/614 1004/1527/613
f 1028/1581/637 1005/1528/614 1026/1580/635
f 1028/1581/637 1007/1530/616 1006/1529/615
f 1030/1582/639 1008/1531/617 1007/1530/616
f 1034/1584/643 1008/1531/617 1032/1583/641
f 1036/1585/645 1009/1532/618 1034/1584/643
f 996/1586/606 1010/1533/619 1036/1585/645
f 1015/1575/624 1040/1587/649 1014/1591/623
f 996/1586/606 1012/1535/621 1011/1534/620
f 1019/1542/628 1013/1563/622 1042/1592/651
f 998/1574/608 1018/1541/627 997/1593/607
f 1043/1594/12 1045/1596/9 1044/1595/13
f 1044/1595/13 1045/1596/9 1046/1597/15
f 1046/1597/15 1045/1596/9 1047/1598/544
f 1047/1598/544 1045/1596/9 1048/1599/652
f 1048/1599/652 1045/1596/9 1049/1600/653
f 1049/1600/653 1045/1596/9 1050/1601/654
f 1050/1601/654 1045/1596/9 1051/1602/655
f 1051/1602/655 1045/1596/9 1052/1603/656
f 1052/1603/656 1045/1596/9 1053/1604/657
f 1054/1605/658 1056/1607/660 1055/1606/659
f 1057/1608/86 1059/1610/661 1058/1609/553
f 1057/1608/86 1058/1609/553 1060/1611/555
f 1057/1608/86 1060/1611/555 1061/1612/662
f 1057/1608/86 1061/1612/662 1062/1613/663
f 1057/1608/86 1062/1613/663 1063/1614/664
f 1057/1608/86 1063/1614/664 1064/1615/665
f 1057/1608/86 1064/1615/665 1065/1616/666
f 1057/1608/86 1065/1616/666 1066/1617/667
f 1057/1608/86 1066/1617/667 1067/1618/562
f 1057/1608/86 1067/1618/562 1068/1619/563
f 1057/1608/86 1068/1619/563 1069/1620/564
f 1059/1610/661 1069/1620/564 1070/1621/668
f 1071/1622/566 1073/1624/670 1072/1623/669
f 1053/1604/657 1045/1596/9 1074/1625/671
f 1075/1626/570 1073/1624/670 1071/1622/566
f 1057/1608/86 1069/1620/564 1059/1610/661
f 1076/1627/571 1078/1629/573 1077/1628/572
f 1078/1629/573 1080/1631/673 1079/1630/672
f 1080/1631/673 1082/1633/577 1081/1632/576
f 1082/1633/577 1084/1635/579 1083/1634/578
f 1084/1635/579 1086/1637/674 1085/1636/580
f 1086/1637/674 1088/1639/583 1087/1638/582
f 1088/1639/583 1090/1641/585 1089/1640/584
f 1090/1641/585 1092/1643/587 1091/1642/586
f 1092/1643/587 1075/1626/570 1093/1644/675
f 1074/1625/671 1095/1646/676 1094/1645/589
f 1054/1605/658 1076/1627/571 1096/1647/591
f 1097/1648/592 1045/1596/9 1043/1594/12
f 1071/1649/566 1074/1625/671 1097/1648/592
f 1093/1650/675 1097/1648/592 1043/1594/12
f 1091/1651/586 1043/1594/12 1044/1595/13
f 1089/1652/584 1044/1595/13 1046/1597/15
f 1085/1653/580 1087/1654/582 1046/1597/15
f 1083/1655/578 1085/1653/580 1047/1598/544
f 1083/1655/578 1048/1599/652 1049/1600/653
f 1081/1656/576 1049/1600/653 1050/1601/654
f 1077/1657/572 1079/1658/672 1050/1601/654
f 1096/1659/591 1077/1657/572 1051/1602/655
f 1056/1660/660 1096/1659/591 1052/1603/656
f 1073/1661/670 1075/1662/570 1058/1609/553
f 1075/1662/570 1092/1663/587 1060/1611/555
f 1092/1663/587 1090/1664/585 1061/1612/662
f 1090/1664/585 1088/1665/583 1062/1613/663
f 1088/1665/583 1086/1666/674 1063/1614/664
f 1084/1667/579 1064/1615/665 1063/1614/664
f 1084/1667/579 1082/1668/577 1065/1616/666
f 1082/1668/577 1080/1669/673 1066/1617/667
f 1078/1670/573 1067/1618/562 1066/1617/667
f 1076/1671/571 1068/1619/563 1067/1618/562
f 1054/1672/658 1069/1620/564 1068/1619/563
f 1073/1661/670 1059/1610/661 1098/1673/593
f 1054/1672/658 1099/1674/594 1070/1621/668
f 1095/1646/676 1074/1625/671 1071/1649/566
f 1056/1660/660 1053/1604/657 1094/1645/589
f 1074/1625/671 1045/1596/9 1097/1648/592
f 1054/1605/658 1055/1606/659 1099/1675/594
f 1059/1610/661 1070/1621/668 1098/1673/593
f 1071/1622/566 1072/1623/669 1100/1676/651
f 1075/1626/570 1071/1622/566 1093/1644/675
f 1076/1627/571 1077/1628/572 1096/1647/591
f 1078/1629/573 1079/1630/672 1077/1628/572
f 1080/1631/673 1081/1632/576 1079/1630/672
f 1082/1633/577 1083/1634/578 1081/1632/576
f 1084/1635/579 1085/1636/580 1083/1634/578
f 1086/1637/674 1087/1638/582 1085/1636/580
f 1088/1639/583 1089/1640/584 1087/1638/582
f 1090/1641/585 1091/1642/586 1089/1640/584
f 1092/1643/587 1093/1644/675 1091/1642/586
f 1074/1625/671 1094/1645/589 1053/1604/657
f 1054/1605/658 1096/1647/591 1056/1607/660
f 1071/1649/566 1097/1648/592 1093/1650/675
f 1093/1650/675 1043/1594/12 1091/1651/586
f 1091/1651/586 1044/1595/13 1089/1652/584
f 1089/1652/584 1046/1597/15 1087/1654/582
f 1085/1653/580 1046/1597/15 1047/1598/544
f 1083/1655/578 1047/1598/544 1048/1599/652
f 1083/1655/578 1049/1600/653 1081/1656/576
f 1081/1656/576 1050/1601/654 1079/1658/672
f 1077/1657/572 1050/1601/654 1051/1602/655
f 1096/1659/591 1051/1602/655 1052/1603/656
f 1056/1660/660 1052/1603/656 1053/1604/657
f 1073/1661/670 1058/1609/553 1059/1610/661
f 1075/1662/570 1060/1611/555 1058/1609/553
f 1092/1663/587 1061/1612/662 1060/1611/555
f 1090/1664/585 1062/1613/663 1061/1612/662
f 1088/1665/583 1063/1614/664 1062/1613/663
f 1084/1667/579 1063/1614/664 1086/1666/674
f 1084/1667/579 1065/1616/666 1064/1615/665
f 1082/1668/577 1066/1617/667 1065/1616/666
f 1078/1670/573 1066/1617/667 1080/1669/673
f 1076/1671/571 1067/1618/562 1078/1670/573
f 1054/1672/658 1068/1619/563 1076/1671/571
f 1073/1661/670 1098/1673/593 1072/1677/669
f 1054/1672/658 1070/1621/668 1069/1620/564
f 1095/1646/676 1071/1649/566 1100/1678/651
f 1056/1660/660 1094/1645/589 1055/1679/659
f 1101/1194/361 1103/1196/363 1102/1195/677
f 1104/1197/678 1106/1199/189 1105/1198/86
f 1107/1200/679 1109/1202/680 1108/1201/219
f 1110/1203/681 1112/1205/683 1111/1204/682
f 1113/1206/684 1115/1208/686 1114/1207/685
f 1116/1209/687 1108/1201/219 1106/1199/189
f 1109/1202/680 1107/1200/679 1117/1210/688
f 1118/1211/689 1120/1213/691 1119/1212/690
f 1102/1195/677 1103/1196/363 1113/1206/684
f 1121/1214/692 1123/1216/694 1122/1215/693
f 1124/1217/695 1123/1216/694 1121/1214/692
f 1125/1218/696 1127/1220/698 1126/1219/697
f 1111/1204/682 1112/1205/683 1128/1221/699
f 1129/1222/700 1131/1224/702 1130/1223/701
f 1132/1225/703 1134/1227/705 1133/1226/704
f 1135/1228/706 1110/1203/681 1136/1229/707
f 1105/1230/86 1101/1194/361 1137/1231/708
f 1138/1232/709 1140/1234/711 1139/1233/710
f 1141/1235/224 1143/1237/222 1142/1236/712
f 1144/1238/713 1146/1240/396 1145/1239/9
f 1147/1241/407 1149/1243/398 1148/1242/714
f 1150/1244/715 1152/1246/717 1151/1245/716
f 1153/1247/718 1155/1249/400 1154/1248/719
f 1148/1242/714 1149/1243/398 1146/1240/396
f 1147/1241/407 1157/1251/721 1156/1250/720
f 1158/1252/722 1159/1253/723 1130/1223/701
f 1143/1237/222 1155/1249/400 1153/1247/718
f 1160/1254/724 1120/1213/691 1118/1211/689
f 1161/1255/725 1163/1257/727 1162/1256/726
f 1162/1256/726 1165/1259/729 1164/1258/728
f 1166/1260/730 1167/1261/731 1150/1244/715
f 1168/1262/732 1170/1264/734 1169/1263/733
f 1152/1246/717 1160/1254/724 1171/1265/735
f 1145/1266/9 1141/1235/224 1172/1267/736
f 1173/1268/737 1119/1212/690 1163/1257/727
f 1174/1269/738 1176/1271/740 1175/1270/739
f 1177/1272/741 1178/1273/742 1176/1271/740
f 1179/1274/743 1175/1270/739 1180/1275/744
f 1181/1276/745 1183/1278/747 1182/1277/746
f 1184/1279/748 1186/1281/750 1185/1280/749
f 1187/1282/751 1181/1276/745 1188/1283/752
f 1189/1284/753 1187/1282/751 1190/1285/754
f 1191/1286/755 1189/1284/753 1192/1287/756
f 1191/1286/755 1193/1288/757 1178/1273/742
f 1171/1265/735 1118/1211/689 1194/1289/758
f 1195/1290/759 1194/1289/758 1196/1291/760
f 1197/1292/761 1196/1291/760 1198/1293/762
f 1199/1294/763 1198/1293/762 1200/1295/764
f 1201/1296/765 1202/1297/766 1200/1295/764
f 1203/1298/767 1201/1296/765 1204/1299/768
f 1140/1234/711 1203/1298/767 1205/1300/769
f 1206/1301/770 1207/1302/771 1127/1220/698
f 1151/1245/716 1171/1265/735 1195/1290/759
f 1208/1303/772 1195/1290/759 1197/1292/761
f 1209/1304/773 1197/1292/761 1199/1294/763
f 1210/1305/774 1211/1306/775 1199/1294/763
f 1212/1307/776 1210/1305/774 1202/1297/766
f 1213/1308/777 1212/1307/776 1201/1296/765
f 1122/1215/693 1213/1308/777 1203/1298/767
f 1214/1309/778 1126/1219/697 1215/1310/779
f 1216/1311/780 1151/1245/716 1208/1303/772
f 1217/1312/781 1208/1303/772 1209/1304/773
f 1218/1313/782 1209/1304/773 1211/1306/775
f 1219/1314/783 1211/1306/775 1210/1305/774
f 1220/1315/784 1221/1316/785 1210/1305/774
f 1222/1317/786 1220/1315/784 1212/1307/776
f 1123/1216/694 1222/1317/786 1213/1308/777
f 1223/1318/787 1122/1215/693 1140/1234/711
f 1224/1319/788 1225/1320/789 1128/1221/699
f 1168/1262/732 1227/1322/791 1226/1321/790
f 1228/1323/792 1226/1321/790 1229/1324/793
f 1230/1325/794 1231/1326/795 1229/1324/793
f 1232/1327/796 1230/1325/794 1233/1328/797
f 1234/1329/798 1232/1327/796 1235/1330/799
f 1234/1329/798 1236/1331/800 1159/1253/723
f 1237/1332/801 1215/1310/779 1133/1226/704
f 1166/1260/730 1216/1311/780 1217/1312/781
f 1238/1333/802 1217/1312/781 1218/1313/782
f 1239/1334/803 1240/1335/804 1218/1313/782
f 1239/1334/803 1219/1314/783 1221/1316/785
f 1241/1336/805 1221/1316/785 1220/1315/784
f 1242/1337/806 1243/1338/807 1220/1315/784
f 1124/1217/695 1242/1337/806 1222/1317/786
f 1244/1339/808 1246/1341/810 1245/1340/809
f 1247/1342/811 1248/1343/812 1164/1258/728
f 1249/1344/813 1247/1342/811 1250/1345/814
f 1249/1344/813 1252/1347/816 1251/1346/815
f 1253/1348/817 1251/1346/815 1254/1349/818
f 1255/1350/819 1256/1351/820 1254/1349/818
f 1255/1350/819 1257/1352/821 1225/1320/789
f 1258/1353/822 1260/1355/824 1259/1354/823
f 1261/1356/825 1161/1255/725 1248/1343/812
f 1262/1357/826 1261/1356/825 1247/1342/811
f 1263/1358/827 1262/1357/826 1249/1344/813
f 1264/1359/828 1263/1358/827 1253/1348/817
f 1264/1359/828 1256/1351/820 1255/1350/819
f 1265/1360/829 1255/1350/819 1224/1319/788
f 1266/1361/830 1224/1319/788 1112/1205/683
f 1267/1362/831 1245/1340/809 1246/1341/810
f 1268/1363/832 1173/1268/737 1161/1255/725
f 1269/1364/833 1268/1363/832 1261/1356/825
f 1270/1365/834 1269/1364/833 1262/1357/826
f 1271/1366/835 1270/1365/834 1263/1358/827
f 1271/1366/835 1264/1359/828 1265/1360/829
f 1272/1367/836 1265/1360/829 1266/1361/830
f 1273/1368/837 1266/1361/830 1110/1203/681
f 1274/1369/838 1267/1362/831 1275/1370/839
f 1194/1289/758 1118/1211/689 1173/1268/737
f 1196/1291/760 1194/1289/758 1268/1363/832
f 1198/1293/762 1196/1291/760 1269/1364/833
f 1200/1295/764 1198/1293/762 1270/1365/834
f 1200/1295/764 1271/1366/835 1272/1367/836
f 1204/1299/768 1272/1367/836 1273/1368/837
f 1205/1300/769 1273/1368/837 1135/1228/706
f 1206/1301/770 1274/1369/838 1276/1371/840
f 1129/1372/700 1244/1339/808 1277/1373/841
f 1132/1374/703 1278/1376/842 1134/1375/705
f 1279/1377/843 1133/1226/704 1114/1207/685
f 1244/1339/808 1259/1354/823 1117/1210/688
f 1169/1378/733 1182/1277/746 1183/1278/747
f 1170/1379/734 1165/1259/729 1280/1380/844
f 1281/1381/845 1180/1275/744 1282/1382/846
f 1182/1277/746 1185/1280/749 1156/1250/720
f 1283/1383/847 1137/1231/708 1127/1220/698
f 1137/1231/708 1102/1195/677 1126/1219/697
f 1284/1384/848 1215/1310/779 1126/1219/697
f 1244/1339/808 1133/1226/704 1279/1377/843
f 1215/1310/779 1284/1384/848 1114/1207/685
f 1246/1341/810 1244/1339/808 1117/1210/688
f 1285/1385/849 1117/1210/688 1259/1354/823
f 1279/1377/843 1114/1207/685 1115/1386/686
f 1107/1200/679 1116/1209/687 1275/1370/839
f 1104/1197/678 1276/1371/840 1275/1370/839
f 1283/1383/847 1207/1302/771 1276/1371/840
f 1237/1387/801 1121/1214/692 1223/1318/787
f 1132/1225/703 1133/1226/704 1244/1339/808
f 1121/1214/692 1237/1387/801 1134/1375/705
f 1111/1204/682 1286/1389/850 1277/1388/841
f 1245/1390/809 1267/1391/831 1136/1229/707
f 1267/1391/831 1274/1393/838 1287/1392/851
f 1274/1393/838 1206/1395/770 1288/1394/852
f 1289/1396/853 1172/1267/736 1178/1273/742
f 1172/1267/736 1142/1236/712 1176/1271/740
f 1153/1247/718 1175/1270/739 1176/1271/740
f 1180/1275/744 1281/1381/845 1185/1280/749
f 1175/1270/739 1153/1247/718 1282/1382/846
f 1188/1283/752 1182/1277/746 1156/1250/720
f 1290/1397/854 1156/1250/720 1185/1280/749
f 1184/1279/748 1281/1381/845 1282/1382/846
f 1157/1251/721 1148/1242/714 1190/1285/754
f 1144/1238/713 1192/1287/756 1190/1285/754
f 1289/1396/853 1193/1288/757 1192/1287/756
f 1177/1398/741 1119/1212/690 1120/1213/691
f 1174/1399/738 1163/1257/727 1119/1212/690
f 1179/1400/743 1162/1256/726 1163/1257/727
f 1169/1378/733 1170/1401/734 1180/1275/744
f 1162/1256/726 1179/1400/743 1280/1380/844
f 1150/1244/715 1167/1261/731 1183/1402/747
f 1181/1403/745 1187/1404/751 1152/1246/717
f 1187/1404/751 1189/1405/753 1160/1254/724
f 1189/1405/753 1191/1406/755 1120/1213/691
f 1170/1401/734 1280/1407/844 1180/1275/744
f 1131/1408/702 1129/1409/700 1286/1389/850
f 1278/1376/842 1132/1374/703 1130/1223/701
f 1227/1322/791 1169/1263/733 1167/1261/731
f 1165/1259/729 1170/1379/734 1168/1410/732
f 1214/1411/778 1223/1318/787 1138/1232/709
f 1125/1412/696 1138/1232/709 1288/1394/852
f 1242/1337/806 1124/1217/695 1130/1223/701
f 1243/1338/807 1242/1337/806 1159/1253/723
f 1241/1336/805 1243/1338/807 1236/1331/800
f 1241/1336/805 1235/1330/799 1233/1328/797
f 1239/1334/803 1233/1328/797 1229/1324/793
f 1240/1335/804 1229/1324/793 1226/1321/790
f 1238/1333/802 1226/1321/790 1227/1322/791
f 1131/1408/702 1128/1221/699 1225/1320/789
f 1158/1413/722 1225/1320/789 1257/1352/821
f 1234/1414/798 1257/1352/821 1254/1349/818
f 1232/1415/796 1254/1349/818 1251/1346/815
f 1231/1416/795 1230/1417/794 1251/1346/815
f 1228/1418/792 1231/1416/795 1252/1347/816
f 1168/1410/732 1228/1418/792 1250/1345/814
f 1139/1233/710 1135/1228/706 1287/1392/851
f 1129/1409/700 1277/1388/841 1286/1389/850
f 1169/1263/733 1183/1402/747 1167/1261/731
f 1101/1194/361 1102/1195/677 1137/1231/708
f 1104/1197/678 1105/1198/86 1283/1383/847
f 1107/1200/679 1108/1201/219 1116/1209/687
f 1110/1203/681 1111/1204/682 1136/1229/707
f 1113/1206/684 1114/1207/685 1284/1384/848
f 1116/1209/687 1106/1199/189 1104/1197/678
f 1109/1202/680 1117/1210/688 1285/1419/849
f 1118/1211/689 1119/1212/690 1173/1268/737
f 1102/1195/677 1113/1206/684 1284/1384/848
f 1121/1214/692 1122/1215/693 1223/1318/787
f 1124/1217/695 1121/1214/692 1278/1376/842
f 1125/1218/696 1126/1219/697 1214/1309/778
f 1111/1204/682 1128/1221/699 1286/1389/850
f 1129/1222/700 1130/1223/701 1132/1374/703
f 1135/1228/706 1136/1229/707 1287/1392/851
f 1105/1230/86 1137/1231/708 1283/1383/847
f 1138/1232/709 1139/1233/710 1288/1394/852
f 1141/1235/224 1142/1236/712 1172/1267/736
f 1144/1238/713 1145/1239/9 1289/1396/853
f 1147/1241/407 1148/1242/714 1157/1251/721
f 1150/1244/715 1151/1245/716 1216/1311/780
f 1153/1247/718 1154/1248/719 1282/1382/846
f 1148/1242/714 1146/1240/396 1144/1238/713
f 1147/1241/407 1156/1250/720 1290/1420/854
f 1158/1252/722 1130/1223/701 1131/1224/702
f 1143/1237/222 1153/1247/718 1142/1236/712
f 1160/1254/724 1118/1211/689 1171/1265/735
f 1161/1255/725 1162/1256/726 1248/1343/812
f 1162/1256/726 1164/1258/728 1248/1343/812
f 1166/1260/730 1150/1244/715 1216/1311/780
f 1168/1262/732 1169/1263/733 1227/1322/791
f 1152/1246/717 1171/1265/735 1151/1245/716
f 1145/1266/9 1172/1267/736 1289/1396/853
f 1173/1268/737 1163/1257/727 1161/1255/725
f 1174/1269/738 1175/1270/739 1179/1274/743
f 1177/1272/741 1176/1271/740 1174/1269/738
f 1179/1274/743 1180/1275/744 1280/1407/844
f 1181/1276/745 1182/1277/746 1188/1283/752
f 1184/1279/748 1185/1280/749 1281/1381/845
f 1187/1282/751 1188/1283/752 1190/1285/754
f 1189/1284/753 1190/1285/754 1192/1287/756
f 1191/1286/755 1192/1287/756 1193/1288/757
f 1191/1286/755 1178/1273/742 1177/1272/741
f 1171/1265/735 1194/1289/758 1195/1290/759
f 1195/1290/759 1196/1291/760 1197/1292/761
f 1197/1292/761 1198/1293/762 1199/1294/763
f 1199/1294/763 1200/1295/764 1202/1297/766
f 1201/1296/765 1200/1295/764 1204/1299/768
f 1203/1298/767 1204/1299/768 1205/1300/769
f 1140/1234/711 1205/1300/769 1139/1233/710
f 1206/1301/770 1127/1220/698 1125/1218/696
f 1151/1245/716 1195/1290/759 1208/1303/772
f 1208/1303/772 1197/1292/761 1209/1304/773
f 1209/1304/773 1199/1294/763 1211/1306/775
f 1210/1305/774 1199/1294/763 1202/1297/766
f 1212/1307/776 1202/1297/766 1201/1296/765
f 1213/1308/777 1201/1296/765 1203/1298/767
f 1122/1215/693 1203/1298/767 1140/1234/711
f 1214/1309/778 1215/1310/779 1237/1332/801
f 1216/1311/780 1208/1303/772 1217/1312/781
f 1217/1312/781 1209/1304/773 1218/1313/782
f 1218/1313/782 1211/1306/775 1219/1314/783
f 1219/1314/783 1210/1305/774 1221/1316/785
f 1220/1315/784 1210/1305/774 1212/1307/776
f 1222/1317/786 1212/1307/776 1213/1308/777
f 1123/1216/694 1213/1308/777 1122/1215/693
f 1223/1318/787 1140/1234/711 1138/1232/709
f 1224/1319/788 1128/1221/699 1112/1205/683
f 1168/1262/732 1226/1321/790 1228/1323/792
f 1228/1323/792 1229/1324/793 1231/1326/795
f 1230/1325/794 1229/1324/793 1233/1328/797
f 1232/1327/796 1233/1328/797 1235/1330/799
f 1234/1329/798 1235/1330/799 1236/1331/800
f 1234/1329/798 1159/1253/723 1158/1252/722
f 1237/1332/801 1133/1226/704 1134/1227/705
f 1166/1260/730 1217/1312/781 1238/1333/802
f 1238/1333/802 1218/1313/782 1240/1335/804
f 1239/1334/803 1218/1313/782 1219/1314/783
f 1239/1334/803 1221/1316/785 1241/1336/805
f 1241/1336/805 1220/1315/784 1243/1338/807
f 1242/1337/806 1220/1315/784 1222/1317/786
f 1124/1217/695 1222/1317/786 1123/1216/694
f 1244/1339/808 1245/1340/809 1277/1373/841
f 1247/1342/811 1164/1258/728 1250/1345/814
f 1249/1344/813 1250/1345/814 1252/1347/816
f 1249/1344/813 1251/1346/815 1253/1348/817
f 1253/1348/817 1254/1349/818 1256/1351/820
f 1255/1350/819 1254/1349/818 1257/1352/821
f 1255/1350/819 1225/1320/789 1224/1319/788
f 1258/1353/822 1259/1354/823 1279/1377/843
f 1261/1356/825 1248/1343/812 1247/1342/811
f 1262/1357/826 1247/1342/811 1249/1344/813
f 1263/1358/827 1249/1344/813 1253/1348/817
f 1264/1359/828 1253/1348/817 1256/1351/820
f 1264/1359/828 1255/1350/819 1265/1360/829
f 1265/1360/829 1224/1319/788 1266/1361/830
f 1266/1361/830 1112/1205/683 1110/1203/681
f 1267/1362/831 1246/1341/810 1275/1370/839
f 1268/1363/832 1161/1255/725 1261/1356/825
f 1269/1364/833 1261/1356/825 1262/1357/826
f 1270/1365/834 1262/1357/826 1263/1358/827
f 1271/1366/835 1263/1358/827 1264/1359/828
f 1271/1366/835 1265/1360/829 1272/1367/836
f 1272/1367/836 1266/1361/830 1273/1368/837
f 1273/1368/837 1110/1203/681 1135/1228/706
f 1274/1369/838 1275/1370/839 1276/1371/840
f 1194/1289/758 1173/1268/737 1268/1363/832
f 1196/1291/760 1268/1363/832 1269/1364/833
f 1198/1293/762 1269/1364/833 1270/1365/834
f 1200/1295/764 1270/1365/834 1271/1366/835
f 1200/1295/764 1272/1367/836 1204/1299/768
f 1204/1299/768 1273/1368/837 1205/1300/769
f 1205/1300/769 1135/1228/706 1139/1233/710
f 1206/1301/770 1276/1371/840 1207/1302/771
f 1283/1383/847 1127/1220/698 1207/1302/771
f 1137/1231/708 1126/1219/697 1127/1220/698
f 1284/1384/848 1126/1219/697 1102/1195/677
f 1244/1339/808 1279/1377/843 1259/1354/823
f 1215/1310/779 1114/1207/685 1133/1226/704
f 1246/1341/810 1117/1210/688 1107/1200/679
f 1285/1385/849 1259/1354/823 1260/1355/824
f 1279/1377/843 1115/1386/686 1258/1353/822
f 1107/1200/679 1275/1370/839 1246/1341/810
f 1104/1197/678 1275/1370/839 1116/1209/687
f 1283/1383/847 1276/1371/840 1104/1197/678
f 1237/1387/801 1223/1318/787 1214/1411/778
f 1132/1225/703 1244/1339/808 1129/1372/700
f 1121/1214/692 1134/1375/705 1278/1376/842
f 1111/1204/682 1277/1388/841 1245/1390/809
f 1245/1390/809 1136/1229/707 1111/1204/682
f 1267/1391/831 1287/1392/851 1136/1229/707
f 1274/1393/838 1288/1394/852 1287/1392/851
f 1289/1396/853 1178/1273/742 1193/1288/757
f 1172/1267/736 1176/1271/740 1178/1273/742
f 1153/1247/718 1176/1271/740 1142/1236/712
f 1180/1275/744 1185/1280/749 1182/1277/746
f 1175/1270/739 1282/1382/846 1180/1275/744
f 1188/1283/752 1156/1250/720 1157/1251/721
f 1290/1397/854 1185/1280/749 1186/1281/750
f 1184/1279/748 1282/1382/846 1154/1421/719
f 1157/1251/721 1190/1285/754 1188/1283/752
f 1144/1238/713 1190/1285/754 1148/1242/714
f 1289/1396/853 1192/1287/756 1144/1238/713
f 1177/1398/741 1120/1213/691 1191/1406/755
f 1174/1399/738 1119/1212/690 1177/1398/741
f 1179/1400/743 1163/1257/727 1174/1399/738
f 1169/1378/733 1180/1275/744 1182/1277/746
f 1162/1256/726 1280/1380/844 1165/1259/729
f 1150/1244/715 1183/1402/747 1181/1403/745
f 1181/1403/745 1152/1246/717 1150/1244/715
f 1187/1404/751 1160/1254/724 1152/1246/717
f 1189/1405/753 1120/1213/691 1160/1254/724
f 1131/1408/702 1286/1389/850 1128/1221/699
f 1278/1376/842 1130/1223/701 1124/1217/695
f 1227/1322/791 1167/1261/731 1166/1260/730
f 1165/1259/729 1168/1410/732 1164/1258/728
f 1214/1411/778 1138/1232/709 1125/1412/696
f 1125/1412/696 1288/1394/852 1206/1395/770
f 1242/1337/806 1130/1223/701 1159/1253/723
f 1243/1338/807 1159/1253/723 1236/1331/800
f 1241/1336/805 1236/1331/800 1235/1330/799
f 1241/1336/805 1233/1328/797 1239/1334/803
f 1239/1334/803 1229/1324/793 1240/1335/804
f 1240/1335/804 1226/1321/790 1238/1333/802
f 1238/1333/802 1227/1322/791 1166/1260/730
f 1131/1408/702 1225/1320/789 1158/1413/722
f 1158/1413/722 1257/1352/821 1234/1414/798
f 1234/1414/798 1254/1349/818 1232/1415/796
f 1232/1415/796 1251/1346/815 1230/1417/794
f 1231/1416/795 1251/1346/815 1252/1347/816
f 1228/1418/792 1252/1347/816 1250/1345/814
f 1168/1410/732 1250/1345/814 1164/1258/728
f 1139/1233/710 1287/1392/851 1288/1394/852
o DoorSimple.001
v 0.832032 0.074397 0.033189
v 0.836407 -0.062975 0.035697
v 0.832032 -0.062975 0.033189
v 0.830894 0.075578 0.047602
v 0.828215 0.086206 0.047610
v 0.828215 0.075578 0.047610
v 0.823162 -0.064155 0.049023
v 0.820807 -0.064155 0.044975
v 0.829539 -0.064155 0.042606
v 0.827225 -0.064155 0.051353
v 0.831908 -0.064155 0.051338
v 0.838272 -0.064155 0.040238
v 0.838286 -0.064155 0.044921
v 0.835918 -0.064155 0.036189
v 0.835957 -0.064155 0.048984
v 0.830864 0.075578 0.037603
v 0.835918 0.075578 0.036189
v 0.831854 0.075578 0.033860
v 0.823122 -0.064155 0.036228
v 0.827171 -0.064155 0.033874
v 0.820793 -0.064155 0.040291
v 0.826989 0.074397 0.033204
v 0.826989 -0.062975 0.033204
v 0.836407 0.074397 0.035697
v 0.838942 -0.062975 0.040056
v 0.838942 0.074397 0.040056
v 0.838957 -0.062975 0.045099
v 0.838957 0.074397 0.045099
v 0.836449 -0.062975 0.049474
v 0.836449 0.074397 0.049474
v 0.832090 -0.062975 0.052008
v 0.832090 0.074397 0.052008
v 0.827047 -0.062975 0.052024
v 0.827047 0.074397 0.052024
v 0.822672 -0.062975 0.049516
v 0.822672 0.074397 0.049516
v 0.820137 -0.062975 0.045156
v 0.820137 0.074397 0.045156
v 0.820122 -0.062975 0.040114
v 0.820122 0.074397 0.040114
v 0.822630 -0.062975 0.035739
v 0.822630 0.074397 0.035739
v 0.831854 -0.064155 0.033860
v 0.834535 0.075578 0.041251
v 0.833188 0.075578 0.038935
v 0.827171 0.075578 0.033874
v 0.828185 0.075578 0.037611
v 0.833211 0.075578 0.046255
v 0.838286 0.075578 0.044921
v 0.834543 0.075578 0.043931
v 0.835957 0.075578 0.048984
v 0.831908 0.075578 0.051338
v 0.823162 0.075578 0.049023
v 0.827225 0.075578 0.051353
v 0.825891 0.075578 0.046277
v 0.820807 0.075578 0.044975
v 0.824536 0.075578 0.041282
v 0.824544 0.075578 0.043961
v 0.825868 0.075578 0.038958
v 0.820793 0.075578 0.040291
v 0.823122 0.075578 0.036228
v 0.833188 0.086206 0.038935
v 0.838272 0.075578 0.040238
v 0.830864 0.086206 0.037603
v 0.834535 0.086206 0.041251
v 0.834543 0.086206 0.043931
v 0.825868 0.086206 0.038958
v 0.825891 0.086206 0.046277
v 0.833211 0.086206 0.046255
v 0.828185 0.086206 0.037611
v 0.824544 0.086206 0.043961
v 0.830894 0.086206 0.047602
v 0.824536 0.086206 0.041282
v 0.832699 0.087386 0.039427
v 0.833865 0.087386 0.041433
v 0.833872 0.087386 0.043753
v 0.832718 0.087386 0.045766
v 0.830713 0.087386 0.046932
v 0.828393 0.087386 0.046939
v 0.826380 0.087386 0.045785
v 0.825214 0.087386 0.043779
v 0.825207 0.087386 0.041460
v 0.826361 0.087386 0.039447
v 0.828366 0.087386 0.038281
v 0.830686 0.087386 0.038274
v 0.829539 0.087386 0.042606
v 0.548876 -0.992933 0.027503
v 0.671173 -0.992933 0.000000
v 0.671173 -0.992933 0.027503
v 0.548876 1.038159 -0.006035
v 0.671173 -0.982311 -0.006035
v 0.548876 -0.982311 -0.006035
v 0.542841 1.038159 0.027503
v 0.542841 -0.982311 -0.000000
v 0.542841 -0.982311 0.027503
v 0.548876 1.048781 0.027503
v 0.671173 1.048781 -0.000001
v 0.548876 1.048781 -0.000001
v 0.677208 1.038159 -0.000001
v 0.677208 -0.982311 0.027503
v 0.677208 -0.982311 0.000000
v 0.671173 1.038159 0.033537
v 0.548876 -0.982311 0.033538
v 0.671173 -0.982311 0.033538
v 0.277452 -1.011111 0.027503
v 0.399755 -1.017408 0.000000
v 0.399755 -1.017408 0.027503
v 0.277455 -1.000485 -0.006035
v 0.399753 1.038378 -0.006035
v 0.399753 -1.006781 -0.006035
v 0.271421 1.051609 0.027503
v 0.271420 -1.000179 -0.000000
v 0.271420 -1.000179 0.027503
v 0.277445 1.061611 0.027503
v 0.399763 1.049017 -0.000001
v 0.277445 1.061611 -0.000001
v 0.405787 1.037775 -0.000001
v 0.405787 -1.007096 0.027503
v 0.405787 -1.007096 0.000000
v 0.399753 1.038378 0.033537
v 0.277455 -1.000485 0.033538
v 0.399753 -1.006781 0.033538
v 0.006028 -1.017235 0.027503
v 0.128338 -1.007441 0.000000
v 0.128338 -1.007441 0.027503
v 0.006034 1.029549 -0.006035
v 0.128332 -0.996808 -0.006035
v 0.006034 -1.006602 -0.006035
v 0.000000 1.028564 0.027503
v 0.000000 -1.007096 0.000000
v 0.000000 -1.007096 0.027503
v 0.006006 1.040216 0.027503
v 0.128360 1.061201 -0.000001
v 0.006006 1.040216 -0.000001
v 0.134366 1.051609 -0.000001
v 0.134367 -0.996336 0.027503
v 0.134366 -0.996336 -0.000000
v 0.128332 -0.996808 0.033538
v 0.006034 1.029549 0.033537
v 0.006034 -1.006602 0.033538
v 0.671173 1.038159 -0.006035
v 0.671173 1.048781 0.027503
v 0.677208 1.038159 0.027503
v 0.548876 -0.992933 -0.000000
v 0.542841 1.038159 -0.000001
v 0.548876 1.038159 0.033537
v 0.399763 1.049017 0.027503
v 0.405787 1.037775 0.027503
v 0.277452 -1.011111 -0.000000
v 0.277455 1.050970 -0.006035
v 0.271421 1.051609 -0.000001
v 0.277455 1.050970 0.033537
v 0.128332 1.050524 -0.006035
v 0.128360 1.061201 0.027503
v 0.128332 1.050524 0.033537
v 0.134366 1.051609 0.027503
v 0.006028 -1.017235 -0.000000
v 0.000000 1.028564 -0.000001
v 0.005271 0.885224 -0.046953
v 0.805737 1.050563 -0.046954
v 0.805737 0.885223 -0.046953
v 0.005271 0.874602 -0.013415
v 0.805737 0.874601 -0.040919
v 0.805737 0.874601 -0.013415
v -0.000763 1.050563 -0.013416
v -0.000763 0.885224 -0.040919
v -0.000763 0.885224 -0.013415
v 0.805737 1.061185 -0.040919
v 0.005271 1.061185 -0.013416
v 0.805737 1.061185 -0.013416
v 0.811771 1.050563 -0.040919
v 0.005271 1.050563 -0.046953
v -0.000763 1.050563 -0.040919
v 0.005271 1.061185 -0.040919
v 0.811771 1.050563 -0.013416
v 0.805737 1.050563 -0.007381
v 0.005271 1.050563 -0.007381
v 0.811771 0.885223 -0.040919
v 0.005271 0.874602 -0.040919
v 0.811771 0.885223 -0.013416
v 0.805737 0.885223 -0.007381
v 0.005271 0.885224 -0.007381
v 0.020623 1.023541 -0.007381
v 0.790385 0.912245 -0.007381
v 0.790385 1.023541 -0.007381
v 0.020623 0.912245 -0.007381
v 0.005271 -1.003316 -0.046953
v 0.805737 -0.837977 -0.046953
v 0.805737 -1.003317 -0.046953
v 0.005271 -1.013938 -0.013415
v 0.805737 -1.013939 -0.040918
v 0.805737 -1.013939 -0.013415
v -0.000763 -0.837977 -0.013415
v -0.000763 -1.003316 -0.040918
v -0.000763 -1.003316 -0.013415
v 0.805737 -0.827355 -0.040919
v 0.005271 -0.827355 -0.013415
v 0.805737 -0.827355 -0.013415
v 0.811771 -0.837977 -0.040919
v 0.005271 -0.837977 -0.046953
v -0.000763 -0.837977 -0.040918
v 0.005271 -0.827355 -0.040918
v 0.811771 -0.837977 -0.013415
v 0.805737 -0.837977 -0.007381
v 0.005271 -0.837977 -0.007381
v 0.811771 -1.003317 -0.040918
v 0.005271 -1.013938 -0.040918
v 0.811771 -1.003317 -0.013415
v 0.805737 -1.003317 -0.007381
v 0.005271 -1.003316 -0.007380
v 0.794767 -0.857285 -0.007381
v 0.016241 -0.857285 -0.007381
v 0.794767 -0.984009 -0.007381
v 0.016241 -0.984008 -0.007380
v 0.805737 -0.085731 -0.046953
v 0.005271 0.079609 -0.046953
v 0.805737 0.079609 -0.046953
v 0.005271 -0.096352 -0.013415
v 0.805737 -0.096353 -0.040919
v 0.805737 -0.096353 -0.013415
v -0.000763 0.079609 -0.013415
v -0.000763 -0.085730 -0.040919
v -0.000763 -0.085730 -0.013415
v 0.805737 0.090231 -0.040919
v 0.005271 0.090231 -0.013415
v 0.805737 0.090231 -0.013415
v 0.811771 0.079609 -0.040919
v -0.000763 0.079609 -0.040919
v 0.005271 0.090231 -0.040919
v 0.811771 0.079609 -0.013415
v 0.805737 0.079609 -0.007381
v 0.005271 0.079609 -0.007381
v 0.811771 -0.085731 -0.040919
v 0.005271 -0.085730 -0.046953
v 0.005271 -0.096352 -0.040919
v 0.811771 -0.085731 -0.013415
v 0.805737 -0.085731 -0.007381
v 0.005271 -0.085730 -0.007381
v 0.016363 0.060086 -0.007381
v 0.794645 -0.066208 -0.007381
v 0.794645 0.060086 -0.007381
v 0.016363 -0.066207 -0.007381
v 0.810351 -0.737949 -0.040530
v 0.523642 -0.105640 -0.013026
v 0.810351 -0.737949 -0.013026
v 0.808081 -0.828135 -0.040530
v 0.721654 -0.828136 -0.013026
v 0.721654 -0.828136 -0.040530
v 0.006974 0.751740 -0.046564
v 0.006974 0.861466 -0.046564
v 0.077404 0.861466 -0.046564
v 0.430990 0.098693 -0.013026
v 0.084073 0.863785 -0.040530
v 0.084073 0.863786 -0.013027
v 0.295366 0.098694 -0.013026
v 0.004704 0.739719 -0.040530
v 0.295366 0.098693 -0.040530
v 0.711855 -0.819834 -0.013026
v 0.388017 -0.105640 -0.040530
v 0.711855 -0.819834 -0.040530
v 0.718524 -0.817514 -0.046564
v 0.396790 -0.107960 -0.046564
v 0.516973 -0.107960 -0.046564
v 0.305164 0.090391 -0.040530
v 0.428720 0.090391 -0.013026
v 0.305164 0.090392 -0.013026
v 0.000940 0.758643 -0.013027
v 0.000940 0.861466 -0.040530
v 0.000940 0.758643 -0.040530
v 0.006974 0.872088 -0.013027
v 0.074274 0.872088 -0.040530
v 0.006974 0.872088 -0.040530
v 0.390287 -0.097338 -0.013026
v 0.513843 -0.097338 -0.040530
v 0.390287 -0.097338 -0.040530
v 0.814116 -0.756873 -0.040530
v 0.808081 -0.749970 -0.046564
v 0.808081 -0.749970 -0.006992
v 0.814116 -0.756873 -0.013026
v 0.814115 -0.817513 -0.040530
v 0.808081 -0.817514 -0.046564
v 0.718524 -0.817514 -0.006992
v 0.814116 -0.817514 -0.013026
v 0.808081 -0.817514 -0.006992
v 0.808081 -0.828135 -0.013026
v 0.006974 0.751740 -0.006992
v 0.004704 0.739719 -0.013027
v 0.000940 0.861466 -0.013027
v 0.006974 0.861466 -0.006992
v 0.074274 0.872088 -0.013027
v 0.077404 0.861466 -0.006992
v 0.422218 0.101013 -0.046564
v 0.430991 0.098693 -0.040530
v 0.428720 0.090391 -0.040530
v 0.302034 0.101014 -0.006992
v 0.422218 0.101013 -0.006992
v 0.302035 0.101013 -0.046564
v 0.523642 -0.105640 -0.040530
v 0.396790 -0.107960 -0.006992
v 0.388017 -0.105640 -0.013026
v 0.516973 -0.107960 -0.006992
v 0.513843 -0.097338 -0.013026
v 0.509545 -0.135123 -0.006992
v 0.428851 -0.135123 -0.006992
v 0.725952 -0.790350 -0.006992
v 0.792649 -0.790350 -0.006992
v 0.792649 -0.759481 -0.006992
v 0.022406 0.834303 -0.006992
v 0.022406 0.761251 -0.006992
v 0.309462 0.128177 -0.006992
v 0.390156 0.128177 -0.006992
v 0.069976 0.834302 -0.006992
v 0.066934 0.988231 0.044438
v 0.075301 0.992177 0.033030
v 0.066934 0.988231 0.033030
v 0.089524 0.976254 0.045108
v 0.083321 0.987173 0.045108
v 0.075030 0.962722 0.045108
v 0.090463 0.947956 0.033030
v 0.492203 0.924609 0.044438
v 0.090463 0.947956 0.044438
v 0.083321 0.938272 0.045108
v 0.089525 0.949191 0.045108
v 0.075301 0.934489 0.045108
v 0.067281 0.938272 0.045108
v 0.061410 0.948606 0.045108
v 0.059261 0.962722 0.045108
v 0.061410 0.976839 0.045108
v 0.067281 0.987173 0.045108
v 0.075301 0.990955 0.045108
v 0.492232 0.998254 0.045108
v 0.820857 0.896019 0.045108
v 0.820857 1.032436 0.045108
v 0.089319 0.947160 0.033030
v 0.083668 0.937213 0.044438
v 0.083668 0.937213 0.033030
v 0.492203 0.924609 0.033030
v 0.820858 0.894837 0.044438
v 0.821528 1.032508 0.033030
v 0.821528 0.895956 0.044438
v 0.821528 0.895956 0.033030
v 0.083668 0.988231 0.044438
v 0.083668 0.988231 0.033030
v 0.089319 0.978284 0.044438
v 0.089319 0.978284 0.033030
v 0.492203 0.999433 0.033030
v 0.820858 1.033618 0.044438
v 0.820858 1.033618 0.033030
v 0.060809 0.977450 0.044438
v 0.060809 0.977450 0.033030
v 0.058567 0.962722 0.044438
v 0.058567 0.962722 0.033030
v 0.060809 0.947995 0.044438
v 0.060809 0.947995 0.033030
v 0.066934 0.937213 0.044438
v 0.066934 0.937213 0.033030
v 0.075301 0.933267 0.044438
v 0.075301 0.933267 0.033030
v 0.090463 0.977486 0.033030
v 0.492203 0.999433 0.044438
v 0.090463 0.977486 0.044438
v 0.089319 0.947160 0.044438
v 0.821528 1.032508 0.044438
v 0.075301 0.992177 0.044438
v 0.492230 0.925789 0.045108
v 0.820858 0.894837 0.033030
v 0.832032 1.033733 0.033189
v 0.836407 0.896361 0.035697
v 0.832032 0.896361 0.033189
v 0.828393 1.046722 0.046939
v 0.830713 1.046722 0.046932
v 0.829539 1.046722 0.042606
v 0.823162 0.895181 0.049023
v 0.820807 0.895181 0.044975
v 0.829539 0.895181 0.042606
v 0.827225 0.895181 0.051353
v 0.831908 0.895181 0.051338
v 0.838272 0.895181 0.040238
v 0.838286 0.895181 0.044921
v 0.835918 0.895181 0.036189
v 0.835957 0.895181 0.048984
v 0.830864 1.034914 0.037602
v 0.835918 1.034914 0.036189
v 0.831854 1.034914 0.033860
v 0.823122 0.895181 0.036228
v 0.827171 0.895181 0.033874
v 0.820793 0.895181 0.040291
v 0.826989 1.033733 0.033204
v 0.826989 0.896361 0.033204
v 0.836407 1.033733 0.035697
v 0.838942 0.896361 0.040056
v 0.838942 1.033733 0.040056
v 0.838957 0.896361 0.045099
v 0.838957 1.033733 0.045099
v 0.836449 0.896361 0.049473
v 0.836449 1.033733 0.049473
v 0.832090 0.896361 0.052008
v 0.832090 1.033733 0.052008
v 0.827047 0.896361 0.052024
v 0.827047 1.033733 0.052024
v 0.822672 0.896361 0.049516
v 0.822672 1.033733 0.049516
v 0.820137 0.896361 0.045156
v 0.820137 1.033733 0.045156
v 0.820122 0.896361 0.040114
v 0.820122 1.033733 0.040114
v 0.822630 0.896361 0.035739
v 0.822630 1.033733 0.035739
v 0.831854 0.895181 0.033860
v 0.834535 1.034914 0.041251
v 0.833188 1.034914 0.038935
v 0.827171 1.034914 0.033874
v 0.828185 1.034914 0.037611
v 0.833211 1.034914 0.046255
v 0.838286 1.034914 0.044921
v 0.834543 1.034914 0.043930
v 0.830894 1.034914 0.047601
v 0.835957 1.034914 0.048984
v 0.828215 1.034914 0.047610
v 0.831908 1.034914 0.051338
v 0.823162 1.034914 0.049023
v 0.827225 1.034914 0.051352
v 0.825891 1.034914 0.046277
v 0.820807 1.034914 0.044974
v 0.824536 1.034914 0.041282
v 0.824544 1.034914 0.043961
v 0.825868 1.034914 0.038957
v 0.820793 1.034914 0.040291
v 0.823122 1.034914 0.036228
v 0.832699 1.046722 0.039427
v 0.830686 1.046722 0.038273
v 0.838272 1.034914 0.040238
v 0.833865 1.046722 0.041433
v 0.833872 1.046722 0.043753
v 0.826361 1.046722 0.039447
v 0.825207 1.046722 0.041459
v 0.826380 1.046722 0.045785
v 0.832718 1.046722 0.045765
v 0.828366 1.046722 0.038281
v 0.825214 1.046722 0.043779
v 0.833188 1.045542 0.038935
v 0.830864 1.045542 0.037602
v 0.828185 1.045542 0.037611
v 0.825868 1.045542 0.038957
v 0.824536 1.045542 0.041282
v 0.824544 1.045542 0.043961
v 0.825891 1.045542 0.046277
v 0.828215 1.045542 0.047610
v 0.830894 1.045542 0.047601
v 0.833211 1.045542 0.046255
v 0.834543 1.045542 0.043930
v 0.834535 1.045542 0.041251
v 0.066934 0.030405 0.044438
v 0.075301 0.034351 0.033031
v 0.066934 0.030405 0.033031
v 0.089527 0.018423 0.045109
v 0.083321 0.029347 0.045109
v 0.075030 0.004896 0.045109
v 0.090463 -0.009862 0.033031
v 0.250460 -0.017145 0.044438
v 0.090463 -0.009862 0.044438
v 0.083321 -0.019554 0.045109
v 0.089523 -0.008638 0.045109
v 0.075301 -0.023337 0.045109
v 0.067281 -0.019554 0.045109
v 0.061410 -0.009220 0.045109
v 0.059261 0.004896 0.045109
v 0.061410 0.019013 0.045109
v 0.067281 0.029347 0.045109
v 0.075301 0.033129 0.045109
v 0.671472 0.048071 0.045109
v 0.820857 -0.063328 0.045109
v 0.820857 0.073054 0.045109
v 0.089319 -0.010666 0.033031
v 0.083668 -0.020612 0.044438
v 0.083668 -0.020612 0.033031
v 0.250460 -0.017145 0.033031
v 0.671433 -0.053334 0.044438
v 0.250460 0.031640 0.044438
v 0.671433 0.049250 0.033031
v 0.250460 0.031640 0.033031
v 0.821528 0.073172 0.033031
v 0.821528 -0.063380 0.044438
v 0.821528 -0.063380 0.033031
v 0.671433 -0.053334 0.033031
v 0.820858 -0.064510 0.044438
v 0.250488 -0.015966 0.045109
v 0.250479 0.030461 0.045109
v 0.083668 0.030405 0.044438
v 0.083668 0.030405 0.033031
v 0.089319 0.020458 0.044438
v 0.089319 0.020458 0.033031
v 0.820860 0.074240 0.044438
v 0.820860 0.074240 0.033031
v 0.060809 0.019624 0.044438
v 0.060809 0.019624 0.033031
v 0.058567 0.004896 0.044438
v 0.058567 0.004896 0.033031
v 0.060809 -0.009831 0.044438
v 0.060809 -0.009831 0.033031
v 0.066934 -0.020612 0.044438
v 0.066934 -0.020612 0.033031
v 0.075301 -0.024559 0.044438
v 0.075301 -0.024559 0.033031
v 0.090463 0.019674 0.044438
v 0.090463 0.019674 0.033031
v 0.089319 -0.010666 0.044438
v 0.821528 0.073172 0.044438
v 0.075301 0.034351 0.044438
v 0.671464 -0.052155 0.045109
v 0.671433 0.049250 0.044438
v 0.820858 -0.064510 0.033031
v 0.066934 -0.880685 0.044438
v 0.075301 -0.876739 0.033031
v 0.066934 -0.880685 0.033031
v 0.089527 -0.892668 0.045109
v 0.083321 -0.881743 0.045109
v 0.075030 -0.906194 0.045109
v 0.090463 -0.920949 0.033031
v 0.168736 -0.924213 0.044438
v 0.090463 -0.920949 0.044438
v 0.083321 -0.930644 0.045109
v 0.089522 -0.919729 0.045109
v 0.075301 -0.934427 0.045109
v 0.067281 -0.930644 0.045109
v 0.061410 -0.920310 0.045109
v 0.059261 -0.906194 0.045109
v 0.061410 -0.892077 0.045109
v 0.067281 -0.881743 0.045109
v 0.075301 -0.877961 0.045109
v 0.745604 -0.958147 0.045109
v 0.820857 -0.837969 0.045109
v 0.745588 -0.843599 0.045109
v 0.089319 -0.921756 0.033031
v 0.083668 -0.931702 0.044438
v 0.083668 -0.931702 0.033031
v 0.168762 -0.923034 0.045109
v 0.448146 -0.870393 0.045109
v 0.168760 -0.886742 0.045109
v 0.168736 -0.885562 0.044438
v 0.448118 -0.869214 0.033031
v 0.168736 -0.885562 0.033031
v 0.168736 -0.924213 0.033031
v 0.448118 -0.945690 0.044438
v 0.448118 -0.945690 0.033031
v 0.745554 -0.959325 0.044438
v 0.821528 -0.837918 0.033031
v 0.821528 -0.974470 0.044438
v 0.821528 -0.974470 0.033031
v 0.448118 -0.869214 0.044438
v 0.745554 -0.842420 0.033031
v 0.745554 -0.959325 0.033031
v 0.820862 -0.975507 0.044438
v 0.083668 -0.880685 0.044438
v 0.083668 -0.880685 0.033031
v 0.089319 -0.890632 0.044438
v 0.089319 -0.890632 0.033031
v 0.745554 -0.842420 0.044438
v 0.820858 -0.836788 0.033031
v 0.060809 -0.891466 0.044438
v 0.060809 -0.891466 0.033031
v 0.058567 -0.906194 0.044438
v 0.058567 -0.906194 0.033031
v 0.060809 -0.920921 0.044438
v 0.060809 -0.920921 0.033031
v 0.066934 -0.931702 0.044438
v 0.066934 -0.931702 0.033031
v 0.075301 -0.935649 0.044438
v 0.075301 -0.935649 0.033031
v 0.090463 -0.891416 0.044438
v 0.090463 -0.891416 0.033031
v 0.089319 -0.921756 0.044438
v 0.820858 -0.836788 0.044438
v 0.821528 -0.837918 0.044438
v 0.820857 -0.974317 0.045109
v 0.075301 -0.876739 0.044438
v 0.448141 -0.944510 0.045109
v 0.820862 -0.975507 0.033031
v 0.832032 -0.836693 0.033189
v 0.836407 -0.974065 0.035697
v 0.832032 -0.974065 0.033189
v 0.830894 -0.835513 0.047602
v 0.828215 -0.824885 0.047610
v 0.828215 -0.835513 0.047610
v 0.823162 -0.975246 0.049024
v 0.820807 -0.975246 0.044975
v 0.829539 -0.975246 0.042607
v 0.827225 -0.975246 0.051353
v 0.831908 -0.975246 0.051339
v 0.838272 -0.975246 0.040238
v 0.838286 -0.975246 0.044921
v 0.835918 -0.975246 0.036189
v 0.835957 -0.975246 0.048985
v 0.830864 -0.835513 0.037603
v 0.835918 -0.835513 0.036189
v 0.831854 -0.835513 0.033860
v 0.823122 -0.975246 0.036229
v 0.827171 -0.975246 0.033874
v 0.820793 -0.975246 0.040292
v 0.826989 -0.836693 0.033204
v 0.826989 -0.974065 0.033205
v 0.836407 -0.836693 0.035697
v 0.838942 -0.974065 0.040056
v 0.838942 -0.836693 0.040056
v 0.838957 -0.974065 0.045099
v 0.838957 -0.836693 0.045099
v 0.836449 -0.974065 0.049474
v 0.836449 -0.836693 0.049474
v 0.832090 -0.974065 0.052009
v 0.832090 -0.836693 0.052009
v 0.827047 -0.974065 0.052024
v 0.827047 -0.836693 0.052024
v 0.822672 -0.974065 0.049516
v 0.822672 -0.836693 0.049516
v 0.820137 -0.974065 0.045157
v 0.820137 -0.836693 0.045157
v 0.820122 -0.974065 0.040114
v 0.820122 -0.836693 0.040114
v 0.822630 -0.974065 0.035739
v 0.822630 -0.836693 0.035739
v 0.831854 -0.975246 0.033860
v 0.834535 -0.835513 0.041252
v 0.833188 -0.835513 0.038935
v 0.827171 -0.835513 0.033874
v 0.828185 -0.835513 0.037611
v 0.833211 -0.835513 0.046255
v 0.838286 -0.835513 0.044921
v 0.834543 -0.835513 0.043931
v 0.835957 -0.835513 0.048984
v 0.831908 -0.835513 0.051339
v 0.823162 -0.835513 0.049024
v 0.827225 -0.835513 0.051353
v 0.825891 -0.835513 0.046278
v 0.820807 -0.835513 0.044975
v 0.824536 -0.835513 0.041282
v 0.824544 -0.835513 0.043961
v 0.825868 -0.835513 0.038958
v 0.820793 -0.835513 0.040292
v 0.823122 -0.835513 0.036229
v 0.833188 -0.824885 0.038935
v 0.838272 -0.835513 0.040238
v 0.830864 -0.824885 0.037603
v 0.834535 -0.824885 0.041252
v 0.834543 -0.824885 0.043931
v 0.825868 -0.824885 0.038958
v 0.825891 -0.824885 0.046278
v 0.833211 -0.824885 0.046255
v 0.828185 -0.824885 0.037611
v 0.824544 -0.824885 0.043961
v 0.830894 -0.824885 0.047602
v 0.824536 -0.824885 0.041282
v 0.832699 -0.823704 0.039428
v 0.833865 -0.823704 0.041433
v 0.833872 -0.823704 0.043753
v 0.832718 -0.823704 0.045766
v 0.830713 -0.823704 0.046932
v 0.828393 -0.823704 0.046939
v 0.826380 -0.823704 0.045785
v 0.825214 -0.823704 0.043780
v 0.825207 -0.823704 0.041460
v 0.826361 -0.823704 0.039447
v 0.828366 -0.823704 0.038281
v 0.830686 -0.823704 0.038274
v 0.829539 -0.823704 0.042606
v 0.684586 -1.006824 -0.006035
v 0.806884 1.041437 -0.006035
v 0.806884 -1.001385 -0.006035
v 0.678551 1.048842 0.027503
v 0.678551 -1.007096 -0.000000
v 0.678551 -1.007096 0.027503
v 0.684583 1.059116 0.027503
v 0.806887 1.052065 -0.000001
v 0.684583 1.059116 -0.000001
v 0.812918 1.041095 -0.000001
v 0.812918 -1.001120 0.027503
v 0.812918 -1.001120 -0.000000
v 0.806884 1.041437 0.033537
v 0.684586 -1.006824 0.033538
v 0.806884 -1.001385 0.033538
v 0.413162 -1.017356 0.027503
v 0.535466 -1.010010 0.000000
v 0.535467 -1.010010 0.027503
v 0.413165 1.038148 -0.006035
v 0.535463 -0.999382 -0.006035
v 0.413165 -1.006728 -0.006035
v 0.407131 1.037775 0.027503
v 0.407131 -1.007096 0.000000
v 0.407131 -1.007096 0.027503
v 0.413161 1.048776 0.027503
v 0.535467 1.056471 -0.000001
v 0.413161 1.048776 -0.000001
v 0.541498 1.046229 -0.000001
v 0.541498 -0.999026 0.027503
v 0.541498 -0.999026 0.000000
v 0.535463 -0.999382 0.033538
v 0.413165 1.038148 0.033537
v 0.413165 -1.006728 0.033538
v 0.141745 -0.979129 0.027503
v 0.264042 -0.979129 0.000000
v 0.264042 -0.979129 0.027503
v 0.141745 1.039312 -0.006035
v 0.264042 -0.968507 -0.006035
v 0.141745 -0.968507 -0.006035
v 0.135710 1.039312 0.027503
v 0.135710 -0.968507 -0.000000
v 0.135710 -0.968507 0.027503
v 0.141745 1.049934 0.027503
v 0.264042 1.049934 -0.000001
v 0.141745 1.049934 -0.000001
v 0.270077 1.039312 -0.000001
v 0.270077 -0.968507 0.027503
v 0.270077 -0.968507 -0.000000
v 0.264042 1.039312 0.033537
v 0.141745 -0.968507 0.033538
v 0.264042 -0.968507 0.033538
v 0.806885 -1.012010 0.000000
v 0.806885 -1.012010 0.027503
v 0.806887 1.052065 0.027503
v 0.812918 1.041095 0.027503
v 0.684584 -1.017450 -0.000000
v 0.684586 1.048489 -0.006035
v 0.678551 1.048842 -0.000001
v 0.684584 -1.017450 0.027503
v 0.684586 1.048489 0.033537
v 0.535463 1.045843 -0.006035
v 0.535467 1.056471 0.027503
v 0.535463 1.045843 0.033537
v 0.541498 1.046229 0.027503
v 0.413162 -1.017356 -0.000000
v 0.407131 1.037775 -0.000001
v 0.264042 1.039312 -0.006035
v 0.264042 1.049934 0.027503
v 0.270077 1.039312 0.027503
v 0.141745 -0.979129 -0.000000
v 0.135710 1.039312 -0.000001
v 0.141745 1.039312 0.033537
v 0.050070 0.399527 -0.005678
v 0.044916 0.390455 -0.009633
v 0.044916 0.390455 -0.005678
v 0.064151 0.399527 -0.009633
v 0.057110 0.402847 -0.005678
v 0.064151 0.399527 -0.005678
v 0.071191 0.378063 -0.009633
v 0.069305 0.390455 -0.005678
v 0.071191 0.378063 -0.005678
v 0.063983 0.360400 -0.026079
v 0.065435 0.358280 -0.011973
v 0.065243 0.353096 -0.023868
v 0.043030 0.378063 -0.005678
v 0.043030 0.351734 -0.009659
v 0.043030 0.351734 -0.005678
v 0.069305 0.390455 -0.009633
v 0.071191 0.351734 -0.009633
v 0.057110 0.170202 -0.027944
v 0.061168 0.164746 -0.011920
v 0.057110 0.162833 -0.011920
v 0.048783 0.358281 -0.011968
v 0.050237 0.360400 -0.026079
v 0.048978 0.353096 -0.023868
v 0.048982 0.351632 -0.023408
v 0.052136 0.375526 -0.010238
v 0.045459 0.389904 -0.010238
v 0.050383 0.398573 -0.010238
v 0.065253 0.351632 -0.023408
v 0.064252 0.354393 -0.011924
v 0.050162 0.349728 -0.022849
v 0.064060 0.349728 -0.022849
v 0.049969 0.354393 -0.011924
v 0.043608 0.351780 -0.010238
v 0.047021 0.356515 -0.010238
v 0.061078 0.364913 -0.027444
v 0.064146 0.366771 -0.011968
v 0.050070 0.399527 -0.009633
v 0.053053 0.372021 -0.011920
v 0.057110 0.366565 -0.027944
v 0.053142 0.364913 -0.027444
v 0.064151 0.137241 -0.005678
v 0.069304 0.146312 -0.009633
v 0.069304 0.146312 -0.005678
v 0.050070 0.137241 -0.009633
v 0.057110 0.133920 -0.005678
v 0.050070 0.137241 -0.005678
v 0.043030 0.158704 -0.005678
v 0.044916 0.146312 -0.009633
v 0.044916 0.146312 -0.005678
v 0.048785 0.178488 -0.011973
v 0.050237 0.176367 -0.026078
v 0.050075 0.169997 -0.011968
v 0.071191 0.158704 -0.009633
v 0.071191 0.185033 -0.005678
v 0.071191 0.158704 -0.005678
v 0.043030 0.185033 -0.009633
v 0.043030 0.158704 -0.009633
v 0.063549 0.334713 -0.032652
v 0.050672 0.334713 -0.032652
v 0.053054 0.164748 -0.011943
v 0.063983 0.176367 -0.026078
v 0.065438 0.178487 -0.011968
v 0.064148 0.169995 -0.011943
v 0.065238 0.185135 -0.023408
v 0.065434 0.180252 -0.011973
v 0.048968 0.185136 -0.023408
v 0.048787 0.180252 -0.011973
v 0.064059 0.187040 -0.022849
v 0.049969 0.182374 -0.011924
v 0.064251 0.182374 -0.011924
v 0.053142 0.171854 -0.027444
v 0.064151 0.137241 -0.009633
v 0.061078 0.171854 -0.027444
v 0.065726 0.167652 -0.010238
v 0.070586 0.158845 -0.010238
v 0.068762 0.146863 -0.010238
v 0.062085 0.161242 -0.010238
v 0.063837 0.138195 -0.010238
v 0.067200 0.177332 -0.010238
v 0.070586 0.184987 -0.010238
v 0.047021 0.177332 -0.010238
v 0.043608 0.184987 -0.010238
v 0.047021 0.181270 -0.010238
v 0.070612 0.186052 -0.005678
v 0.043608 0.186052 -0.009633
v 0.043608 0.186052 -0.005678
v 0.048494 0.167652 -0.010238
v 0.043635 0.158845 -0.010237
v 0.052136 0.161242 -0.010237
v 0.045458 0.146863 -0.010237
v 0.057110 0.158896 -0.010238
v 0.050383 0.138195 -0.010237
v 0.057110 0.135022 -0.010238
v 0.057110 0.191150 -0.040702
v 0.053391 0.192219 -0.039913
v 0.057110 0.219519 -0.048505
v 0.053668 0.220065 -0.047637
v 0.057110 0.251695 -0.052148
v 0.053861 0.251858 -0.051282
v 0.057110 0.285072 -0.052148
v 0.053668 0.316702 -0.047637
v 0.053861 0.284910 -0.051283
v 0.053391 0.344548 -0.039913
v 0.057110 0.317248 -0.048506
v 0.057110 0.345618 -0.040702
v 0.057110 0.377872 -0.010238
v 0.057110 0.401745 -0.010238
v 0.050669 0.195142 -0.037755
v 0.051149 0.221557 -0.045264
v 0.051482 0.284465 -0.048917
v 0.051482 0.252303 -0.048917
v 0.051149 0.315210 -0.045264
v 0.050668 0.341625 -0.037755
v 0.048494 0.369116 -0.010238
v 0.043608 0.377750 -0.010238
v 0.048978 0.183672 -0.023868
v 0.049488 0.199873 -0.034262
v 0.050056 0.223972 -0.041423
v 0.050450 0.253022 -0.045088
v 0.050056 0.312796 -0.041423
v 0.050450 0.283745 -0.045088
v 0.049488 0.336895 -0.034262
v 0.050073 0.366773 -0.011943
v 0.064733 0.336895 -0.034262
v 0.064734 0.336033 -0.033593
v 0.050672 0.202054 -0.032652
v 0.050161 0.187040 -0.022849
v 0.063549 0.202054 -0.032652
v 0.051240 0.225085 -0.039652
v 0.062587 0.253354 -0.043323
v 0.062981 0.225085 -0.039652
v 0.062587 0.283414 -0.043323
v 0.051634 0.253354 -0.043323
v 0.062981 0.311683 -0.039652
v 0.051634 0.283414 -0.043323
v 0.051239 0.311683 -0.039652
v 0.047021 0.359435 -0.010238
v 0.049487 0.200734 -0.033593
v 0.050450 0.253119 -0.044506
v 0.050052 0.224349 -0.040770
v 0.050454 0.283649 -0.044507
v 0.049487 0.336033 -0.033593
v 0.050062 0.312419 -0.040770
v 0.070586 0.351780 -0.010238
v 0.067200 0.359435 -0.010238
v 0.070586 0.377923 -0.010238
v 0.064733 0.199873 -0.034262
v 0.065243 0.183672 -0.023868
v 0.064165 0.223972 -0.041423
v 0.064734 0.200734 -0.033593
v 0.063767 0.253119 -0.044506
v 0.064158 0.224349 -0.040770
v 0.063770 0.253022 -0.045088
v 0.063770 0.283648 -0.044507
v 0.064165 0.312796 -0.041423
v 0.063770 0.283745 -0.045089
v 0.064169 0.312418 -0.040770
v 0.043608 0.350716 -0.005678
v 0.070612 0.350716 -0.009633
v 0.070612 0.350716 -0.005678
v 0.063552 0.195142 -0.037755
v 0.063072 0.221557 -0.045264
v 0.062738 0.252303 -0.048917
v 0.062738 0.284465 -0.048917
v 0.063072 0.315210 -0.045264
v 0.063552 0.341625 -0.037755
v 0.065726 0.369116 -0.010238
v 0.060829 0.192219 -0.039913
v 0.060552 0.220065 -0.047637
v 0.060360 0.251858 -0.051282
v 0.060360 0.284910 -0.051283
v 0.060552 0.316702 -0.047637
v 0.060829 0.344548 -0.039913
v 0.062085 0.375526 -0.010238
v 0.068762 0.389904 -0.010238
v 0.063838 0.398573 -0.010238
v 0.067200 0.356515 -0.010238
v 0.048787 0.356515 -0.011973
v 0.043608 0.350716 -0.009633
v 0.067200 0.180252 -0.010238
v 0.070612 0.186052 -0.009633
v 0.071191 0.185033 -0.009633
v 0.057110 0.402847 -0.009633
v 0.043030 0.378063 -0.009659
v 0.071191 0.351734 -0.005678
v 0.065434 0.356515 -0.011973
v 0.061167 0.372020 -0.011943
v 0.057110 0.373935 -0.011920
v 0.057110 0.133920 -0.009633
v 0.043030 0.185033 -0.005678
v 0.838275 -0.089972 0.040275
v 0.838289 -0.089972 0.044958
v 0.829543 -0.089972 0.042643
v 0.835960 -0.089972 0.049021
v 0.831911 -0.089972 0.051375
v 0.827228 -0.089972 0.051390
v 0.823165 -0.089972 0.049060
v 0.820811 -0.089972 0.045012
v 0.820796 -0.089972 0.040328
v 0.823126 -0.089972 0.036265
v 0.827664 -0.089972 0.033626
v 0.826993 -0.066054 0.033241
v 0.826976 -0.088792 0.027704
v 0.826993 -0.088792 0.033241
v 0.829543 -0.064874 0.042643
v 0.835921 -0.064874 0.036226
v 0.831366 -0.064874 0.033615
v 0.838275 -0.064874 0.040275
v 0.838289 -0.064874 0.044958
v 0.835960 -0.064874 0.049021
v 0.831911 -0.064874 0.051375
v 0.827228 -0.064874 0.051390
v 0.823165 -0.064874 0.049060
v 0.820811 -0.064874 0.045012
v 0.820796 -0.064874 0.040328
v 0.823126 -0.064874 0.036265
v 0.827664 -0.064874 0.033626
v 0.827646 -0.064874 0.027702
v 0.832035 -0.088792 0.033226
v 0.832018 -0.066054 0.027688
v 0.832035 -0.066054 0.033226
v 0.831366 -0.089972 0.033615
v 0.836410 -0.066054 0.035734
v 0.822633 -0.066054 0.035776
v 0.820125 -0.088792 0.040151
v 0.820125 -0.066054 0.040151
v 0.820141 -0.088792 0.045193
v 0.820141 -0.066054 0.045193
v 0.822676 -0.088792 0.049553
v 0.822676 -0.066054 0.049553
v 0.827050 -0.088792 0.052061
v 0.827050 -0.066054 0.052061
v 0.832093 -0.088792 0.052045
v 0.832093 -0.066054 0.052045
v 0.836452 -0.088792 0.049510
v 0.836452 -0.066054 0.049510
v 0.838960 -0.088792 0.045136
v 0.838960 -0.066054 0.045136
v 0.838945 -0.088792 0.040093
v 0.838945 -0.066054 0.040093
v 0.836410 -0.088792 0.035734
v 0.827646 -0.089972 0.027702
v 0.831348 -0.089972 0.027691
v 0.822633 -0.088792 0.035776
v 0.835921 -0.089972 0.036226
v 0.831348 -0.064874 0.027691
v 0.826976 -0.066054 0.027704
v 0.832018 -0.088792 0.027688
v 0.838275 0.869364 0.040275
v 0.838289 0.869364 0.044958
v 0.829543 0.869364 0.042643
v 0.835960 0.869364 0.049021
v 0.831911 0.869364 0.051375
v 0.827228 0.869364 0.051389
v 0.823165 0.869364 0.049060
v 0.820811 0.869364 0.045011
v 0.820796 0.869364 0.040328
v 0.823126 0.869364 0.036265
v 0.827664 0.869364 0.033626
v 0.826993 0.893282 0.033241
v 0.826976 0.870544 0.027704
v 0.826993 0.870544 0.033241
v 0.829543 0.894462 0.042643
v 0.835921 0.894462 0.036226
v 0.831366 0.894462 0.033615
v 0.838275 0.894462 0.040275
v 0.838289 0.894462 0.044958
v 0.835960 0.894462 0.049021
v 0.831911 0.894462 0.051375
v 0.827228 0.894462 0.051389
v 0.823165 0.894462 0.049060
v 0.820811 0.894462 0.045011
v 0.820796 0.894462 0.040328
v 0.823126 0.894462 0.036265
v 0.827664 0.894462 0.033626
v 0.827646 0.894462 0.027702
v 0.832035 0.870544 0.033225
v 0.832018 0.893282 0.027688
v 0.832035 0.893282 0.033225
v 0.831366 0.869364 0.033615
v 0.836410 0.893282 0.035733
v 0.827646 0.869364 0.027702
v 0.831348 0.869364 0.027690
v 0.838945 0.893282 0.040093
v 0.836410 0.870544 0.035733
v 0.838960 0.893282 0.045135
v 0.838945 0.870544 0.040093
v 0.836452 0.893282 0.049510
v 0.838960 0.870544 0.045135
v 0.832093 0.893282 0.052045
v 0.836452 0.870544 0.049510
v 0.827050 0.893282 0.052060
v 0.832093 0.870544 0.052045
v 0.822676 0.893282 0.049552
v 0.827050 0.870544 0.052060
v 0.820141 0.893282 0.045193
v 0.822676 0.870544 0.049552
v 0.820125 0.893282 0.040150
v 0.820141 0.870544 0.045193
v 0.822633 0.893282 0.035776
v 0.820125 0.870544 0.040150
v 0.822633 0.870544 0.035776
v 0.835921 0.869364 0.036226
v 0.831348 0.894462 0.027690
v 0.826976 0.893282 0.027704
v 0.832018 0.870544 0.027688
v 0.838275 -1.001062 0.040275
v 0.838289 -1.001062 0.044958
v 0.829543 -1.001062 0.042643
v 0.835960 -1.001062 0.049021
v 0.831911 -1.001062 0.051375
v 0.827228 -1.001062 0.051390
v 0.823165 -1.001062 0.049060
v 0.820811 -1.001062 0.045012
v 0.820796 -1.001062 0.040328
v 0.823126 -1.001062 0.036265
v 0.827664 -1.001062 0.033626
v 0.826993 -0.977144 0.033241
v 0.826976 -0.999882 0.027704
v 0.826993 -0.999882 0.033241
v 0.829543 -0.975964 0.042643
v 0.835921 -0.975964 0.036226
v 0.831366 -0.975964 0.033615
v 0.838275 -0.975964 0.040275
v 0.838289 -0.975964 0.044958
v 0.835960 -0.975964 0.049021
v 0.831911 -0.975964 0.051375
v 0.827228 -0.975964 0.051390
v 0.823165 -0.975964 0.049060
v 0.820811 -0.975964 0.045012
v 0.820796 -0.975964 0.040328
v 0.823126 -0.975964 0.036265
v 0.827664 -0.975964 0.033626
v 0.827646 -0.975964 0.027702
v 0.832035 -0.999882 0.033226
v 0.832018 -0.977144 0.027689
v 0.832035 -0.977144 0.033226
v 0.831366 -1.001062 0.033615
v 0.836410 -0.977144 0.035734
v 0.822633 -0.977144 0.035776
v 0.820125 -0.999882 0.040151
v 0.820125 -0.977144 0.040151
v 0.820141 -0.999882 0.045193
v 0.820141 -0.977144 0.045193
v 0.822676 -0.999882 0.049553
v 0.822676 -0.977144 0.049553
v 0.827050 -0.999882 0.052061
v 0.827050 -0.977144 0.052061
v 0.832093 -0.999882 0.052045
v 0.832093 -0.977144 0.052045
v 0.836452 -0.999882 0.049511
v 0.836452 -0.977144 0.049511
v 0.838960 -0.999882 0.045136
v 0.838960 -0.977144 0.045136
v 0.838945 -0.999882 0.040093
v 0.838945 -0.977144 0.040093
v 0.836410 -0.999882 0.035734
v 0.827646 -1.001062 0.027702
v 0.831348 -1.001062 0.027691
v 0.822633 -0.999882 0.035776
v 0.835921 -1.001062 0.036226
v 0.831348 -0.975964 0.027691
v 0.826976 -0.977144 0.027704
v 0.832018 -0.999882 0.027689
v 0.000000 -1.300809 -0.000000
v 0.064150 0.105814 0.032110
v 0.069304 0.096743 0.036065
v 0.069304 0.096743 0.032110
v 0.050069 0.105814 0.036065
v 0.057110 0.109135 0.032110
v 0.050069 0.105814 0.032110
v 0.043029 0.084351 0.036065
v 0.044915 0.096743 0.032110
v 0.043029 0.084351 0.032110
v 0.050237 0.066688 0.052510
v 0.048785 0.064567 0.038405
v 0.048977 0.059383 0.050300
v 0.071190 0.084351 0.032110
v 0.071190 0.058022 0.036091
v 0.071190 0.058022 0.032110
v 0.044915 0.096743 0.036065
v 0.043029 0.058022 0.036065
v 0.057110 -0.123510 0.054376
v 0.053052 -0.128966 0.038352
v 0.057109 -0.130880 0.038352
v 0.065437 0.064568 0.038400
v 0.063983 0.066688 0.052510
v 0.065242 0.059383 0.050300
v 0.065238 0.057920 0.049840
v 0.062084 0.081813 0.036669
v 0.068761 0.096192 0.036669
v 0.063837 0.104860 0.036669
v 0.048967 0.057919 0.049840
v 0.049968 0.060680 0.038356
v 0.064058 0.056015 0.049281
v 0.050160 0.056015 0.049281
v 0.064251 0.060680 0.038356
v 0.070612 0.058068 0.036670
v 0.067199 0.062803 0.036669
v 0.053142 0.071201 0.053876
v 0.050074 0.073058 0.038400
v 0.064150 0.105814 0.036065
v 0.061167 0.078309 0.038352
v 0.057110 0.072853 0.054376
v 0.061078 0.071201 0.053876
v 0.050069 -0.156472 0.032110
v 0.044916 -0.147400 0.036065
v 0.044915 -0.147400 0.032110
v 0.064150 -0.156472 0.036065
v 0.057110 -0.159792 0.032110
v 0.064150 -0.156472 0.032110
v 0.071190 -0.135008 0.032110
v 0.069304 -0.147400 0.036065
v 0.069304 -0.147400 0.032110
v 0.065434 -0.115225 0.038405
v 0.063983 -0.117346 0.052510
v 0.064145 -0.123716 0.038400
v 0.043029 -0.135008 0.036065
v 0.043029 -0.108679 0.032110
v 0.043029 -0.135008 0.032110
v 0.071190 -0.108679 0.036065
v 0.071190 -0.135008 0.036065
v 0.050671 0.041001 0.059084
v 0.063548 0.041001 0.059084
v 0.061166 -0.128965 0.038375
v 0.050237 -0.117346 0.052510
v 0.048782 -0.115226 0.038400
v 0.050072 -0.123718 0.038375
v 0.048982 -0.108577 0.049840
v 0.048786 -0.113460 0.038405
v 0.065252 -0.108577 0.049840
v 0.065433 -0.113460 0.038405
v 0.050161 -0.106673 0.049281
v 0.064251 -0.111338 0.038356
v 0.049968 -0.111338 0.038356
v 0.061078 -0.121858 0.053876
v 0.050069 -0.156472 0.036065
v 0.053141 -0.121858 0.053876
v 0.048494 -0.126061 0.036670
v 0.043634 -0.134868 0.036670
v 0.045458 -0.146849 0.036670
v 0.052135 -0.132471 0.036670
v 0.050382 -0.155518 0.036670
v 0.047020 -0.116380 0.036670
v 0.043634 -0.108725 0.036670
v 0.067199 -0.116380 0.036670
v 0.070612 -0.108725 0.036670
v 0.067199 -0.112442 0.036670
v 0.043607 -0.107661 0.032110
v 0.070612 -0.107661 0.036065
v 0.070612 -0.107661 0.032110
v 0.065726 -0.126061 0.036670
v 0.070585 -0.134868 0.036669
v 0.062084 -0.132471 0.036669
v 0.068761 -0.146849 0.036669
v 0.057110 -0.134817 0.036670
v 0.063837 -0.155518 0.036670
v 0.057110 -0.158690 0.036670
v 0.057110 -0.102563 0.067134
v 0.060829 -0.101493 0.066345
v 0.057110 -0.074193 0.074937
v 0.060552 -0.073647 0.074069
v 0.057110 -0.042017 0.078580
v 0.060359 -0.041854 0.077714
v 0.057110 -0.008640 0.078580
v 0.060552 0.022990 0.074069
v 0.060359 -0.008803 0.077714
v 0.060829 0.050836 0.066345
v 0.057110 0.023536 0.074937
v 0.057110 0.051905 0.067134
v 0.057109 0.084159 0.036669
v 0.057109 0.108033 0.036669
v 0.063551 -0.098570 0.064187
v 0.063071 -0.072155 0.071696
v 0.062738 -0.009248 0.075349
v 0.062738 -0.041410 0.075349
v 0.063071 0.021498 0.071696
v 0.063551 0.047913 0.064187
v 0.065725 0.075403 0.036669
v 0.070612 0.084038 0.036669
v 0.065242 -0.110041 0.050300
v 0.064732 -0.093839 0.060694
v 0.064164 -0.069741 0.067855
v 0.063770 -0.040690 0.071520
v 0.064164 0.019083 0.067855
v 0.063770 -0.009967 0.071520
v 0.064732 0.043182 0.060694
v 0.064147 0.073060 0.038375
v 0.049487 0.043182 0.060694
v 0.049486 0.042321 0.060025
v 0.063548 -0.091658 0.059084
v 0.064059 -0.106673 0.049281
v 0.050671 -0.091658 0.059084
v 0.062980 -0.068628 0.066084
v 0.051633 -0.040359 0.069755
v 0.051239 -0.068628 0.066084
v 0.051633 -0.010299 0.069755
v 0.062586 -0.040359 0.069755
v 0.051239 0.017970 0.066084
v 0.062586 -0.010299 0.069755
v 0.062981 0.017970 0.066084
v 0.067199 0.065723 0.036669
v 0.064733 -0.092978 0.060025
v 0.063770 -0.040593 0.070938
v 0.064168 -0.069363 0.067202
v 0.063766 -0.010064 0.070938
v 0.064733 0.042321 0.060025
v 0.064158 0.018706 0.067202
v 0.043634 0.058068 0.036670
v 0.047020 0.065722 0.036670
v 0.043634 0.084210 0.036669
v 0.049487 -0.093839 0.060694
v 0.048977 -0.110041 0.050300
v 0.050055 -0.069741 0.067855
v 0.049486 -0.092978 0.060025
v 0.050453 -0.040594 0.070938
v 0.050061 -0.069364 0.067202
v 0.050450 -0.040690 0.071520
v 0.050450 -0.010064 0.070938
v 0.050055 0.019083 0.067855
v 0.050450 -0.009967 0.071520
v 0.050051 0.018706 0.067202
v 0.070612 0.057003 0.032110
v 0.043607 0.057003 0.036065
v 0.043607 0.057003 0.032110
v 0.050668 -0.098570 0.064187
v 0.051148 -0.072155 0.071696
v 0.051481 -0.041410 0.075349
v 0.051481 -0.009248 0.075349
v 0.051148 0.021498 0.071696
v 0.050668 0.047913 0.064187
v 0.048494 0.075403 0.036669
v 0.053390 -0.101493 0.066345
v 0.053667 -0.073647 0.074069
v 0.053860 -0.041854 0.077714
v 0.053860 -0.008803 0.077714
v 0.053668 0.022990 0.074069
v 0.053391 0.050836 0.066345
v 0.052135 0.081813 0.036669
v 0.045458 0.096192 0.036669
v 0.050382 0.104860 0.036669
v 0.047020 0.062803 0.036670
v 0.065433 0.062803 0.038405
v 0.070612 0.057003 0.036065
v 0.047020 -0.113460 0.036670
v 0.043607 -0.107661 0.036065
v 0.043029 -0.108679 0.036065
v 0.057110 0.109135 0.036065
v 0.071190 0.084351 0.036091
v 0.043029 0.058022 0.032110
v 0.048786 0.062803 0.038405
v 0.053053 0.078307 0.038375
v 0.057110 0.080222 0.038352
v 0.057110 -0.159792 0.036065
v 0.071190 -0.108679 0.032110
vn 0.2559 0.0042 -0.9667
vn 0.7049 -0.0043 -0.7093
vn 0.2559 -0.0042 -0.9667
vn 0.2327 0.4580 0.8580
vn -0.2555 0.0500 0.9655
vn -0.2188 0.5179 0.8270
vn -0.1130 -0.9868 0.1157
vn -0.1606 -0.9861 0.0436
vn -0.0000 -1.0000 -0.0000
vn -0.0402 -0.9876 0.1518
vn 0.0410 -0.9868 0.1564
vn 0.1557 -0.9868 -0.0437
vn 0.1563 -0.9868 0.0414
vn 0.1129 -0.9868 -0.1157
vn 0.1180 -0.9861 0.1173
vn 0.2189 0.5179 -0.8270
vn 0.2549 0.9310 -0.2611
vn 0.0802 0.9496 -0.3030
vn -0.1113 -0.9876 -0.1107
vn -0.0436 -0.9861 -0.1606
vn -0.1559 -0.9868 -0.0427
vn -0.2618 0.0044 -0.9651
vn -0.2618 -0.0044 -0.9651
vn 0.7049 0.0043 -0.7093
vn 0.9651 -0.0043 -0.2618
vn 0.9651 0.0043 -0.2618
vn 0.9667 -0.0043 0.2558
vn 0.9667 0.0043 0.2558
vn 0.7093 -0.0044 0.7049
vn 0.7093 0.0043 0.7049
vn 0.2617 -0.0043 0.9651
vn 0.2618 0.0044 0.9651
vn -0.2559 -0.0042 0.9667
vn -0.2559 0.0042 0.9667
vn -0.7049 -0.0043 0.7093
vn -0.7049 0.0043 0.7093
vn -0.9651 -0.0044 0.2618
vn -0.9651 0.0044 0.2618
vn -0.9667 -0.0043 -0.2559
vn -0.9667 0.0043 -0.2559
vn -0.7093 -0.0042 -0.7049
vn -0.7093 0.0042 -0.7049
vn 0.0402 -0.9876 -0.1517
vn 0.8256 0.5178 -0.2240
vn 0.6488 0.3912 -0.6527
vn -0.0915 0.9369 -0.3373
vn -0.2327 0.4580 -0.8580
vn 0.6305 0.4580 0.6267
vn 0.3528 0.9310 0.0934
vn 0.8897 0.3912 0.2355
vn 0.2424 0.9398 0.2409
vn 0.0915 0.9369 0.3373
vn -0.2387 0.9398 0.2445
vn -0.0802 0.9496 0.3030
vn -0.6266 0.4580 0.6306
vn -0.3599 0.9279 0.0976
vn -0.8594 0.4580 -0.2274
vn -0.8882 0.3912 0.2410
vn -0.6305 0.4580 -0.6267
vn -0.3303 0.9398 -0.0874
vn -0.2367 0.9427 -0.2353
vn 0.7041 0.0500 -0.7084
vn 0.3099 0.9470 -0.0841
vn 0.2556 0.0476 -0.9656
vn 0.9638 0.0524 -0.2614
vn 0.9656 0.0476 0.2556
vn -0.7083 0.0524 -0.7040
vn -0.7040 0.0524 0.7083
vn 0.7084 0.0500 0.7041
vn -0.2614 0.0500 -0.9639
vn -0.9640 0.0476 0.2615
vn 0.2614 0.0500 0.9639
vn -0.9655 0.0500 -0.2555
vn 0.2040 0.9558 -0.2117
vn 0.2960 0.9518 -0.0800
vn 0.2717 0.9597 0.0720
vn 0.2117 0.9558 0.2040
vn 0.0814 0.9558 0.2826
vn -0.0708 0.9558 0.2854
vn -0.2165 0.9518 0.2171
vn -0.2714 0.9597 0.0734
vn -0.2854 0.9558 -0.0708
vn -0.2173 0.9518 -0.2163
vn -0.0726 0.9558 -0.2849
vn 0.0721 0.9597 -0.2717
vn -0.0000 1.0000 -0.0000
vn -0.0743 -0.9518 0.2977
vn 0.0743 -0.9518 -0.2976
vn 0.0744 -0.9518 0.2976
vn -0.0000 -0.0000 -1.0000
vn -1.0000 -0.0000 -0.0000
vn -0.0744 0.9518 0.2976
vn 0.0743 0.9518 -0.2976
vn -0.0744 0.9518 -0.2976
vn 1.0000 -0.0000 -0.0000
vn -0.0000 -0.0000 1.0000
vn -0.1224 -0.9463 0.2991
vn 0.0257 -0.9550 -0.2956
vn 0.0256 -0.9550 0.2956
vn 0.0233 0.9558 0.2930
vn 0.1695 0.9388 -0.2999
vn 0.0233 0.9558 -0.2931
vn 0.0014 -0.9557 0.2942
vn 0.1487 -0.9424 -0.2995
vn 0.1487 -0.9424 0.2996
vn -0.2303 0.9257 0.3002
vn -0.0882 0.9533 -0.2888
vn -0.2303 0.9257 -0.3001
vn -0.0001 -0.0000 1.0000
vn 0.0744 0.9518 0.2976
vn -0.0744 -0.9518 -0.2976
vn 0.1695 0.9388 0.2999
vn -0.1223 -0.9464 -0.2990
vn -0.0882 0.9533 0.2888
vn 0.0015 -0.9557 -0.2942
vn -0.9842 0.0319 0.1742
vn -0.9842 -0.0319 -0.1742
vn -0.9842 -0.0319 0.1742
vn 0.9842 0.0319 -0.1742
vn -0.9842 0.0319 -0.1742
vn 0.9842 0.0319 0.1742
vn 0.0001 0.2499 0.9683
vn -0.0001 0.2426 0.9701
vn 0.9842 -0.0319 -0.1742
vn 0.9842 -0.0319 0.1742
vn -0.0000 -0.2426 0.9701
vn -0.0000 -0.2499 0.9683
vn -0.0000 -1.0000 0.0001
vn 0.0001 1.0000 -0.0000
vn 0.0001 0.2844 0.9587
vn -0.0001 0.2909 0.9567
vn 0.0001 -0.2909 0.9568
vn -0.0000 -0.2844 0.9587
vn -0.0000 0.2888 0.9574
vn -0.0001 0.2838 0.9589
vn -0.0000 -0.2838 0.9589
vn -0.0000 -0.2888 0.9574
vn 0.9107 0.4130 -0.0001
vn 0.9107 0.4130 0.0001
vn 0.9108 0.4129 -0.0000
vn 0.1030 -0.9498 -0.2955
vn -0.0725 -0.9379 0.3392
vn -0.0725 -0.9379 -0.3392
vn -0.0730 0.0472 -0.9962
vn 0.9108 0.4130 -0.0000
vn 0.9108 0.4130 -0.0001
vn -0.9107 -0.4130 0.0001
vn -0.9108 -0.4129 -0.0001
vn -0.9107 -0.4130 -0.0000
vn -0.9108 -0.4130 -0.0001
vn -0.0001 -0.0000 -1.0000
vn -0.0530 -0.9423 -0.3305
vn 0.0675 -0.9757 0.2083
vn -0.0530 -0.9423 0.3305
vn -0.9784 -0.0269 0.2050
vn -0.9838 0.0495 -0.1725
vn -0.9784 -0.0269 -0.2050
vn -0.1297 0.9472 0.2933
vn 0.0905 0.9374 -0.3363
vn -0.1296 0.9472 -0.2933
vn -0.0675 0.9757 0.2083
vn 0.0530 0.9423 -0.3305
vn -0.0676 0.9757 -0.2082
vn 0.9790 0.0413 -0.1997
vn 0.2185 0.0882 0.9718
vn 0.9790 0.0413 0.1997
vn 0.9824 -0.0789 -0.1695
vn 0.0560 -0.0738 -0.9957
vn -0.2081 -0.1222 0.9705
vn 0.9824 -0.0789 0.1695
vn 0.1319 -0.1737 0.9759
vn 0.1030 -0.9498 0.2955
vn -0.2215 -0.0848 0.9715
vn -0.9108 -0.4129 0.0001
vn -0.9838 0.0495 0.1725
vn -0.2031 0.1315 0.9703
vn 0.0906 0.9374 0.3363
vn 0.2154 0.1192 0.9692
vn 0.0001 -0.0000 -1.0000
vn 0.0676 -0.9757 -0.2082
vn -0.1882 -0.1220 0.9745
vn 0.4081 0.1208 0.9049
vn 0.9107 0.4130 -0.0000
vn -0.3835 -0.1092 0.9171
vn -0.9108 -0.4129 -0.0000
vn 0.1878 0.1222 0.9746
vn 0.0530 0.9423 0.3305
vn -0.7112 0.6994 0.0712
vn -0.7128 0.7014 -0.0000
vn 0.0253 0.0255 0.9994
vn -0.0557 -0.9984 0.0003
vn -0.0722 -0.9926 0.0976
vn -0.0554 -0.9884 0.1417
vn 0.0251 -0.0249 0.9994
vn -0.0000 -0.0313 0.9995
vn -0.0275 -0.0267 0.9993
vn -0.0476 -0.0154 0.9987
vn -0.0549 0.0001 0.9985
vn -0.0466 0.0153 0.9988
vn -0.0275 0.0267 0.9993
vn -0.0003 0.0307 0.9995
vn 0.0001 -0.0000 1.0000
vn 0.8451 -0.5346 -0.0000
vn 0.7023 -0.7082 0.0716
vn 0.7039 -0.7103 -0.0000
vn -0.0741 -0.9972 -0.0000
vn -0.0863 -0.9917 0.0948
vn 1.0000 0.0049 -0.0003
vn 0.9985 -0.0048 0.0540
vn 1.0000 -0.0049 -0.0000
vn 0.7020 0.7084 0.0730
vn 0.7040 0.7102 -0.0000
vn 0.8415 0.5296 0.1070
vn 0.8451 0.5346 -0.0003
vn -0.0769 0.9970 -0.0000
vn -0.0995 0.9905 0.0945
vn -0.0999 0.9950 -0.0000
vn -0.9488 0.3112 0.0539
vn -0.9502 0.3117 -0.0000
vn -0.9987 0.0002 0.0500
vn -0.9488 -0.3110 0.0549
vn -0.9502 -0.3117 -0.0000
vn -0.7112 -0.6994 0.0712
vn -0.7128 -0.7014 -0.0000
vn -0.0000 -0.9960 0.0894
vn -0.0524 0.9986 -0.0000
vn -0.0787 0.9921 0.0977
vn -0.0520 0.9885 0.1417
vn 0.8414 -0.5297 0.1070
vn 0.9985 0.0047 0.0539
vn -0.0004 0.9961 0.0879
vn -0.0865 -0.9963 -0.0000
vn 0.0770 0.9558 0.2838
vn 0.1130 -0.9868 -0.1157
vn 0.2549 0.9311 -0.2611
vn -0.1560 -0.9868 -0.0427
vn 0.9651 -0.0043 -0.2619
vn -0.9651 0.0045 0.2618
vn 0.0402 -0.9876 -0.1518
vn -0.0915 0.9370 -0.3373
vn 0.3527 0.9311 0.0933
vn 0.2423 0.9398 0.2409
vn 0.0915 0.9370 0.3373
vn -0.3598 0.9279 0.0976
vn -0.3304 0.9398 -0.0874
vn 0.2040 0.9558 -0.2118
vn 0.0719 0.9597 -0.2718
vn 0.2959 0.9518 -0.0803
vn 0.2717 0.9597 0.0719
vn -0.2175 0.9518 -0.2161
vn -0.2842 0.9558 -0.0752
vn -0.2161 0.9518 0.2175
vn 0.2118 0.9558 0.2040
vn -0.0726 0.9558 -0.2850
vn -0.2714 0.9597 0.0736
vn 0.2559 -0.0000 -0.9667
vn 0.7049 -0.0000 -0.7093
vn -0.2618 -0.0000 -0.9651
vn -0.7093 -0.0000 -0.7049
vn -0.2615 0.0500 -0.9639
vn -0.9667 -0.0000 -0.2559
vn -0.9651 -0.0000 0.2618
vn -0.7049 -0.0000 0.7093
vn -0.2559 -0.0000 0.9667
vn 0.2618 -0.0000 0.9651
vn -0.2556 0.0500 0.9655
vn 0.7093 -0.0000 0.7049
vn 0.2615 0.0500 0.9639
vn 0.9667 -0.0000 0.2558
vn 0.9651 -0.0000 -0.2618
vn -0.0000 0.0104 0.9999
vn -0.0401 -0.9992 -0.0000
vn -0.0742 -0.9925 0.0975
vn -0.0399 -0.9891 0.1420
vn 0.0003 -0.0113 0.9999
vn -0.0549 0.0002 0.9985
vn 0.8453 -0.5343 -0.0000
vn 0.7024 -0.7082 0.0716
vn -0.0744 -0.9972 -0.0000
vn -0.0824 -0.9919 0.0970
vn -0.0506 0.9940 0.0969
vn -0.0745 0.9972 -0.0000
vn -0.0510 0.9987 -0.0000
vn 1.0000 0.0049 -0.0002
vn 0.9985 -0.0048 0.0542
vn -0.0827 -0.9966 -0.0000
vn -0.0666 -0.9932 0.0952
vn 0.7039 0.7103 -0.0000
vn 0.8411 0.5301 0.1073
vn 0.8448 0.5350 -0.0001
vn -0.1569 0.9833 0.0923
vn -0.1573 0.9875 -0.0000
vn -0.9488 0.3112 0.0538
vn -0.9488 -0.3110 0.0548
vn -0.0688 0.9875 0.1420
vn -0.0692 0.9976 -0.0000
vn 0.8416 -0.5294 0.1069
vn 0.9986 0.0048 0.0530
vn -0.0004 0.9961 0.0878
vn -0.0741 0.9924 0.0986
vn -0.0667 -0.9978 -0.0005
vn 0.0007 0.0102 0.9999
vn -0.0309 -0.9995 -0.0001
vn -0.0686 -0.9929 0.0975
vn -0.0311 -0.9893 0.1426
vn 0.0011 -0.0108 0.9999
vn 0.0094 0.0055 0.9999
vn 0.8453 -0.5342 -0.0000
vn -0.0012 -0.0164 0.9999
vn -0.0008 0.0139 0.9999
vn -0.0617 0.9934 0.0970
vn -0.0741 0.9973 -0.0000
vn -0.0619 0.9981 -0.0000
vn -0.0689 -0.9976 -0.0000
vn -0.0604 -0.9935 0.0969
vn -0.0612 -0.9981 -0.0000
vn -0.0793 -0.9919 0.0991
vn 1.0000 0.0049 -0.0000
vn 0.9986 -0.0048 0.0524
vn 1.0000 -0.0048 -0.0000
vn -0.0742 0.9925 0.0976
vn -0.0867 0.9962 -0.0000
vn -0.0797 -0.9968 -0.0000
vn -0.1949 -0.9766 0.0906
vn 0.8411 0.5301 0.1072
vn 0.8448 0.5350 0.0001
vn -0.0862 0.9915 0.0970
vn -0.0591 0.9983 -0.0000
vn -0.0635 0.9877 0.1427
vn -0.0637 0.9980 -0.0000
vn 0.8417 -0.5293 0.1068
vn -0.0592 0.9937 0.0951
vn 0.9985 0.0048 0.0542
vn 0.0088 -0.0055 0.9999
vn -0.1953 -0.9807 0.0003
vn -0.2558 -0.0042 0.9667
vn -0.2388 0.9398 0.2445
vn 0.7084 0.0500 0.7040
vn 0.2959 0.9518 -0.0801
vn 0.2716 0.9597 0.0722
vn 0.0813 0.9558 0.2826
vn -0.2163 0.9518 0.2173
vn -0.2714 0.9597 0.0735
vn 0.0720 0.9597 -0.2717
vn -0.0198 0.9552 0.2953
vn 0.1282 0.9456 -0.2991
vn -0.0198 0.9552 -0.2953
vn -0.0175 -0.9552 0.2953
vn 0.1303 -0.9453 -0.2992
vn 0.1303 -0.9453 0.2992
vn -0.1329 0.9449 0.2993
vn 0.0148 0.9554 -0.2951
vn -0.1330 0.9449 -0.2992
vn -0.0743 -0.9518 0.2976
vn 0.1159 -0.9472 -0.2989
vn 0.1159 -0.9472 0.2989
vn 0.1281 0.9456 0.2992
vn -0.0323 -0.9547 -0.2959
vn -0.0324 -0.9547 0.2959
vn 0.0148 0.9553 0.2951
vn -0.0176 -0.9553 -0.2952
vn -0.9416 0.3093 -0.1334
vn 0.7019 0.6918 -0.1696
vn 0.7128 0.7014 -0.0000
vn 0.9910 0.0481 -0.1250
vn 0.9502 0.3117 -0.0000
vn 0.9988 0.0487 -0.0000
vn 0.9175 0.2717 -0.2904
vn 0.9751 0.1288 -0.1804
vn 0.9849 0.1079 -0.1350
vn -0.9988 0.0486 -0.0000
vn -0.9924 -0.0201 -0.1214
vn -0.9998 -0.0211 -0.0000
vn 0.9417 0.3089 -0.1337
vn 0.9916 -0.0202 -0.1275
vn 0.0002 -0.7107 -0.7035
vn 0.6203 -0.6362 -0.4588
vn 0.0014 -0.8206 -0.5716
vn -0.9751 0.1291 -0.1802
vn -0.9175 0.2718 -0.2904
vn -0.9852 0.1070 -0.1342
vn -0.9533 -0.2345 0.1902
vn -0.0421 0.0412 -0.9983
vn -0.0703 0.0232 -0.9973
vn -0.0317 0.0316 -0.9990
vn 0.9537 -0.2336 0.1894
vn 0.1445 -0.9891 -0.0280
vn -0.1363 -0.7285 0.6714
vn 0.1342 -0.7239 0.6767
vn -0.1185 -0.9632 -0.2414
vn -0.1664 -0.2234 -0.9604
vn -0.3154 0.1360 -0.9391
vn 0.6136 0.5573 -0.5594
vn 0.9070 0.3070 -0.2883
vn -0.7025 0.6912 -0.1696
vn -0.6203 0.6362 -0.4588
vn -0.0002 0.7107 -0.7035
vn -0.6136 0.5575 -0.5592
vn 0.7128 -0.7014 -0.0000
vn 0.9417 -0.3089 -0.1337
vn 0.9502 -0.3117 -0.0000
vn -0.7019 -0.6918 -0.1697
vn -0.9988 -0.0487 -0.0000
vn -0.9417 -0.3089 -0.1337
vn -0.9743 -0.1278 -0.1858
vn -0.9175 -0.2717 -0.2904
vn -0.9070 -0.3070 -0.2883
vn 0.9910 -0.0482 -0.1250
vn 0.9998 0.0211 -0.0000
vn 0.9988 -0.0487 -0.0000
vn -0.9923 0.0201 -0.1222
vn -0.9910 -0.0481 -0.1250
vn 0.1060 -0.4091 0.9063
vn -0.1098 -0.4089 0.9060
vn -0.6194 -0.6372 -0.4586
vn 0.9175 -0.2718 -0.2904
vn 0.9751 -0.1291 -0.1802
vn 0.9067 -0.3074 -0.2888
vn 0.9533 0.2345 0.1902
vn 0.9610 0.2676 -0.0694
vn -0.9537 0.2336 0.1894
vn -0.9601 0.2629 -0.0955
vn 0.1363 0.7285 0.6713
vn -0.1157 0.9649 -0.2358
vn 0.1430 0.9895 -0.0231
vn -0.6136 -0.5573 -0.5594
vn 0.7025 -0.6912 -0.1696
vn 0.6136 -0.5575 -0.5592
vn 0.1110 -0.0362 -0.9932
vn 0.1520 -0.0072 -0.9884
vn 0.0706 -0.0232 -0.9972
vn 0.0421 -0.0412 -0.9983
vn 0.0317 -0.0316 -0.9990
vn 0.1171 -0.0143 -0.9930
vn 0.1803 0.2054 -0.9619
vn -0.1238 -0.0139 -0.9922
vn -0.1672 0.2288 -0.9590
vn -0.3091 -0.1551 -0.9383
vn 0.0370 0.9993 -0.0000
vn -0.0346 0.9736 -0.2257
vn -0.0369 0.9993 -0.0000
vn -0.1126 -0.0367 -0.9930
vn -0.1517 -0.0072 -0.9884
vn -0.0424 -0.0416 -0.9982
vn -0.0706 -0.0232 -0.9972
vn -0.0000 -0.0428 -0.9991
vn -0.0317 -0.0316 -0.9990
vn -0.0000 -0.0321 -0.9995
vn -0.0000 -0.3841 -0.9233
vn -0.5325 -0.3211 -0.7832
vn -0.0000 -0.1857 -0.9826
vn -0.5007 -0.1579 -0.8511
vn -0.0000 -0.0555 -0.9985
vn -0.4901 -0.0474 -0.8704
vn -0.0000 0.0555 -0.9985
vn -0.5007 0.1579 -0.8511
vn -0.4921 0.0473 -0.8693
vn -0.5325 0.3210 -0.7832
vn -0.0000 0.1857 -0.9826
vn -0.0000 0.3842 -0.9233
vn -0.0000 0.0428 -0.9991
vn -0.0000 0.0321 -0.9995
vn -0.8840 -0.1664 -0.4369
vn -0.8709 -0.0817 -0.4846
vn -0.8666 0.0240 -0.4985
vn -0.8687 -0.0239 -0.4947
vn -0.8709 0.0817 -0.4846
vn -0.8840 0.1664 -0.4369
vn -0.1107 0.0361 -0.9932
vn -0.1488 0.0065 -0.9889
vn -0.9849 -0.1079 -0.1350
vn -0.9772 -0.0627 -0.2030
vn -0.9738 -0.0285 -0.2258
vn -0.9730 -0.0076 -0.2307
vn -0.9741 0.0282 -0.2242
vn -0.9732 0.0077 -0.2296
vn -0.9772 0.0627 -0.2030
vn -0.9067 0.3074 -0.2888
vn 0.9772 0.0627 -0.2030
vn 0.9140 -0.1852 0.3609
vn -0.1060 0.4091 0.9063
vn -0.1342 0.7239 0.6767
vn 0.1099 0.4089 0.9060
vn -0.1007 0.2082 0.9729
vn 0.1002 0.0644 0.9929
vn 0.1015 0.2057 0.9734
vn 0.1020 -0.0635 0.9928
vn -0.1020 0.0635 0.9928
vn 0.1007 -0.2082 0.9729
vn -0.1002 -0.0667 0.9927
vn -0.1015 -0.2057 0.9733
vn -0.1172 0.0143 -0.9930
vn -0.9140 0.1852 0.3609
vn -0.8448 0.0392 0.5337
vn -0.8714 0.1156 0.4767
vn -0.8452 -0.0394 0.5330
vn -0.9141 -0.1850 0.3608
vn -0.8712 -0.1157 0.4771
vn 0.1803 -0.2055 -0.9619
vn 0.1179 0.0142 -0.9929
vn 0.1519 0.0072 -0.9884
vn 0.9772 -0.0627 -0.2030
vn 0.9851 -0.1070 -0.1343
vn 0.9741 -0.0282 -0.2242
vn 0.9141 0.1850 0.3608
vn 0.8452 0.0394 0.5330
vn 0.8712 0.1157 0.4772
vn 0.9731 -0.0076 -0.2303
vn 0.8448 -0.0392 0.5336
vn 0.9738 0.0285 -0.2257
vn 0.9731 0.0077 -0.2301
vn 0.8714 -0.1156 0.4767
vn -0.0369 -0.9993 -0.0003
vn 0.0347 -0.9743 -0.2225
vn 0.0369 -0.9993 -0.0000
vn 0.8840 -0.1664 -0.4369
vn 0.8709 -0.0817 -0.4846
vn 0.8679 -0.0238 -0.4962
vn 0.8674 0.0242 -0.4970
vn 0.8709 0.0817 -0.4846
vn 0.8840 0.1664 -0.4369
vn 0.1126 0.0367 -0.9930
vn 0.5325 -0.3210 -0.7831
vn 0.5007 -0.1579 -0.8511
vn 0.4915 -0.0471 -0.8696
vn 0.4906 0.0475 -0.8701
vn 0.5008 0.1580 -0.8510
vn 0.5325 0.3210 -0.7831
vn 0.0424 0.0416 -0.9982
vn 0.0706 0.0232 -0.9972
vn 0.0317 0.0316 -0.9990
vn 0.3166 0.1352 -0.9389
vn -0.9610 -0.2677 -0.0694
vn -0.0352 -0.9736 -0.2255
vn 0.3164 -0.1352 -0.9390
vn 0.0347 0.9743 -0.2226
vn 0.9916 0.0202 -0.1274
vn -0.0000 0.9789 -0.2042
vn -0.9917 0.0488 -0.1190
vn 0.9998 -0.0212 -0.0001
vn 0.9611 -0.2675 -0.0691
vn 0.6194 0.6371 -0.4586
vn -0.0008 0.8206 -0.5716
vn -0.0000 -0.9789 -0.2042
vn -0.9998 0.0212 0.0002
vn 0.1556 -0.9869 -0.0437
vn 0.0423 -0.9868 0.1560
vn -0.0402 -0.9876 0.1517
vn -0.1140 -0.9868 0.1147
vn -0.1562 -0.9869 -0.0414
vn -0.1094 -0.9880 -0.1088
vn -0.0814 -0.9958 -0.0429
vn -0.8801 0.0417 -0.4730
vn -0.9996 -0.0281 0.0031
vn -0.8801 -0.0418 -0.4729
vn 0.1076 0.9880 -0.1106
vn 0.0812 0.9958 -0.0435
vn 0.1556 0.9868 -0.0437
vn 0.1567 0.9868 0.0400
vn 0.1156 0.9868 0.1130
vn 0.0436 0.9861 0.1606
vn -0.0401 0.9876 0.1518
vn -0.1130 0.9868 0.1157
vn -0.1606 0.9861 0.0436
vn -0.1559 0.9868 -0.0428
vn -0.1083 0.9880 -0.1099
vn -0.0814 0.9958 -0.0429
vn -0.2486 0.9686 0.0009
vn 0.8772 -0.0417 -0.4783
vn 0.9996 0.0281 -0.0032
vn 0.8772 0.0418 -0.4783
vn 0.0811 -0.9958 -0.0434
vn 0.7045 0.0250 -0.7093
vn -0.7088 0.0250 -0.7050
vn -0.9664 -0.0250 -0.2558
vn -0.9663 0.0250 -0.2561
vn -0.9648 -0.0257 0.2617
vn -0.9648 0.0257 0.2617
vn -0.7047 -0.0250 0.7091
vn -0.7044 0.0250 0.7093
vn -0.2558 -0.0242 0.9664
vn -0.2558 0.0242 0.9664
vn 0.2617 -0.0250 0.9648
vn 0.2617 0.0257 0.9648
vn 0.7090 -0.0258 0.7047
vn 0.7093 0.0250 0.7045
vn 0.9664 -0.0250 0.2558
vn 0.9665 0.0250 0.2554
vn 0.9648 -0.0250 -0.2617
vn 0.9647 0.0250 -0.2621
vn 0.7047 -0.0250 -0.7091
vn -0.2485 -0.9686 0.0008
vn 0.2485 -0.9686 -0.0007
vn -0.7090 -0.0250 -0.7047
vn 0.1077 -0.9880 -0.1106
vn 0.2485 0.9686 -0.0008
vn -0.9996 0.0280 0.0031
vn 0.9996 -0.0280 -0.0031
vn 0.1663 -0.9841 -0.0623
vn 0.1751 -0.9841 0.0291
vn 0.1614 -0.9738 0.1605
vn 0.0303 -0.9841 0.1749
vn -0.0308 -0.9927 0.1163
vn -0.1129 -0.9841 0.1370
vn -0.2196 -0.9738 0.0596
vn -0.1666 -0.9841 -0.0612
vn -0.1109 -0.9846 -0.1348
vn -0.0925 -0.9945 -0.0488
vn -0.8802 0.0332 -0.4734
vn -0.9999 -0.0144 0.0031
vn -0.8791 -0.0631 -0.4725
vn 0.1101 0.9846 -0.1355
vn 0.0769 0.9962 -0.0412
vn 0.1663 0.9841 -0.0622
vn 0.1750 0.9841 0.0292
vn 0.1370 0.9841 0.1129
vn 0.0596 0.9738 0.2196
vn -0.0308 0.9927 0.1163
vn -0.1128 0.9841 0.1370
vn -0.2196 0.9738 0.0596
vn -0.1666 0.9841 -0.0612
vn -0.1109 0.9846 -0.1348
vn -0.0925 0.9945 -0.0488
vn -0.2539 0.9672 0.0008
vn 0.8773 -0.0332 -0.4787
vn 0.9999 0.0144 -0.0032
vn 0.8762 0.0631 -0.4779
vn 0.0769 -0.9962 -0.0412
vn 0.6452 0.0283 -0.7635
vn -0.2539 -0.9672 0.0008
vn 0.4156 -0.9096 -0.0014
vn 0.9405 0.0283 -0.3386
vn 0.7648 -0.0283 -0.6437
vn 0.9838 0.0283 0.1770
vn 0.9841 -0.0283 -0.1751
vn 0.7635 0.0283 0.6452
vn 0.9398 -0.0283 0.3405
vn 0.3437 0.0196 0.9389
vn 0.6459 -0.0196 0.7632
vn -0.1742 0.0367 0.9840
vn 0.1830 -0.0283 0.9827
vn -0.6452 0.0283 0.7635
vn -0.3354 -0.0367 0.9414
vn -0.9389 0.0196 0.3437
vn -0.7648 -0.0283 0.6437
vn -0.9852 0.0283 -0.1690
vn -0.9839 -0.0196 0.1778
vn -0.7687 0.0283 -0.6390
vn -0.9425 -0.0283 -0.3329
vn -0.6498 -0.0283 -0.7595
vn 0.1101 -0.9846 -0.1355
vn 0.4155 0.9096 -0.0013
vn -0.9996 0.0281 0.0031
vn 0.9996 -0.0281 -0.0031
vn -0.0401 -0.9876 0.1518
vn -0.1139 -0.9868 0.1147
vn -0.1605 -0.9861 0.0436
vn -0.1563 -0.9868 -0.0414
vn -0.1095 -0.9880 -0.1088
vn -0.0815 -0.9957 -0.0430
vn -0.8801 0.0418 -0.4730
vn -0.9996 -0.0281 0.0029
vn -0.8801 -0.0417 -0.4729
vn 0.0811 0.9958 -0.0434
vn 0.1566 0.9868 0.0400
vn 0.1156 0.9869 0.1130
vn 0.0436 0.9861 0.1605
vn -0.0401 0.9876 0.1517
vn -0.1129 0.9869 0.1156
vn -0.1605 0.9861 0.0436
vn -0.2485 0.9686 0.0006
vn 0.9996 0.0281 -0.0031
vn 0.8772 0.0417 -0.4783
vn 0.0811 -0.9958 -0.0435
vn -0.9663 0.0250 -0.2562
vn -0.9648 -0.0258 0.2617
vn -0.9648 0.0258 0.2617
vn -0.7045 0.0250 0.7093
vn 0.2617 0.0258 0.9648
vn 0.7047 -0.0250 -0.7090
vn 0.2485 -0.9686 -0.0006
vn 0.9416 0.3093 0.1334
vn -0.7019 0.6918 0.1696
vn -0.9910 0.0481 0.1250
vn -0.9988 0.0487 -0.0000
vn -0.9175 0.2717 0.2904
vn -0.9751 0.1288 0.1804
vn -0.9849 0.1079 0.1350
vn 0.9988 0.0486 -0.0000
vn 0.9924 -0.0201 0.1214
vn 0.9998 -0.0211 -0.0000
vn -0.9417 0.3089 0.1337
vn -0.9916 -0.0202 0.1275
vn -0.0002 -0.7107 0.7035
vn -0.6203 -0.6362 0.4588
vn -0.0014 -0.8206 0.5716
vn 0.9751 0.1291 0.1802
vn 0.9175 0.2718 0.2904
vn 0.9852 0.1070 0.1342
vn 0.9533 -0.2345 -0.1902
vn 0.0421 0.0412 0.9983
vn 0.0703 0.0232 0.9973
vn 0.0317 0.0316 0.9990
vn -0.9537 -0.2336 -0.1893
vn -0.1445 -0.9891 0.0280
vn 0.1363 -0.7285 -0.6714
vn -0.1342 -0.7239 -0.6767
vn 0.1185 -0.9632 0.2414
vn 0.1664 -0.2234 0.9604
vn 0.3154 0.1360 0.9391
vn -0.6136 0.5573 0.5594
vn -0.9070 0.3070 0.2883
vn 0.7025 0.6912 0.1696
vn 0.6203 0.6362 0.4588
vn 0.0002 0.7107 0.7035
vn 0.6136 0.5575 0.5592
vn -0.9417 -0.3089 0.1337
vn 0.7019 -0.6918 0.1697
vn 0.9417 -0.3089 0.1337
vn 0.9743 -0.1278 0.1858
vn 0.9175 -0.2717 0.2904
vn 0.9070 -0.3070 0.2883
vn -0.9910 -0.0482 0.1250
vn -0.9998 0.0211 -0.0000
vn 0.9923 0.0201 0.1222
vn 0.9910 -0.0481 0.1250
vn -0.1060 -0.4091 -0.9063
vn 0.1098 -0.4089 -0.9060
vn 0.6194 -0.6372 0.4586
vn -0.9175 -0.2718 0.2904
vn -0.9751 -0.1291 0.1802
vn -0.9067 -0.3074 0.2888
vn -0.9533 0.2345 -0.1902
vn -0.9610 0.2676 0.0694
vn 0.9537 0.2336 -0.1894
vn 0.9601 0.2629 0.0955
vn -0.1363 0.7285 -0.6713
vn 0.1157 0.9649 0.2358
vn -0.1430 0.9895 0.0231
vn 0.6136 -0.5573 0.5594
vn -0.7025 -0.6912 0.1696
vn -0.6136 -0.5575 0.5592
vn -0.1110 -0.0362 0.9932
vn -0.1519 -0.0072 0.9884
vn -0.0706 -0.0232 0.9972
vn -0.0421 -0.0412 0.9983
vn -0.0317 -0.0316 0.9990
vn -0.1171 -0.0143 0.9930
vn -0.1803 0.2054 0.9619
vn 0.1238 -0.0139 0.9922
vn 0.1672 0.2288 0.9590
vn 0.3091 -0.1551 0.9383
vn -0.0370 0.9993 -0.0000
vn 0.0346 0.9736 0.2257
vn 0.0369 0.9993 -0.0000
vn 0.1126 -0.0367 0.9930
vn 0.1517 -0.0072 0.9884
vn 0.0424 -0.0416 0.9982
vn 0.0706 -0.0232 0.9972
vn -0.0000 -0.0428 0.9991
vn 0.0317 -0.0316 0.9990
vn -0.0000 -0.0321 0.9995
vn -0.0000 -0.3842 0.9233
vn 0.5325 -0.3211 0.7832
vn -0.0000 -0.1857 0.9826
vn 0.5007 -0.1579 0.8511
vn -0.0000 -0.0554 0.9985
vn 0.4901 -0.0474 0.8704
vn -0.0000 0.0556 0.9985
vn 0.5007 0.1579 0.8511
vn 0.4921 0.0473 0.8692
vn 0.5325 0.3210 0.7832
vn -0.0000 0.1857 0.9826
vn -0.0000 0.3842 0.9233
vn -0.0000 0.0428 0.9991
vn -0.0000 0.0321 0.9995
vn 0.8840 -0.1664 0.4369
vn 0.8709 -0.0817 0.4846
vn 0.8666 0.0240 0.4984
vn 0.8687 -0.0239 0.4947
vn 0.8709 0.0817 0.4846
vn 0.8840 0.1664 0.4369
vn 0.1107 0.0361 0.9932
vn 0.1488 0.0065 0.9889
vn 0.9849 -0.1079 0.1350
vn 0.9772 -0.0627 0.2031
vn 0.9738 -0.0285 0.2258
vn 0.9730 -0.0076 0.2307
vn 0.9741 0.0282 0.2242
vn 0.9733 0.0077 0.2296
vn 0.9772 0.0627 0.2030
vn 0.9067 0.3074 0.2888
vn -0.9772 0.0627 0.2030
vn -0.9140 -0.1852 -0.3609
vn 0.1060 0.4091 -0.9063
vn 0.1342 0.7239 -0.6767
vn -0.1099 0.4089 -0.9060
vn 0.1007 0.2082 -0.9729
vn -0.1002 0.0644 -0.9929
vn -0.1015 0.2057 -0.9734
vn -0.1020 -0.0635 -0.9928
vn 0.1020 0.0635 -0.9928
vn -0.1007 -0.2082 -0.9729
vn 0.1002 -0.0667 -0.9927
vn 0.1015 -0.2057 -0.9733
vn 0.1172 0.0143 0.9930
vn 0.9140 0.1852 -0.3609
vn 0.8448 0.0392 -0.5336
vn 0.8714 0.1156 -0.4767
vn 0.8452 -0.0394 -0.5331
vn 0.9141 -0.1850 -0.3608
vn 0.8712 -0.1157 -0.4771
vn -0.1803 -0.2055 0.9619
vn -0.1179 0.0142 0.9929
vn -0.1519 0.0072 0.9884
vn -0.9772 -0.0627 0.2029
vn -0.9851 -0.1070 0.1343
vn -0.9741 -0.0282 0.2242
vn -0.9141 0.1850 -0.3608
vn -0.8452 0.0394 -0.5330
vn -0.8712 0.1157 -0.4772
vn -0.9731 -0.0076 0.2302
vn -0.8448 -0.0392 -0.5336
vn -0.9738 0.0285 0.2256
vn -0.9731 0.0077 0.2302
vn -0.8714 -0.1156 -0.4767
vn 0.0369 -0.9993 -0.0004
vn -0.0347 -0.9743 0.2225
vn -0.0369 -0.9993 -0.0000
vn -0.8840 -0.1664 0.4369
vn -0.8709 -0.0817 0.4846
vn -0.8679 -0.0238 0.4962
vn -0.8674 0.0242 0.4970
vn -0.8709 0.0817 0.4846
vn -0.8840 0.1664 0.4369
vn -0.1126 0.0367 0.9930
vn -0.5326 -0.3210 0.7831
vn -0.5007 -0.1579 0.8511
vn -0.4915 -0.0471 0.8696
vn -0.4906 0.0475 0.8701
vn -0.5007 0.1579 0.8511
vn -0.5325 0.3210 0.7831
vn -0.0424 0.0416 0.9982
vn -0.0706 0.0232 0.9972
vn -0.0317 0.0316 0.9990
vn -0.3166 0.1352 0.9389
vn 0.9610 -0.2677 0.0694
vn 0.0352 -0.9736 0.2255
vn -0.3164 -0.1352 0.9390
vn -0.0347 0.9743 0.2226
vn -0.9916 0.0202 0.1274
vn -0.0000 0.9789 0.2042
vn 0.9917 0.0488 0.1190
vn -0.9998 -0.0212 -0.0002
vn -0.9611 -0.2675 0.0691
vn -0.6194 0.6371 0.4586
vn 0.0008 0.8206 0.5716
vn -0.0000 -0.9789 0.2042
vn 0.9998 0.0212 -0.0002
vt 0.329594 0.791379
vt 0.327626 0.760924
vt 0.329594 0.760924
vt 0.498921 0.071159
vt 0.496565 0.070114
vt 0.498921 0.070114
vt 0.425376 0.697317
vt 0.426954 0.696408
vt 0.427861 0.699806
vt 0.424465 0.698892
vt 0.424463 0.700713
vt 0.428768 0.703205
vt 0.426947 0.703202
vt 0.430346 0.702296
vt 0.425371 0.702291
vt 0.798796 0.634765
vt 0.800765 0.635305
vt 0.799189 0.636213
vt 0.430351 0.697322
vt 0.431259 0.698899
vt 0.428775 0.696410
vt 0.307948 0.791379
vt 0.305980 0.760924
vt 0.307948 0.760924
vt 0.327626 0.791379
vt 0.325658 0.760924
vt 0.325658 0.791379
vt 0.323690 0.760924
vt 0.323690 0.791379
vt 0.321722 0.760924
vt 0.321722 0.791379
vt 0.319755 0.760924
vt 0.319755 0.791379
vt 0.317787 0.760924
vt 0.317787 0.791379
vt 0.315819 0.760924
vt 0.315819 0.791379
vt 0.313851 0.760924
vt 0.313851 0.791379
vt 0.311883 0.760924
vt 0.311883 0.791379
vt 0.309916 0.760924
vt 0.309916 0.791379
vt 0.431258 0.700720
vt 0.800227 0.633345
vt 0.799702 0.634247
vt 0.797369 0.636211
vt 0.797753 0.634761
vt 0.799713 0.631397
vt 0.801678 0.631910
vt 0.800231 0.632302
vt 0.798811 0.630872
vt 0.800770 0.630333
vt 0.797768 0.630868
vt 0.799195 0.629422
vt 0.795799 0.630328
vt 0.797376 0.629420
vt 0.796863 0.631386
vt 0.794888 0.631903
vt 0.796334 0.633330
vt 0.796337 0.632287
vt 0.796852 0.634236
vt 0.794886 0.633723
vt 0.795794 0.635300
vt 0.498921 0.076387
vt 0.496565 0.075341
vt 0.498921 0.075341
vt 0.801676 0.633730
vt 0.498921 0.064886
vt 0.496565 0.063841
vt 0.498921 0.063841
vt 0.496565 0.074296
vt 0.498921 0.074296
vt 0.496565 0.073250
vt 0.498921 0.073250
vt 0.498921 0.066977
vt 0.496565 0.065932
vt 0.498921 0.065932
vt 0.496565 0.069068
vt 0.498921 0.069068
vt 0.496565 0.072205
vt 0.498921 0.072205
vt 0.496565 0.064886
vt 0.496565 0.068023
vt 0.498921 0.068023
vt 0.496565 0.071159
vt 0.496565 0.066977
vt 0.799293 0.636589
vt 0.801044 0.635578
vt 0.802055 0.633827
vt 0.802055 0.631805
vt 0.801044 0.630054
vt 0.799293 0.629044
vt 0.797271 0.629044
vt 0.795520 0.630054
vt 0.794510 0.631805
vt 0.794510 0.633827
vt 0.795520 0.635578
vt 0.797271 0.636589
vt 0.431636 0.700818
vt 0.430624 0.702570
vt 0.428872 0.703581
vt 0.426850 0.703581
vt 0.424086 0.700818
vt 0.425098 0.702570
vt 0.424086 0.698795
vt 0.425098 0.697042
vt 0.428872 0.696031
vt 0.426850 0.696031
vt 0.430624 0.697042
vt 0.431636 0.698795
vt 0.908933 0.387675
vt 0.909102 0.386627
vt 0.909482 0.386724
vt 0.909105 0.385732
vt 0.909482 0.385625
vt 0.908933 0.384674
vt 0.908659 0.384955
vt 0.907885 0.384505
vt 0.907982 0.384125
vt 0.906990 0.384502
vt 0.906883 0.384125
vt 0.906213 0.384947
vt 0.905932 0.384674
vt 0.905763 0.385721
vt 0.905383 0.385625
vt 0.905383 0.386724
vt 0.905760 0.386617
vt 0.906205 0.387394
vt 0.905932 0.387675
vt 0.906979 0.387844
vt 0.906883 0.388224
vt 0.907982 0.388224
vt 0.907875 0.387847
vt 0.908652 0.387401
vt 0.907432 0.386174
vt 0.305980 0.791379
vt 0.496565 0.076387
vt 0.004344 0.968352
vt 0.051692 0.957704
vt 0.051692 0.968352
vt 0.140922 0.503698
vt 0.193873 0.875632
vt 0.140717 0.874400
vt 0.967691 0.510941
vt 0.978338 0.955341
vt 0.967690 0.955342
vt 0.550040 0.968351
vt 0.502693 0.957703
vt 0.550040 0.957703
vt 0.499389 0.957704
vt 0.054996 0.968352
vt 0.054996 0.957703
vt 0.006628 0.503699
vt 0.059579 0.875632
vt 0.006422 0.874401
vt 0.950826 0.552262
vt 0.940177 0.504887
vt 0.950826 0.504887
vt 0.642958 0.381820
vt 0.695479 0.007234
vt 0.696091 0.381927
vt 0.004247 0.997655
vt 0.455532 0.987007
vt 0.455532 0.997655
vt 0.950824 0.001049
vt 0.940176 0.048484
vt 0.940176 0.001049
vt 0.940176 0.051883
vt 0.950826 0.501631
vt 0.940177 0.501631
vt 0.575696 0.007236
vt 0.628217 0.381823
vt 0.575084 0.381930
vt 0.320810 0.706681
vt 0.368212 0.696033
vt 0.368211 0.706681
vt 0.492871 0.517801
vt 0.865125 0.465359
vt 0.866165 0.518429
vt 0.978333 0.448783
vt 0.967686 0.001040
vt 0.978333 0.001040
vt 0.978333 0.452244
vt 0.967685 0.499838
vt 0.967686 0.452244
vt 0.458593 0.997657
vt 0.909040 0.987010
vt 0.909040 0.997657
vt 0.844681 0.381813
vt 0.897123 0.009560
vt 0.897751 0.382854
vt 0.194869 0.880062
vt 0.199452 0.876414
vt 0.194078 0.504930
vt 0.195227 0.500362
vt 0.199452 0.504157
vt 0.005273 0.878968
vt 0.001049 0.875174
vt 0.005632 0.499269
vt 0.001049 0.502917
vt 0.139568 0.878968
vt 0.135344 0.875174
vt 0.139926 0.499269
vt 0.135343 0.502916
vt 0.060574 0.880062
vt 0.065158 0.876415
vt 0.060933 0.500363
vt 0.065157 0.504157
vt 0.059784 0.504931
vt 0.697151 0.386245
vt 0.701272 0.382758
vt 0.696588 0.002575
vt 0.701292 0.006631
vt 0.574024 0.386248
vt 0.569902 0.382760
vt 0.574587 0.002578
vt 0.569883 0.006634
vt 0.641855 0.386520
vt 0.637122 0.382532
vt 0.641254 0.001059
vt 0.642314 0.005411
vt 0.637122 0.004476
vt 0.629319 0.386522
vt 0.634053 0.382535
vt 0.629920 0.001062
vt 0.634053 0.004478
vt 0.628861 0.005413
vt 0.869799 0.464255
vt 0.865775 0.459527
vt 0.488787 0.464678
vt 0.484394 0.463617
vt 0.487711 0.459492
vt 0.843577 0.386487
vt 0.838849 0.382463
vt 0.842938 0.001084
vt 0.844000 0.005477
vt 0.838814 0.004401
vt 0.870490 0.519486
vt 0.867051 0.523595
vt 0.488261 0.518922
vt 0.492408 0.523595
vt 0.898808 0.387179
vt 0.902918 0.383740
vt 0.898244 0.004951
vt 0.902917 0.009098
vt 0.502693 0.968351
vt 0.001040 0.957703
vt 0.004344 0.957703
vt 0.978338 0.507637
vt 0.967691 0.507637
vt 0.950824 0.048484
vt 0.940177 0.555614
vt 0.940177 0.552262
vt 0.001040 0.987007
vt 0.001040 0.997655
vt 0.371590 0.706681
vt 0.978333 0.499838
vt 0.967685 0.502977
vt 0.317582 0.696033
vt 0.320810 0.696033
vt 0.978338 0.510941
vt 0.499389 0.968351
vt 0.004247 0.987007
vt 0.950824 0.051883
vt 0.967686 0.448783
vt 0.458593 0.987009
vt 0.001040 0.968352
vt 0.950826 0.555614
vt 0.371590 0.696033
vt 0.978333 0.502978
vt 0.317582 0.706681
vt 0.207142 0.607982
vt 0.246524 0.881728
vt 0.207000 0.881464
vt 0.926414 0.044180
vt 0.937102 0.355248
vt 0.926415 0.355248
vt 0.926414 0.004360
vt 0.937102 0.040863
vt 0.926414 0.040863
vt 0.937102 0.398381
vt 0.926415 0.709418
vt 0.926415 0.398381
vt 0.247417 0.885779
vt 0.251151 0.882478
vt 0.246666 0.608246
vt 0.247573 0.604041
vt 0.251150 0.607446
vt 0.583326 0.584354
vt 0.586547 0.580898
vt 0.587264 0.585264
vt 0.869361 0.584556
vt 0.865562 0.585407
vt 0.866251 0.580897
vt 0.206093 0.885669
vt 0.202515 0.882265
vt 0.206249 0.603931
vt 0.202515 0.607232
vt 0.583048 0.622199
vt 0.586846 0.621348
vt 0.586158 0.625858
vt 0.869082 0.622400
vt 0.865861 0.625857
vt 0.865144 0.621490
vt 0.926415 0.395064
vt 0.937102 0.001044
vt 0.937102 0.004360
vt 0.926415 0.358564
vt 0.937102 0.358564
vt 0.937102 0.395064
vt 0.859485 0.591143
vt 0.592924 0.615612
vt 0.593149 0.591172
vt 0.859259 0.615582
vt 0.937102 0.044180
vt 0.937102 0.709418
vt 0.926414 0.001044
vt 0.588300 0.572636
vt 0.862404 0.533202
vt 0.862140 0.572778
vt 0.912648 0.044237
vt 0.923349 0.355711
vt 0.912648 0.355711
vt 0.912648 0.004365
vt 0.923350 0.040916
vt 0.912648 0.040916
vt 0.923349 0.398900
vt 0.912649 0.710342
vt 0.912648 0.398900
vt 0.866460 0.532308
vt 0.863155 0.528570
vt 0.588565 0.533060
vt 0.584354 0.532151
vt 0.587763 0.528570
vt 0.305953 0.601027
vt 0.309129 0.597646
vt 0.309879 0.601872
vt 0.574298 0.601152
vt 0.570523 0.602006
vt 0.571207 0.597646
vt 0.866350 0.573686
vt 0.862941 0.577268
vt 0.584244 0.573530
vt 0.587550 0.577268
vt 0.306088 0.639330
vt 0.309863 0.638476
vt 0.309179 0.642837
vt 0.574433 0.639456
vt 0.571257 0.642837
vt 0.570507 0.638611
vt 0.923349 0.395579
vt 0.912648 0.395579
vt 0.923350 0.001044
vt 0.923350 0.004365
vt 0.912648 0.359031
vt 0.923349 0.359031
vt 0.314361 0.606575
vt 0.565981 0.606577
vt 0.314405 0.633906
vt 0.566025 0.633907
vt 0.923350 0.044237
vt 0.923350 0.710342
vt 0.912648 0.001044
vt 0.298422 0.608252
vt 0.258709 0.881794
vt 0.258851 0.607987
vt 0.667072 0.913740
vt 0.355633 0.924440
vt 0.355633 0.913740
vt 0.706939 0.913740
vt 0.670392 0.924440
vt 0.670392 0.913740
vt 0.312449 0.924440
vt 0.001041 0.913741
vt 0.312449 0.913740
vt 0.257957 0.603932
vt 0.254219 0.607237
vt 0.257801 0.886004
vt 0.254219 0.882595
vt 0.306196 0.678460
vt 0.309381 0.675097
vt 0.310116 0.679328
vt 0.575230 0.678628
vt 0.571448 0.679465
vt 0.572145 0.675097
vt 0.299331 0.604042
vt 0.302912 0.607451
vt 0.299175 0.886114
vt 0.298281 0.882059
vt 0.302912 0.882809
vt 0.305987 0.716755
vt 0.309768 0.715919
vt 0.309071 0.720287
vt 0.575020 0.716923
vt 0.571835 0.720287
vt 0.571100 0.716056
vt 0.315769 0.924440
vt 0.315769 0.913740
vt 0.710259 0.924440
vt 0.706939 0.924440
vt 0.352313 0.913740
vt 0.352313 0.924440
vt 0.566834 0.684056
vt 0.314383 0.711328
vt 0.314597 0.684060
vt 0.566619 0.711323
vt 0.667072 0.924440
vt 0.001041 0.924440
vt 0.710259 0.913740
vt 0.232823 0.907729
vt 0.053495 0.896998
vt 0.232823 0.896998
vt 0.254039 0.907729
vt 0.287760 0.896998
vt 0.287760 0.907729
vt 0.819434 0.840155
vt 0.803544 0.858630
vt 0.782087 0.841078
vt 0.964626 0.248535
vt 0.953895 0.031547
vt 0.964626 0.031547
vt 0.964626 0.303028
vt 0.953895 0.484830
vt 0.953894 0.303028
vt 0.292003 0.896998
vt 0.494554 0.907730
vt 0.292003 0.907729
vt 0.581790 0.874596
vt 0.581615 0.679900
vt 0.619043 0.704714
vt 0.953894 0.298785
vt 0.964626 0.250577
vt 0.964626 0.298785
vt 0.964626 0.489274
vt 0.953895 0.512066
vt 0.953895 0.489274
vt 0.964626 0.001046
vt 0.953895 0.027304
vt 0.953895 0.001046
vt 0.001044 0.896998
vt 0.049252 0.907730
vt 0.001044 0.907730
vt 0.622402 0.883687
vt 0.620776 0.888340
vt 0.618831 0.884940
vt 0.712103 0.689120
vt 0.713991 0.685795
vt 0.715643 0.690346
vt 0.611120 0.899029
vt 0.607367 0.899367
vt 0.608977 0.896379
vt 0.578130 0.873714
vt 0.580200 0.878021
vt 0.672207 0.700027
vt 0.674329 0.695777
vt 0.675872 0.699164
vt 0.704622 0.675496
vt 0.702544 0.678067
vt 0.700986 0.675156
vt 0.822963 0.838901
vt 0.821370 0.843487
vt 0.665630 0.696170
vt 0.667538 0.692902
vt 0.669138 0.697410
vt 0.805677 0.861283
vt 0.801910 0.861626
vt 0.652390 0.675521
vt 0.650293 0.678073
vt 0.648751 0.675152
vt 0.625473 0.695600
vt 0.627745 0.691246
vt 0.629308 0.694711
vt 0.778246 0.840155
vt 0.780443 0.844604
vt 0.781718 0.633967
vt 0.778246 0.630593
vt 0.780602 0.629301
vt 0.665725 0.877939
vt 0.669083 0.877168
vt 0.667135 0.881190
vt 0.628986 0.904493
vt 0.627945 0.909312
vt 0.625473 0.908021
vt 0.819189 0.658774
vt 0.820494 0.655517
vt 0.822533 0.659482
vt 0.620351 0.701452
vt 0.622402 0.705428
vt 0.675565 0.896158
vt 0.674608 0.900854
vt 0.672207 0.899609
vt 0.712392 0.869564
vt 0.715767 0.868790
vt 0.713804 0.872829
vt 0.578296 0.676599
vt 0.580584 0.675356
vt 0.237267 0.907729
vt 0.964626 0.484830
vt 0.964626 0.027304
vt 0.964626 0.512066
vt 0.953895 0.515396
vt 0.250709 0.907729
vt 0.254039 0.896998
vt 0.953894 0.248535
vt 0.496597 0.907730
vt 0.494554 0.896999
vt 0.496597 0.896999
vt 0.049252 0.896998
vt 0.053495 0.907730
vt 0.237267 0.896998
vt 0.706325 0.866470
vt 0.681713 0.884254
vt 0.681790 0.702070
vt 0.701807 0.686289
vt 0.706143 0.691436
vt 0.649482 0.686366
vt 0.659690 0.698419
vt 0.659683 0.874854
vt 0.635110 0.892620
vt 0.635218 0.697623
vt 0.953894 0.250577
vt 0.964626 0.515396
vt 0.250709 0.896998
vt 0.564828 0.945140
vt 0.567958 0.949263
vt 0.564828 0.949263
vt 0.933646 0.934612
vt 0.938471 0.938836
vt 0.930819 0.944385
vt 0.822733 0.957636
vt 0.677471 0.953514
vt 0.822733 0.953513
vt 0.922803 0.939275
vt 0.927446 0.934821
vt 0.921417 0.944177
vt 0.922718 0.948998
vt 0.926286 0.952454
vt 0.931110 0.953602
vt 0.935838 0.952130
vt 0.939150 0.948455
vt 0.940123 0.943592
vt 0.936312 0.815045
vt 0.913626 0.715582
vt 0.944903 0.715540
vt 0.823177 0.957636
vt 0.826065 0.953513
vt 0.826065 0.957636
vt 0.677471 0.957635
vt 0.558563 0.953513
vt 0.940168 0.629376
vt 0.944291 0.657409
vt 0.940168 0.657409
vt 0.571088 0.945140
vt 0.571088 0.949263
vt 0.573976 0.945140
vt 0.573976 0.949263
vt 0.719664 0.949263
vt 0.838625 0.945141
vt 0.838625 0.949262
vt 0.561698 0.945140
vt 0.561698 0.949263
vt 0.558568 0.945140
vt 0.558568 0.949263
vt 0.835457 0.953513
vt 0.838587 0.957636
vt 0.835457 0.957636
vt 0.832326 0.953513
vt 0.832326 0.957636
vt 0.829196 0.953513
vt 0.829196 0.957636
vt 0.574421 0.949263
vt 0.719664 0.945141
vt 0.934910 0.933503
vt 0.935087 0.934870
vt 0.926179 0.933748
vt 0.926038 0.935115
vt 0.945815 0.715463
vt 0.945112 0.714876
vt 0.912654 0.715512
vt 0.913400 0.714876
vt 0.940724 0.943546
vt 0.938986 0.938492
vt 0.574421 0.945140
vt 0.921494 0.815527
vt 0.923467 0.815415
vt 0.823177 0.953513
vt 0.922254 0.938952
vt 0.920807 0.944178
vt 0.922202 0.949307
vt 0.926002 0.952982
vt 0.931135 0.954200
vt 0.936164 0.952631
vt 0.939686 0.948719
vt 0.944291 0.657743
vt 0.944291 0.629376
vt 0.940168 0.629044
vt 0.944291 0.629044
vt 0.938281 0.815133
vt 0.567958 0.945140
vt 0.558563 0.957635
vt 0.838587 0.953513
vt 0.940168 0.657743
vt 0.448377 0.809079
vt 0.417923 0.811047
vt 0.417923 0.809079
vt 0.476967 0.244703
vt 0.477412 0.245480
vt 0.475740 0.245923
vt 0.414764 0.697320
vt 0.416342 0.696411
vt 0.417249 0.699810
vt 0.413852 0.698896
vt 0.413850 0.700717
vt 0.418156 0.703208
vt 0.416335 0.703206
vt 0.419734 0.702300
vt 0.414759 0.702294
vt 0.479753 0.492426
vt 0.481722 0.492966
vt 0.480145 0.493874
vt 0.419739 0.697325
vt 0.420647 0.698903
vt 0.418163 0.696413
vt 0.448377 0.830725
vt 0.417923 0.832692
vt 0.417923 0.830725
vt 0.448377 0.811047
vt 0.417923 0.813015
vt 0.448377 0.813015
vt 0.417923 0.814982
vt 0.448377 0.814983
vt 0.417923 0.816950
vt 0.448377 0.816950
vt 0.417923 0.818918
vt 0.448377 0.818918
vt 0.417923 0.820886
vt 0.448377 0.820886
vt 0.417923 0.822854
vt 0.448377 0.822854
vt 0.417923 0.824821
vt 0.448377 0.824821
vt 0.417923 0.826789
vt 0.448377 0.826789
vt 0.417923 0.828757
vt 0.448377 0.828757
vt 0.420645 0.700724
vt 0.481183 0.491007
vt 0.480658 0.491908
vt 0.478326 0.493872
vt 0.478710 0.492422
vt 0.480669 0.489058
vt 0.482635 0.489571
vt 0.481187 0.489964
vt 0.479768 0.488533
vt 0.481727 0.487995
vt 0.478725 0.488529
vt 0.480152 0.487083
vt 0.476756 0.487990
vt 0.478333 0.487081
vt 0.477819 0.489047
vt 0.475844 0.489564
vt 0.477290 0.490992
vt 0.477294 0.489949
vt 0.477808 0.491897
vt 0.475842 0.491384
vt 0.476751 0.492961
vt 0.475287 0.247592
vt 0.474512 0.247142
vt 0.482633 0.491391
vt 0.476182 0.247595
vt 0.476959 0.247150
vt 0.474070 0.245470
vt 0.474520 0.244696
vt 0.476193 0.244253
vt 0.477409 0.246376
vt 0.474067 0.246365
vt 0.475297 0.244250
vt 0.908341 0.256424
vt 0.905985 0.255378
vt 0.908341 0.255378
vt 0.908341 0.244923
vt 0.905985 0.243878
vt 0.908341 0.243878
vt 0.908341 0.245969
vt 0.905985 0.244923
vt 0.908341 0.247014
vt 0.905985 0.245969
vt 0.908341 0.248060
vt 0.905985 0.247014
vt 0.908341 0.249105
vt 0.905985 0.248060
vt 0.908341 0.250151
vt 0.905985 0.249105
vt 0.908341 0.251196
vt 0.905985 0.250151
vt 0.908341 0.252242
vt 0.905985 0.251196
vt 0.908341 0.253287
vt 0.905985 0.252242
vt 0.908341 0.254333
vt 0.905985 0.253287
vt 0.905985 0.254333
vt 0.480250 0.494250
vt 0.482001 0.493240
vt 0.483012 0.491489
vt 0.483012 0.489467
vt 0.482001 0.487716
vt 0.480250 0.486705
vt 0.478228 0.486705
vt 0.476477 0.487716
vt 0.475466 0.489467
vt 0.475466 0.491489
vt 0.476477 0.493240
vt 0.478228 0.494250
vt 0.421024 0.700821
vt 0.420012 0.702573
vt 0.418260 0.703585
vt 0.416237 0.703585
vt 0.413474 0.700821
vt 0.414485 0.702573
vt 0.413474 0.698798
vt 0.414485 0.697046
vt 0.418260 0.696035
vt 0.416237 0.696035
vt 0.420012 0.697046
vt 0.421024 0.698798
vt 0.474239 0.247423
vt 0.475190 0.247972
vt 0.476289 0.247972
vt 0.477240 0.247423
vt 0.477789 0.246472
vt 0.477789 0.245374
vt 0.477240 0.244422
vt 0.476289 0.243873
vt 0.475190 0.243873
vt 0.474239 0.244422
vt 0.473690 0.245374
vt 0.473690 0.246472
vt 0.448377 0.832693
vt 0.905985 0.256424
vt 0.817334 0.965865
vt 0.814314 0.961888
vt 0.817334 0.961888
vt 0.736378 0.900975
vt 0.740806 0.905697
vt 0.731795 0.910901
vt 0.568405 0.970267
vt 0.624203 0.974244
vt 0.568405 0.974244
vt 0.722983 0.905300
vt 0.727644 0.900685
vt 0.721470 0.910548
vt 0.722770 0.915749
vt 0.726483 0.919583
vt 0.731608 0.921047
vt 0.736776 0.919759
vt 0.740609 0.916065
vt 0.742087 0.910940
vt 0.740781 0.734647
vt 0.717962 0.675827
vt 0.752258 0.675785
vt 0.567976 0.970267
vt 0.565189 0.974244
vt 0.565189 0.970267
vt 0.624203 0.970267
vt 0.771140 0.974244
vt 0.752248 0.965866
vt 0.605438 0.961888
vt 0.752248 0.961888
vt 0.507828 0.624865
vt 0.480781 0.628841
vt 0.480781 0.624865
vt 0.771140 0.970267
vt 0.823286 0.974244
vt 0.729605 0.827353
vt 0.736547 0.827331
vt 0.811294 0.965865
vt 0.811294 0.961888
vt 0.808507 0.965865
vt 0.808507 0.961888
vt 0.553110 0.965865
vt 0.553110 0.961888
vt 0.820354 0.965865
vt 0.820354 0.961888
vt 0.823373 0.965865
vt 0.823373 0.961888
vt 0.556130 0.974244
vt 0.553110 0.970267
vt 0.556130 0.970267
vt 0.559150 0.974244
vt 0.559150 0.970267
vt 0.562169 0.974244
vt 0.562169 0.970267
vt 0.808079 0.965865
vt 0.808079 0.961888
vt 0.737396 0.900029
vt 0.737625 0.901185
vt 0.726650 0.899698
vt 0.726375 0.900852
vt 0.753117 0.675737
vt 0.752517 0.675099
vt 0.717085 0.675744
vt 0.717741 0.675099
vt 0.742733 0.910948
vt 0.741386 0.905384
vt 0.723746 0.735267
vt 0.725021 0.735176
vt 0.567976 0.974244
vt 0.722397 0.904957
vt 0.720818 0.910541
vt 0.722209 0.916067
vt 0.726157 0.920137
vt 0.731602 0.921689
vt 0.737090 0.920318
vt 0.741162 0.916393
vt 0.480458 0.628841
vt 0.507828 0.628842
vt 0.508143 0.624865
vt 0.508143 0.628842
vt 0.737949 0.827366
vt 0.742058 0.734783
vt 0.728210 0.827372
vt 0.814314 0.965865
vt 0.605438 0.965865
vt 0.823286 0.970267
vt 0.553110 0.974244
vt 0.480458 0.624865
vt 0.998954 0.006852
vt 0.995128 0.009757
vt 0.995128 0.006852
vt 0.530520 0.735372
vt 0.535503 0.731001
vt 0.541037 0.741092
vt 0.610903 0.595557
vt 0.637156 0.599382
vt 0.610903 0.599382
vt 0.535035 0.750989
vt 0.530121 0.746376
vt 0.540793 0.752521
vt 0.546477 0.751026
vt 0.550654 0.746925
vt 0.552247 0.741302
vt 0.550847 0.735634
vt 0.546826 0.731407
vt 0.541235 0.729720
vt 0.343260 0.749361
vt 0.306604 0.723994
vt 0.343574 0.729735
vt 0.610489 0.595557
vt 0.607810 0.599382
vt 0.607810 0.595557
vt 0.478099 0.743344
vt 0.411251 0.735642
vt 0.477996 0.737408
vt 0.998954 0.042026
vt 0.995128 0.135769
vt 0.995128 0.042026
vt 0.637156 0.595557
vt 0.730926 0.599382
vt 0.730926 0.595557
vt 0.830701 0.599382
vt 0.940173 0.679596
vt 0.943998 0.705611
vt 0.940173 0.705611
vt 0.998954 0.135769
vt 0.995128 0.235642
vt 0.830700 0.595556
vt 0.856143 0.599382
vt 0.998954 0.012662
vt 0.995128 0.012662
vt 0.998954 0.015342
vt 0.995128 0.015342
vt 0.998953 0.235642
vt 0.995128 0.260916
vt 0.998954 0.003947
vt 0.995128 0.003947
vt 0.998954 0.001043
vt 0.995128 0.001043
vt 0.599096 0.599382
vt 0.596192 0.595556
vt 0.599096 0.595556
vt 0.602001 0.599382
vt 0.602001 0.595557
vt 0.604905 0.599382
vt 0.604905 0.595557
vt 0.998954 0.015754
vt 0.995128 0.015754
vt 0.529664 0.734563
vt 0.530654 0.734245
vt 0.529235 0.747167
vt 0.530220 0.747522
vt 0.306530 0.723340
vt 0.305985 0.723820
vt 0.306566 0.755696
vt 0.306486 0.756333
vt 0.305985 0.755894
vt 0.541256 0.729017
vt 0.535183 0.730370
vt 0.343344 0.750177
vt 0.610489 0.599382
vt 0.534684 0.751628
vt 0.540797 0.753233
vt 0.546830 0.751638
vt 0.551262 0.747280
vt 0.552950 0.741309
vt 0.551461 0.735292
vt 0.547190 0.730805
vt 0.943998 0.705910
vt 0.943998 0.679596
vt 0.940173 0.679285
vt 0.943998 0.679285
vt 0.411317 0.734472
vt 0.343663 0.728915
vt 0.478092 0.744340
vt 0.411276 0.745506
vt 0.411326 0.746682
vt 0.477997 0.736406
vt 0.998954 0.009757
vt 0.856143 0.595556
vt 0.998953 0.260916
vt 0.596192 0.599382
vt 0.940173 0.705910
vt 0.481897 0.830721
vt 0.451442 0.832689
vt 0.451442 0.830721
vt 0.395484 0.114088
vt 0.394439 0.116444
vt 0.394439 0.114088
vt 0.435992 0.697319
vt 0.437569 0.696410
vt 0.438476 0.699808
vt 0.435080 0.698895
vt 0.435078 0.700715
vt 0.439383 0.703207
vt 0.437563 0.703204
vt 0.440961 0.702298
vt 0.435987 0.702293
vt 0.447138 0.700316
vt 0.446599 0.702286
vt 0.445691 0.700709
vt 0.440966 0.697324
vt 0.441875 0.698902
vt 0.439390 0.696412
vt 0.481897 0.828753
vt 0.451442 0.828753
vt 0.481897 0.809075
vt 0.451442 0.811043
vt 0.451442 0.809075
vt 0.481897 0.811043
vt 0.451442 0.813011
vt 0.481897 0.813011
vt 0.451442 0.814979
vt 0.481897 0.814979
vt 0.451442 0.816946
vt 0.481897 0.816946
vt 0.451442 0.818914
vt 0.481897 0.818914
vt 0.451442 0.820882
vt 0.481897 0.820882
vt 0.451442 0.822850
vt 0.481897 0.822850
vt 0.451442 0.824817
vt 0.481897 0.824817
vt 0.451442 0.826785
vt 0.481897 0.826785
vt 0.441873 0.700722
vt 0.448558 0.701747
vt 0.447657 0.701222
vt 0.445692 0.698889
vt 0.447142 0.699273
vt 0.450507 0.701233
vt 0.449993 0.703199
vt 0.449601 0.701751
vt 0.451032 0.700331
vt 0.451570 0.702291
vt 0.451036 0.699289
vt 0.452482 0.700716
vt 0.451575 0.697320
vt 0.452483 0.698896
vt 0.450518 0.698383
vt 0.450000 0.696408
vt 0.448573 0.697854
vt 0.449616 0.697858
vt 0.447668 0.698372
vt 0.448180 0.696406
vt 0.446604 0.697314
vt 0.388166 0.114088
vt 0.387120 0.116444
vt 0.387120 0.114088
vt 0.448174 0.703197
vt 0.389211 0.114088
vt 0.388166 0.116444
vt 0.399666 0.114088
vt 0.398621 0.116444
vt 0.398621 0.114088
vt 0.397575 0.116444
vt 0.397575 0.114088
vt 0.391302 0.114088
vt 0.390257 0.116444
vt 0.390257 0.114088
vt 0.393393 0.116444
vt 0.393393 0.114088
vt 0.396530 0.116444
vt 0.396530 0.114088
vt 0.389211 0.116444
vt 0.392348 0.116444
vt 0.392348 0.114088
vt 0.395484 0.116444
vt 0.391302 0.116444
vt 0.445314 0.700813
vt 0.446325 0.702564
vt 0.448076 0.703575
vt 0.450098 0.703575
vt 0.451849 0.702564
vt 0.452860 0.700813
vt 0.452860 0.698792
vt 0.451849 0.697041
vt 0.450098 0.696030
vt 0.448076 0.696030
vt 0.446325 0.697041
vt 0.445314 0.698792
vt 0.442251 0.700820
vt 0.441240 0.702572
vt 0.439488 0.703583
vt 0.437465 0.703583
vt 0.434701 0.700820
vt 0.435713 0.702572
vt 0.434701 0.698797
vt 0.435713 0.697045
vt 0.439488 0.696033
vt 0.437465 0.696033
vt 0.441240 0.697045
vt 0.442251 0.698797
vt 0.349786 0.385580
vt 0.349956 0.384532
vt 0.350336 0.384629
vt 0.349959 0.383637
vt 0.350336 0.383530
vt 0.349786 0.382579
vt 0.349513 0.382860
vt 0.348739 0.382410
vt 0.348835 0.382030
vt 0.347843 0.382407
vt 0.347737 0.382030
vt 0.347067 0.382853
vt 0.346786 0.382579
vt 0.346617 0.383627
vt 0.346237 0.383530
vt 0.346237 0.384629
vt 0.346614 0.384522
vt 0.347059 0.385299
vt 0.346786 0.385580
vt 0.347833 0.385749
vt 0.347737 0.386129
vt 0.348835 0.386129
vt 0.348729 0.385752
vt 0.349506 0.385307
vt 0.348286 0.384080
vt 0.481897 0.832689
vt 0.399666 0.116444
vt 0.508215 0.382221
vt 0.561007 0.005744
vt 0.561404 0.379597
vt 0.981405 0.004291
vt 0.992053 0.456491
vt 0.981405 0.456491
vt 0.001048 0.928393
vt 0.048422 0.939041
vt 0.001049 0.939041
vt 0.051780 0.939041
vt 0.500945 0.928392
vt 0.500945 0.939041
vt 0.504705 0.448834
vt 0.881182 0.396042
vt 0.878559 0.449231
vt 0.004290 0.953699
vt 0.051668 0.943051
vt 0.051668 0.953699
vt 0.710184 0.005872
vt 0.762703 0.380359
vt 0.709548 0.380761
vt 0.992049 0.911330
vt 0.981400 0.461579
vt 0.992049 0.461579
vt 0.555500 0.953699
vt 0.508119 0.943051
vt 0.555500 0.943051
vt 0.504875 0.943051
vt 0.055028 0.953699
vt 0.055028 0.943051
vt 0.829923 0.005775
vt 0.777404 0.380262
vt 0.776768 0.005373
vt 0.543963 0.972353
vt 0.496615 0.983001
vt 0.496615 0.972353
vt 0.576854 0.534126
vt 0.206941 0.587056
vt 0.208162 0.533921
vt 0.953890 0.523495
vt 0.964539 0.965110
vt 0.953890 0.965110
vt 0.001049 0.972353
vt 0.048396 0.983001
vt 0.001049 0.983001
vt 0.051700 0.983001
vt 0.493311 0.972353
vt 0.493311 0.983001
vt 0.073786 0.503698
vt 0.126716 0.873611
vt 0.073581 0.872390
vt 0.562565 0.384149
vt 0.566800 0.380279
vt 0.562104 0.001050
vt 0.566815 0.005040
vt 0.883110 0.450392
vt 0.879240 0.454628
vt 0.500011 0.449931
vt 0.504002 0.454642
vt 0.507208 0.386695
vt 0.502583 0.383092
vt 0.506717 0.001191
vt 0.507783 0.005521
vt 0.502583 0.004679
vt 0.885657 0.395035
vt 0.882053 0.390410
vt 0.500152 0.394544
vt 0.503641 0.390410
vt 0.504482 0.395611
vt 0.763806 0.385049
vt 0.768524 0.381053
vt 0.763340 0.005375
vt 0.764400 0.001049
vt 0.768525 0.004521
vt 0.831026 0.001085
vt 0.835744 0.005081
vt 0.831620 0.385085
vt 0.830561 0.380759
vt 0.835745 0.381613
vt 0.708489 0.385086
vt 0.704364 0.381610
vt 0.709081 0.001185
vt 0.704364 0.005185
vt 0.775708 0.001049
vt 0.771584 0.004525
vt 0.776301 0.384950
vt 0.771584 0.380949
vt 0.202517 0.588050
vt 0.206159 0.592617
vt 0.575634 0.587260
vt 0.580196 0.588405
vt 0.576408 0.592617
vt 0.072436 0.876952
vt 0.068224 0.873164
vt 0.072791 0.499274
vt 0.068224 0.502915
vt 0.203600 0.532776
vt 0.207388 0.528564
vt 0.581278 0.533131
vt 0.577637 0.528564
vt 0.127710 0.878035
vt 0.132277 0.874393
vt 0.128065 0.500356
vt 0.132277 0.504144
vt 0.126920 0.504918
vt 0.504291 0.939041
vt 0.504291 0.928392
vt 0.048422 0.928393
vt 0.551658 0.928392
vt 0.554921 0.939041
vt 0.551658 0.939041
vt 0.992053 0.001041
vt 0.981405 0.001041
vt 0.508119 0.953699
vt 0.001043 0.943051
vt 0.004290 0.943051
vt 0.992049 0.914693
vt 0.981402 0.911330
vt 0.048396 0.972353
vt 0.547267 0.983001
vt 0.543963 0.983001
vt 0.964538 0.520191
vt 0.953890 0.520191
vt 0.992053 0.004291
vt 0.051780 0.928393
vt 0.504875 0.953699
vt 0.964538 0.523495
vt 0.051700 0.972353
vt 0.554921 0.928392
vt 0.001042 0.953699
vt 0.981402 0.914693
vt 0.547267 0.972353
vt 0.872738 0.522241
vt 0.871777 0.525549
vt 0.870366 0.524634
vt 0.879240 0.523687
vt 0.877223 0.520748
vt 0.880353 0.522333
vt 0.881753 0.528348
vt 0.882549 0.524993
vt 0.883348 0.528174
vt 0.368545 0.626104
vt 0.373493 0.629647
vt 0.368278 0.627901
vt 0.869304 0.527847
vt 0.871235 0.533986
vt 0.869553 0.534083
vt 0.881056 0.525735
vt 0.881264 0.534098
vt 0.325495 0.623225
vt 0.318994 0.625504
vt 0.318759 0.623472
vt 0.373876 0.617222
vt 0.368719 0.620400
vt 0.368576 0.618566
vt 0.368537 0.618178
vt 0.874524 0.528722
vt 0.872065 0.525721
vt 0.873834 0.523888
vt 0.368204 0.628278
vt 0.371715 0.610632
vt 0.368428 0.617502
vt 0.367331 0.611744
vt 0.873874 0.533093
vt 0.871555 0.533857
vt 0.872722 0.532720
vt 0.368698 0.624669
vt 0.374613 0.627440
vt 0.875705 0.520911
vt 0.873647 0.523607
vt 0.375398 0.621433
vt 0.368794 0.623262
vt 0.368783 0.621850
vt 0.772629 0.632263
vt 0.769248 0.631432
vt 0.770037 0.630047
vt 0.771191 0.638950
vt 0.774144 0.636909
vt 0.772555 0.640066
vt 0.766693 0.643078
vt 0.769137 0.640778
vt 0.769884 0.642275
vt 0.320383 0.617210
vt 0.325561 0.620340
vt 0.319404 0.619458
vt 0.766639 0.630686
vt 0.760745 0.629372
vt 0.766917 0.629059
vt 0.760762 0.640994
vt 0.766519 0.641480
vt 0.362339 0.612777
vt 0.362984 0.617862
vt 0.318868 0.621432
vt 0.325751 0.626081
vt 0.320799 0.629649
vt 0.319661 0.627447
vt 0.326096 0.628262
vt 0.321038 0.630057
vt 0.325734 0.618091
vt 0.320580 0.616795
vt 0.326884 0.611678
vt 0.321099 0.616202
vt 0.322446 0.610541
vt 0.325502 0.621803
vt 0.774032 0.635351
vt 0.771201 0.633313
vt 0.325594 0.624640
vt 0.764739 0.632918
vt 0.766600 0.631014
vt 0.769079 0.631724
vt 0.766107 0.634240
vt 0.770920 0.633504
vt 0.762726 0.632435
vt 0.760999 0.631362
vt 0.762675 0.639642
vt 0.760901 0.640681
vt 0.761869 0.639562
vt 0.759114 0.630922
vt 0.760599 0.640698
vt 0.759114 0.641073
vt 0.764714 0.639221
vt 0.766487 0.641150
vt 0.766091 0.637919
vt 0.768976 0.640487
vt 0.766619 0.636082
vt 0.770899 0.638748
vt 0.771953 0.636113
vt 0.331280 0.623089
vt 0.331273 0.621787
vt 0.337292 0.623021
vt 0.337288 0.621768
vt 0.343814 0.622980
vt 0.343814 0.621762
vt 0.350553 0.623008
vt 0.357055 0.621793
vt 0.350555 0.621790
vt 0.363044 0.621830
vt 0.357050 0.623043
vt 0.363035 0.623125
vt 0.876369 0.528226
vt 0.876423 0.522917
vt 0.331271 0.620451
vt 0.337286 0.620492
vt 0.350559 0.620555
vt 0.343816 0.620534
vt 0.357060 0.620520
vt 0.363046 0.620502
vt 0.873183 0.530088
vt 0.871288 0.528241
vt 0.325696 0.618482
vt 0.331286 0.618771
vt 0.337291 0.618917
vt 0.343825 0.619038
vt 0.357060 0.618945
vt 0.350564 0.619048
vt 0.363032 0.618834
vt 0.374856 0.619464
vt 0.362877 0.627381
vt 0.362867 0.627695
vt 0.331338 0.617792
vt 0.325839 0.617404
vt 0.331893 0.612623
vt 0.337323 0.618011
vt 0.343998 0.613910
vt 0.337659 0.613375
vt 0.350503 0.613973
vt 0.343838 0.618167
vt 0.356732 0.613568
vt 0.350553 0.618189
vt 0.357031 0.618045
vt 0.872677 0.532106
vt 0.331288 0.618450
vt 0.343824 0.618812
vt 0.337290 0.618656
vt 0.350565 0.618824
vt 0.363032 0.618515
vt 0.357062 0.618686
vt 0.880941 0.533955
vt 0.879911 0.532196
vt 0.881425 0.528379
vt 0.331436 0.627362
vt 0.326021 0.627884
vt 0.337349 0.627111
vt 0.331446 0.627677
vt 0.343828 0.627158
vt 0.337349 0.627370
vt 0.343828 0.626935
vt 0.350530 0.627153
vt 0.356986 0.627118
vt 0.350529 0.626929
vt 0.356986 0.627375
vt 0.871133 0.535760
vt 0.880966 0.534264
vt 0.881346 0.535760
vt 0.331365 0.625710
vt 0.337324 0.625545
vt 0.343822 0.625433
vt 0.350541 0.625444
vt 0.357014 0.625557
vt 0.362949 0.625734
vt 0.879497 0.530148
vt 0.331319 0.624386
vt 0.337307 0.624273
vt 0.343818 0.624200
vt 0.350548 0.624223
vt 0.357033 0.624290
vt 0.362995 0.624416
vt 0.878199 0.528765
vt 0.880766 0.525895
vt 0.879039 0.523977
vt 0.878685 0.533138
vt 0.879846 0.532803
vt 0.373136 0.616220
vt 0.374722 0.616409
vt 0.373665 0.616806
vt 0.871536 0.534166
vt 0.761703 0.638403
vt 0.321624 0.630632
vt 0.319986 0.630529
vt 0.760685 0.631338
vt 0.760856 0.631026
vt 0.876427 0.522521
vt 0.870972 0.528160
vt 0.881694 0.535671
vt 0.870764 0.535663
vt 0.374981 0.617004
vt 0.374310 0.630523
vt 0.373258 0.630056
vt 0.374605 0.629933
vt 0.375768 0.627796
vt 0.375272 0.625498
vt 0.376508 0.625725
vt 0.375507 0.623470
vt 0.376814 0.623508
vt 0.772356 0.636112
vt 0.759202 0.641417
vt 0.317763 0.625735
vt 0.318513 0.627805
vt 0.319689 0.629939
vt 0.761764 0.633619
vt 0.319604 0.616161
vt 0.319264 0.616978
vt 0.318232 0.619173
vt 0.317621 0.621281
vt 0.317449 0.623515
vt 0.762122 0.632484
vt 0.368040 0.628936
vt 0.372675 0.630632
vt 0.326260 0.628917
vt 0.376014 0.619181
vt 0.376635 0.621279
vt 0.362795 0.628350
vt 0.356943 0.628023
vt 0.350514 0.627799
vt 0.337391 0.628017
vt 0.343844 0.627807
vt 0.331517 0.628334
vt 0.882864 0.534226
vt 0.760634 0.642596
vt 0.759207 0.630581
vt 0.685086 0.681964
vt 0.683494 0.682731
vt 0.682836 0.679350
vt 0.681736 0.682616
vt 0.680264 0.681648
vt 0.679461 0.680078
vt 0.679539 0.678315
vt 0.680480 0.676817
vt 0.682046 0.675976
vt 0.683853 0.676004
vt 0.685760 0.676995
vt 0.216873 0.602686
vt 0.214714 0.597648
vt 0.216873 0.597648
vt 0.494484 0.302735
vt 0.491139 0.301718
vt 0.492130 0.299812
vt 0.491110 0.303525
vt 0.491952 0.305091
vt 0.493450 0.306032
vt 0.495213 0.306110
vt 0.496783 0.305307
vt 0.497751 0.303835
vt 0.497865 0.302077
vt 0.497099 0.300485
vt 0.495645 0.299445
vt 0.493541 0.299096
vt 0.492413 0.296919
vt 0.238507 0.597648
vt 0.240667 0.602686
vt 0.238507 0.602686
vt 0.686475 0.678406
vt 0.236540 0.602686
vt 0.218840 0.602686
vt 0.220807 0.597648
vt 0.220807 0.602686
vt 0.222773 0.597648
vt 0.222773 0.602686
vt 0.224740 0.597648
vt 0.224740 0.602686
vt 0.226707 0.597648
vt 0.226707 0.602686
vt 0.228674 0.597648
vt 0.228674 0.602686
vt 0.230640 0.597648
vt 0.230640 0.602686
vt 0.232607 0.597648
vt 0.232607 0.602686
vt 0.234574 0.597648
vt 0.234574 0.602686
vt 0.236540 0.597648
vt 0.688014 0.675960
vt 0.688652 0.677278
vt 0.218840 0.597648
vt 0.686126 0.680510
vt 0.686827 0.678663
vt 0.686478 0.680655
vt 0.685333 0.682252
vt 0.683570 0.683101
vt 0.679985 0.681903
vt 0.681620 0.682975
vt 0.679092 0.680162
vt 0.679177 0.678206
vt 0.681951 0.675604
vt 0.680218 0.676542
vt 0.683946 0.675625
vt 0.685770 0.676557
vt 0.491691 0.299801
vt 0.490760 0.301626
vt 0.490739 0.303620
vt 0.491677 0.305353
vt 0.493340 0.306395
vt 0.495297 0.306479
vt 0.497038 0.305586
vt 0.498110 0.303952
vt 0.498236 0.302001
vt 0.497387 0.300238
vt 0.495790 0.299094
vt 0.493797 0.298744
vt 0.491095 0.297557
vt 0.492756 0.296740
vt 0.214714 0.602686
vt 0.240667 0.597648
vt 0.490739 0.297720
vt 0.688831 0.677621
vt 0.687851 0.675604
vt 0.498120 0.193723
vt 0.498887 0.195315
vt 0.495506 0.195974
vt 0.498772 0.197074
vt 0.497804 0.198546
vt 0.496234 0.199348
vt 0.494471 0.199270
vt 0.492973 0.198329
vt 0.492131 0.196764
vt 0.492160 0.194957
vt 0.493151 0.193050
vt 0.410194 0.078565
vt 0.415232 0.076405
vt 0.415232 0.078565
vt 0.558441 0.616735
vt 0.555095 0.615718
vt 0.556086 0.613811
vt 0.555066 0.617525
vt 0.555908 0.619091
vt 0.557406 0.620031
vt 0.559169 0.620109
vt 0.560739 0.619307
vt 0.561707 0.617835
vt 0.561822 0.616076
vt 0.561055 0.614485
vt 0.559601 0.613444
vt 0.557497 0.613096
vt 0.556368 0.610919
vt 0.415232 0.100198
vt 0.410194 0.102358
vt 0.410194 0.100198
vt 0.494562 0.192335
vt 0.410194 0.098231
vt 0.492116 0.190796
vt 0.493434 0.190157
vt 0.410194 0.096265
vt 0.415232 0.098231
vt 0.410194 0.094298
vt 0.415232 0.096265
vt 0.410194 0.092331
vt 0.415232 0.094298
vt 0.410194 0.090365
vt 0.415232 0.092331
vt 0.410194 0.088398
vt 0.415232 0.090365
vt 0.410194 0.086431
vt 0.415232 0.088398
vt 0.410194 0.084465
vt 0.415232 0.086431
vt 0.410194 0.082498
vt 0.415232 0.084465
vt 0.410194 0.080531
vt 0.415232 0.082498
vt 0.415232 0.080531
vt 0.496666 0.192683
vt 0.494819 0.191983
vt 0.496811 0.192332
vt 0.498408 0.193477
vt 0.499257 0.195240
vt 0.498059 0.198825
vt 0.499131 0.197190
vt 0.496318 0.199717
vt 0.494361 0.199633
vt 0.491760 0.196858
vt 0.492698 0.198592
vt 0.491781 0.194864
vt 0.492712 0.193039
vt 0.555647 0.613800
vt 0.554716 0.615625
vt 0.554695 0.617619
vt 0.555633 0.619353
vt 0.557296 0.620394
vt 0.559253 0.620478
vt 0.560994 0.619586
vt 0.562066 0.617951
vt 0.562192 0.616001
vt 0.561343 0.614238
vt 0.559746 0.613093
vt 0.557753 0.612744
vt 0.555051 0.611557
vt 0.556711 0.610740
vt 0.410194 0.076405
vt 0.415232 0.102358
vt 0.554695 0.611720
vt 0.493777 0.189979
vt 0.491760 0.190959
vt 0.478286 0.262443
vt 0.477519 0.260851
vt 0.480900 0.260193
vt 0.477634 0.259093
vt 0.478602 0.257621
vt 0.480172 0.256819
vt 0.481935 0.256897
vt 0.483432 0.257837
vt 0.484274 0.259403
vt 0.484245 0.261209
vt 0.483254 0.263116
vt 0.410194 0.049256
vt 0.415231 0.047097
vt 0.415231 0.049256
vt 0.493191 0.448589
vt 0.496536 0.449605
vt 0.495545 0.451512
vt 0.496565 0.447798
vt 0.495723 0.446233
vt 0.494226 0.445293
vt 0.492463 0.445214
vt 0.490893 0.446017
vt 0.489925 0.447489
vt 0.489810 0.449247
vt 0.490577 0.450839
vt 0.492031 0.451879
vt 0.494134 0.452227
vt 0.495263 0.454404
vt 0.415231 0.070885
vt 0.410194 0.073045
vt 0.410194 0.070885
vt 0.481843 0.263831
vt 0.410194 0.068919
vt 0.410194 0.051223
vt 0.415231 0.053189
vt 0.410194 0.053189
vt 0.415231 0.055155
vt 0.410194 0.055155
vt 0.415231 0.057121
vt 0.410194 0.057121
vt 0.415231 0.059088
vt 0.410194 0.059088
vt 0.415231 0.061054
vt 0.410194 0.061054
vt 0.415231 0.063020
vt 0.410194 0.063020
vt 0.415231 0.064987
vt 0.410194 0.064987
vt 0.415231 0.066953
vt 0.410194 0.066953
vt 0.415231 0.068919
vt 0.484289 0.265370
vt 0.482972 0.266008
vt 0.415231 0.051223
vt 0.479740 0.263483
vt 0.481587 0.264183
vt 0.479594 0.263834
vt 0.477998 0.262689
vt 0.477149 0.260927
vt 0.478347 0.257342
vt 0.477275 0.258976
vt 0.480088 0.256450
vt 0.482044 0.256534
vt 0.484645 0.259308
vt 0.483707 0.257575
vt 0.484624 0.261302
vt 0.483693 0.263127
vt 0.495984 0.451522
vt 0.496915 0.449698
vt 0.496936 0.447704
vt 0.495998 0.445971
vt 0.494335 0.444930
vt 0.492379 0.444846
vt 0.490638 0.445738
vt 0.489566 0.447372
vt 0.489440 0.449322
vt 0.490289 0.451085
vt 0.491885 0.452229
vt 0.493878 0.452578
vt 0.496580 0.453766
vt 0.494920 0.454582
vt 0.410194 0.047097
vt 0.415231 0.073045
vt 0.496936 0.453603
vt 0.482628 0.266186
vt 0.484645 0.265207
s 1
usemtl DoorSimple.001
f 1291/1680/855 1292/1681/856 1293/1682/857
f 1294/1683/858 1295/1684/859 1296/1685/860
f 1297/1686/861 1298/1687/862 1299/1688/863
f 1300/1689/864 1297/1686/861 1299/1688/863
f 1301/1690/865 1300/1689/864 1299/1688/863
f 1302/1691/866 1303/1692/867 1299/1688/863
f 1304/1693/868 1302/1691/866 1299/1688/863
f 1305/1694/869 1301/1690/865 1299/1688/863
f 1303/1692/867 1305/1694/869 1299/1688/863
f 1306/1695/870 1307/1696/871 1308/1697/872
f 1309/1698/873 1310/1699/874 1299/1688/863
f 1311/1700/875 1309/1698/873 1299/1688/863
f 1298/1687/862 1311/1700/875 1299/1688/863
f 1312/1701/876 1293/1702/857 1313/1703/877
f 1314/1704/878 1315/1705/879 1292/1681/856
f 1316/1706/880 1317/1707/881 1315/1705/879
f 1318/1708/882 1319/1709/883 1317/1707/881
f 1320/1710/884 1321/1711/885 1319/1709/883
f 1322/1712/886 1323/1713/887 1321/1711/885
f 1324/1714/888 1325/1715/889 1323/1713/887
f 1326/1716/890 1327/1717/891 1325/1715/889
f 1328/1718/892 1329/1719/893 1327/1717/891
f 1330/1720/894 1331/1721/895 1329/1719/893
f 1332/1722/896 1313/1703/877 1331/1721/895
f 1333/1723/897 1304/1693/868 1299/1688/863
f 1334/1724/898 1307/1696/871 1335/1725/899
f 1306/1695/870 1336/1726/900 1337/1727/901
f 1338/1728/902 1339/1729/903 1340/1730/904
f 1294/1731/858 1341/1732/905 1338/1728/902
f 1296/1733/860 1342/1734/906 1294/1731/858
f 1296/1733/860 1343/1735/907 1344/1736/908
f 1345/1737/909 1346/1738/910 1343/1735/907
f 1347/1739/911 1346/1738/910 1348/1740/912
f 1349/1741/913 1350/1742/914 1347/1739/911
f 1337/1727/901 1351/1743/915 1349/1741/913
f 1306/1744/870 1352/1745/916 1335/1746/899
f 1334/1724/898 1339/1729/903 1353/1747/917
f 1337/1748/901 1354/1749/918 1306/1750/870
f 1335/1746/899 1355/1751/919 1334/1752/898
f 1334/1752/898 1356/1753/920 1340/1754/904
f 1347/1755/911 1357/1756/921 1349/1757/913
f 1296/1685/860 1358/1758/922 1345/1759/909
f 1340/1754/904 1359/1760/923 1338/1761/902
f 1349/1757/913 1360/1762/924 1337/1748/901
f 1345/1759/909 1361/1763/925 1348/1764/912
f 1338/1761/902 1362/1765/926 1294/1683/858
f 1348/1764/912 1363/1766/927 1347/1755/911
f 1291/1767/855 1307/1696/871 1314/1768/878
f 1314/1768/878 1353/1747/917 1316/1769/880
f 1316/1769/880 1339/1729/903 1318/1770/882
f 1318/1770/882 1341/1732/905 1320/1771/884
f 1320/1771/884 1342/1734/906 1322/1772/886
f 1324/1773/888 1342/1734/906 1344/1736/908
f 1324/1773/888 1343/1735/907 1326/1774/890
f 1326/1774/890 1346/1738/910 1328/1775/892
f 1330/1776/894 1346/1738/910 1350/1742/914
f 1332/1777/896 1350/1742/914 1351/1743/915
f 1332/1777/896 1336/1726/900 1312/1778/876
f 1291/1767/855 1336/1726/900 1308/1697/872
f 1293/1779/857 1304/1693/868 1333/1723/897
f 1292/1780/856 1302/1691/866 1304/1693/868
f 1315/1781/879 1303/1692/867 1302/1691/866
f 1317/1782/881 1305/1694/869 1303/1692/867
f 1321/1783/885 1305/1694/869 1319/1784/883
f 1323/1785/887 1301/1690/865 1321/1783/885
f 1323/1785/887 1297/1686/861 1300/1689/864
f 1325/1786/889 1298/1687/862 1297/1686/861
f 1329/1787/893 1298/1687/862 1327/1788/891
f 1331/1789/895 1311/1700/875 1329/1787/893
f 1331/1789/895 1310/1699/874 1309/1698/873
f 1293/1779/857 1310/1699/874 1313/1790/877
f 1354/1791/918 1364/1792/928 1352/1793/916
f 1352/1793/916 1365/1794/929 1355/1795/919
f 1356/1796/920 1365/1794/929 1366/1797/930
f 1356/1796/920 1367/1798/931 1359/1799/923
f 1359/1799/923 1368/1800/932 1362/1801/926
f 1362/1801/926 1369/1802/933 1295/1803/859
f 1295/1803/859 1370/1804/934 1358/1805/922
f 1361/1806/925 1370/1804/934 1371/1807/935
f 1361/1806/925 1372/1808/936 1363/1809/927
f 1363/1809/927 1373/1810/937 1357/1811/921
f 1360/1812/924 1373/1810/937 1374/1813/938
f 1354/1791/918 1374/1813/938 1375/1814/939
f 1310/1699/874 1333/1723/897 1299/1688/863
f 1364/1792/928 1375/1814/939 1376/1815/940
f 1375/1814/939 1374/1813/938 1376/1815/940
f 1374/1813/938 1373/1810/937 1376/1815/940
f 1373/1810/937 1372/1808/936 1376/1815/940
f 1372/1808/936 1371/1807/935 1376/1815/940
f 1371/1807/935 1370/1804/934 1376/1815/940
f 1370/1804/934 1369/1802/933 1376/1815/940
f 1369/1802/933 1368/1800/932 1376/1815/940
f 1368/1800/932 1367/1798/931 1376/1815/940
f 1367/1798/931 1366/1797/930 1376/1815/940
f 1366/1797/930 1365/1794/929 1376/1815/940
f 1365/1794/929 1364/1792/928 1376/1815/940
f 1291/1680/855 1314/1704/878 1292/1681/856
f 1294/1683/858 1362/1765/926 1295/1684/859
f 1306/1695/870 1335/1725/899 1307/1696/871
f 1312/1701/876 1291/1816/855 1293/1702/857
f 1314/1704/878 1316/1706/880 1315/1705/879
f 1316/1706/880 1318/1708/882 1317/1707/881
f 1318/1708/882 1320/1710/884 1319/1709/883
f 1320/1710/884 1322/1712/886 1321/1711/885
f 1322/1712/886 1324/1714/888 1323/1713/887
f 1324/1714/888 1326/1716/890 1325/1715/889
f 1326/1716/890 1328/1718/892 1327/1717/891
f 1328/1718/892 1330/1720/894 1329/1719/893
f 1330/1720/894 1332/1722/896 1331/1721/895
f 1332/1722/896 1312/1701/876 1313/1703/877
f 1334/1724/898 1353/1747/917 1307/1696/871
f 1306/1695/870 1308/1697/872 1336/1726/900
f 1338/1728/902 1341/1732/905 1339/1729/903
f 1294/1731/858 1342/1734/906 1341/1732/905
f 1296/1733/860 1344/1736/908 1342/1734/906
f 1296/1733/860 1345/1737/909 1343/1735/907
f 1345/1737/909 1348/1740/912 1346/1738/910
f 1347/1739/911 1350/1742/914 1346/1738/910
f 1349/1741/913 1351/1743/915 1350/1742/914
f 1337/1727/901 1336/1726/900 1351/1743/915
f 1306/1744/870 1354/1817/918 1352/1745/916
f 1334/1724/898 1340/1730/904 1339/1729/903
f 1337/1748/901 1360/1762/924 1354/1749/918
f 1335/1746/899 1352/1745/916 1355/1751/919
f 1334/1752/898 1355/1751/919 1356/1753/920
f 1347/1755/911 1363/1766/927 1357/1756/921
f 1296/1685/860 1295/1684/859 1358/1758/922
f 1340/1754/904 1356/1753/920 1359/1760/923
f 1349/1757/913 1357/1756/921 1360/1762/924
f 1345/1759/909 1358/1758/922 1361/1763/925
f 1338/1761/902 1359/1760/923 1362/1765/926
f 1348/1764/912 1361/1763/925 1363/1766/927
f 1291/1767/855 1308/1697/872 1307/1696/871
f 1314/1768/878 1307/1696/871 1353/1747/917
f 1316/1769/880 1353/1747/917 1339/1729/903
f 1318/1770/882 1339/1729/903 1341/1732/905
f 1320/1771/884 1341/1732/905 1342/1734/906
f 1324/1773/888 1322/1772/886 1342/1734/906
f 1324/1773/888 1344/1736/908 1343/1735/907
f 1326/1774/890 1343/1735/907 1346/1738/910
f 1330/1776/894 1328/1775/892 1346/1738/910
f 1332/1777/896 1330/1776/894 1350/1742/914
f 1332/1777/896 1351/1743/915 1336/1726/900
f 1291/1767/855 1312/1778/876 1336/1726/900
f 1293/1779/857 1292/1780/856 1304/1693/868
f 1292/1780/856 1315/1781/879 1302/1691/866
f 1315/1781/879 1317/1782/881 1303/1692/867
f 1317/1782/881 1319/1784/883 1305/1694/869
f 1321/1783/885 1301/1690/865 1305/1694/869
f 1323/1785/887 1300/1689/864 1301/1690/865
f 1323/1785/887 1325/1786/889 1297/1686/861
f 1325/1786/889 1327/1788/891 1298/1687/862
f 1329/1787/893 1311/1700/875 1298/1687/862
f 1331/1789/895 1309/1698/873 1311/1700/875
f 1331/1789/895 1313/1790/877 1310/1699/874
f 1293/1779/857 1333/1723/897 1310/1699/874
f 1354/1791/918 1375/1814/939 1364/1792/928
f 1352/1793/916 1364/1792/928 1365/1794/929
f 1356/1796/920 1355/1795/919 1365/1794/929
f 1356/1796/920 1366/1797/930 1367/1798/931
f 1359/1799/923 1367/1798/931 1368/1800/932
f 1362/1801/926 1368/1800/932 1369/1802/933
f 1295/1803/859 1369/1802/933 1370/1804/934
f 1361/1806/925 1358/1805/922 1370/1804/934
f 1361/1806/925 1371/1807/935 1372/1808/936
f 1363/1809/927 1372/1808/936 1373/1810/937
f 1360/1812/924 1357/1811/921 1373/1810/937
f 1354/1791/918 1360/1812/924 1374/1813/938
f 1377/1818/941 1378/1819/942 1379/1820/943
f 1380/1821/944 1381/1822/944 1382/1823/944
f 1383/1824/945 1384/1825/945 1385/1826/945
f 1386/1827/946 1387/1828/947 1388/1829/948
f 1389/1830/949 1390/1831/949 1391/1832/949
f 1392/1833/950 1393/1834/950 1394/1835/950
f 1395/1836/951 1396/1837/952 1397/1838/953
f 1398/1839/944 1399/1840/944 1400/1841/944
f 1401/1842/945 1402/1843/945 1403/1844/945
f 1404/1845/954 1405/1846/955 1406/1847/956
f 1407/1848/949 1408/1849/949 1409/1850/949
f 1410/1851/950 1411/1852/950 1412/1853/950
f 1413/1854/957 1414/1855/958 1415/1856/959
f 1416/1857/944 1417/1858/944 1418/1859/944
f 1419/1860/945 1420/1861/945 1421/1862/945
f 1422/1863/960 1423/1864/961 1424/1865/962
f 1425/1866/949 1426/1867/949 1427/1868/949
f 1428/1869/963 1429/1870/950 1430/1871/950
f 1378/1872/942 1381/1822/944 1391/1873/949
f 1431/1874/944 1387/1875/947 1389/1876/949
f 1379/1877/943 1390/1878/949 1394/1835/950
f 1432/1879/964 1392/1833/950 1433/1880/949
f 1434/1881/965 1384/1882/945 1382/1823/944
f 1388/1883/948 1380/1821/944 1435/1884/945
f 1377/1885/941 1393/1834/950 1385/1886/945
f 1386/1887/946 1383/1888/945 1436/1889/950
f 1396/1890/952 1400/1841/944 1409/1891/949
f 1399/1840/944 1405/1892/955 1407/1893/949
f 1397/1894/953 1408/1895/949 1412/1853/950
f 1437/1896/966 1410/1851/950 1438/1897/949
f 1439/1898/967 1402/1899/945 1398/1839/944
f 1406/1900/956 1440/1901/944 1441/1902/945
f 1395/1903/951 1411/1852/950 1403/1904/945
f 1404/1905/954 1401/1906/945 1442/1907/950
f 1414/1908/958 1417/1858/944 1427/1909/949
f 1443/1910/944 1423/1911/961 1425/1912/949
f 1415/1913/959 1426/1914/949 1428/1869/963
f 1444/1915/968 1445/1916/950 1446/1917/949
f 1447/1918/969 1420/1919/945 1418/1859/944
f 1424/1920/962 1416/1857/944 1448/1921/945
f 1413/1922/957 1430/1871/950 1421/1923/945
f 1422/1924/960 1419/1925/945 1429/1870/950
f 1378/1819/942 1390/1831/949 1379/1820/943
f 1431/1874/944 1391/1873/949 1381/1822/944
f 1432/1926/964 1389/1830/949 1387/1828/947
f 1394/1835/950 1433/1880/949 1392/1833/950
f 1379/1877/943 1393/1834/950 1377/1885/941
f 1386/1887/946 1392/1833/950 1432/1879/964
f 1385/1886/945 1436/1889/950 1383/1888/945
f 1377/1818/941 1384/1927/945 1434/1928/965
f 1388/1929/948 1383/1824/945 1386/1930/946
f 1382/1823/944 1435/1884/945 1380/1821/944
f 1434/1881/965 1381/1822/944 1378/1872/942
f 1387/1875/947 1380/1821/944 1388/1883/948
f 1396/1837/952 1408/1849/949 1397/1838/953
f 1400/1841/944 1407/1893/949 1409/1891/949
f 1437/1931/966 1407/1848/949 1405/1846/955
f 1412/1853/950 1438/1897/949 1410/1851/950
f 1395/1903/951 1412/1853/950 1411/1852/950
f 1437/1896/966 1442/1907/950 1410/1851/950
f 1403/1904/945 1442/1907/950 1401/1906/945
f 1395/1836/951 1402/1932/945 1439/1933/967
f 1406/1934/956 1401/1842/945 1404/1935/954
f 1440/1901/944 1402/1899/945 1441/1902/945
f 1439/1898/967 1400/1841/944 1396/1890/952
f 1405/1892/955 1440/1901/944 1406/1900/956
f 1414/1855/958 1426/1936/949 1415/1856/959
f 1443/1910/944 1427/1909/949 1417/1858/944
f 1444/1937/968 1425/1938/949 1423/1864/961
f 1445/1916/950 1426/1914/949 1446/1917/949
f 1415/1913/959 1430/1871/950 1413/1922/957
f 1422/1924/960 1445/1916/950 1444/1915/968
f 1419/1925/945 1430/1871/950 1429/1870/950
f 1413/1854/957 1420/1939/945 1447/1940/969
f 1424/1865/962 1419/1860/945 1422/1863/960
f 1418/1859/944 1448/1921/945 1416/1857/944
f 1414/1908/958 1418/1859/944 1417/1858/944
f 1424/1920/962 1443/1910/944 1416/1857/944
f 1377/1818/941 1434/1928/965 1378/1819/942
f 1380/1821/944 1431/1874/944 1381/1822/944
f 1383/1824/945 1435/1941/945 1384/1825/945
f 1386/1827/946 1432/1926/964 1387/1828/947
f 1389/1830/949 1433/1942/949 1390/1831/949
f 1392/1833/950 1436/1889/950 1393/1834/950
f 1395/1836/951 1439/1933/967 1396/1837/952
f 1398/1839/944 1440/1901/944 1399/1840/944
f 1401/1842/945 1441/1943/945 1402/1843/945
f 1404/1845/954 1437/1931/966 1405/1846/955
f 1407/1848/949 1438/1944/949 1408/1849/949
f 1410/1851/950 1442/1907/950 1411/1852/950
f 1413/1854/957 1447/1940/969 1414/1855/958
f 1416/1857/944 1443/1910/944 1417/1858/944
f 1419/1860/945 1448/1945/945 1420/1861/945
f 1422/1863/960 1444/1937/968 1423/1864/961
f 1425/1866/949 1446/1946/949 1426/1867/949
f 1428/1869/963 1445/1916/950 1429/1870/950
f 1378/1819/942 1391/1832/949 1390/1831/949
f 1431/1874/944 1389/1876/949 1391/1873/949
f 1432/1926/964 1433/1942/949 1389/1830/949
f 1394/1835/950 1390/1878/949 1433/1880/949
f 1379/1877/943 1394/1835/950 1393/1834/950
f 1386/1887/946 1436/1889/950 1392/1833/950
f 1385/1886/945 1393/1834/950 1436/1889/950
f 1377/1818/941 1385/1947/945 1384/1927/945
f 1388/1929/948 1435/1941/945 1383/1824/945
f 1382/1823/944 1384/1882/945 1435/1884/945
f 1434/1881/965 1382/1823/944 1381/1822/944
f 1387/1875/947 1431/1874/944 1380/1821/944
f 1396/1837/952 1409/1850/949 1408/1849/949
f 1400/1841/944 1399/1840/944 1407/1893/949
f 1437/1931/966 1438/1944/949 1407/1848/949
f 1412/1853/950 1408/1895/949 1438/1897/949
f 1395/1903/951 1397/1894/953 1412/1853/950
f 1437/1896/966 1404/1905/954 1442/1907/950
f 1403/1904/945 1411/1852/950 1442/1907/950
f 1395/1836/951 1403/1948/945 1402/1932/945
f 1406/1934/956 1441/1943/945 1401/1842/945
f 1440/1901/944 1398/1839/944 1402/1899/945
f 1439/1898/967 1398/1839/944 1400/1841/944
f 1405/1892/955 1399/1840/944 1440/1901/944
f 1414/1855/958 1427/1949/949 1426/1936/949
f 1443/1910/944 1425/1912/949 1427/1909/949
f 1444/1937/968 1446/1950/949 1425/1938/949
f 1445/1916/950 1428/1869/963 1426/1914/949
f 1415/1913/959 1428/1869/963 1430/1871/950
f 1422/1924/960 1429/1870/950 1445/1916/950
f 1419/1925/945 1421/1923/945 1430/1871/950
f 1413/1854/957 1421/1951/945 1420/1939/945
f 1424/1865/962 1448/1945/945 1419/1860/945
f 1418/1859/944 1420/1919/945 1448/1921/945
f 1414/1908/958 1447/1918/969 1418/1859/944
f 1424/1920/962 1423/1911/961 1443/1910/944
f 1449/1952/944 1450/1953/944 1451/1954/944
f 1452/1955/863 1453/1956/863 1454/1957/863
f 1455/1958/970 1456/1959/971 1457/1960/972
f 1458/1961/940 1459/1962/940 1460/1963/940
f 1461/1964/973 1450/1953/944 1458/1965/940
f 1462/1966/944 1463/1967/974 1464/1968/940
f 1465/1969/975 1460/1970/940 1466/1971/976
f 1455/1972/970 1467/1973/977 1459/1974/940
f 1468/1975/978 1453/1976/863 1451/1954/944
f 1456/1977/971 1449/1952/944 1469/1978/863
f 1470/1979/979 1471/1980/980 1454/1981/863
f 1457/1982/972 1452/1983/863 1472/1984/981
f 1465/1985/975 1458/1961/940 1460/1963/940
f 1462/1966/944 1458/1965/940 1450/1953/944
f 1455/1958/970 1464/1986/940 1463/1987/974
f 1466/1971/976 1459/1974/940 1467/1973/977
f 1465/1969/975 1471/1980/980 1470/1979/979
f 1455/1972/970 1472/1984/981 1467/1973/977
f 1454/1981/863 1472/1984/981 1452/1983/863
f 1470/1988/979 1453/1956/863 1468/1989/978
f 1456/1959/971 1452/1955/863 1457/1960/972
f 1451/1954/944 1469/1978/863 1449/1952/944
f 1468/1975/978 1450/1953/944 1461/1964/973
f 1463/1967/974 1449/1952/944 1456/1977/971
f 1470/1988/979 1461/1990/973 1465/1985/975
f 1473/1991/950 1466/1971/976 1467/1973/977
f 1474/1992/950 1466/1971/976 1475/1993/950
f 1476/1994/950 1467/1973/977 1472/1984/981
f 1474/1992/950 1472/1984/981 1471/1980/980
f 1449/1952/944 1462/1966/944 1450/1953/944
f 1452/1955/863 1469/1995/863 1453/1956/863
f 1455/1958/970 1463/1987/974 1456/1959/971
f 1458/1961/940 1464/1996/940 1459/1962/940
f 1465/1985/975 1461/1990/973 1458/1961/940
f 1462/1966/944 1464/1968/940 1458/1965/940
f 1455/1958/970 1459/1997/940 1464/1986/940
f 1466/1971/976 1460/1970/940 1459/1974/940
f 1465/1969/975 1466/1971/976 1471/1980/980
f 1455/1972/970 1457/1982/972 1472/1984/981
f 1454/1981/863 1471/1980/980 1472/1984/981
f 1470/1988/979 1454/1957/863 1453/1956/863
f 1456/1959/971 1469/1995/863 1452/1955/863
f 1451/1954/944 1453/1976/863 1469/1978/863
f 1468/1975/978 1451/1954/944 1450/1953/944
f 1463/1967/974 1462/1966/944 1449/1952/944
f 1470/1988/979 1468/1989/978 1461/1990/973
f 1473/1991/950 1475/1993/950 1466/1971/976
f 1474/1992/950 1471/1980/980 1466/1971/976
f 1476/1994/950 1473/1991/950 1467/1973/977
f 1474/1992/950 1476/1994/950 1472/1984/981
f 1477/1998/944 1478/1999/944 1479/2000/944
f 1480/2001/863 1481/2002/863 1482/2003/982
f 1483/2004/970 1484/2005/971 1485/2006/972
f 1486/2007/940 1487/2008/940 1488/2009/983
f 1489/2010/973 1478/1999/944 1486/2011/940
f 1490/2012/944 1491/2013/974 1492/2014/940
f 1493/2015/975 1488/2016/983 1494/2017/984
f 1483/2018/970 1495/2019/985 1487/2020/940
f 1496/2021/978 1481/2022/863 1479/2000/944
f 1484/2023/971 1477/1998/944 1497/2024/863
f 1498/2025/979 1499/2026/986 1482/2027/982
f 1485/2028/972 1480/2029/863 1500/2030/987
f 1489/2031/973 1488/2009/983 1493/2032/975
f 1490/2012/944 1486/2011/940 1478/1999/944
f 1483/2004/970 1492/2033/940 1491/2034/974
f 1494/2017/984 1487/2020/940 1495/2019/985
f 1493/2015/975 1499/2026/986 1498/2025/979
f 1483/2018/970 1500/2030/987 1495/2019/985
f 1482/2027/982 1500/2030/987 1480/2029/863
f 1498/2035/979 1481/2002/863 1496/2036/978
f 1484/2005/971 1480/2001/863 1485/2006/972
f 1479/2000/944 1497/2024/863 1477/1998/944
f 1489/2010/973 1479/2000/944 1478/1999/944
f 1491/2013/974 1477/1998/944 1484/2023/971
f 1498/2035/979 1489/2031/973 1493/2032/975
f 1501/2037/950 1495/2019/985 1502/2038/950
f 1503/2039/950 1494/2017/984 1501/2037/950
f 1504/2040/950 1495/2019/985 1500/2030/987
f 1504/2040/950 1499/2026/986 1503/2039/950
f 1477/1998/944 1490/2012/944 1478/1999/944
f 1480/2001/863 1497/2041/863 1481/2002/863
f 1483/2004/970 1491/2034/974 1484/2005/971
f 1486/2007/940 1492/2042/940 1487/2008/940
f 1489/2031/973 1486/2007/940 1488/2009/983
f 1490/2012/944 1492/2014/940 1486/2011/940
f 1483/2004/970 1487/2043/940 1492/2033/940
f 1494/2017/984 1488/2016/983 1487/2020/940
f 1493/2015/975 1494/2017/984 1499/2026/986
f 1483/2018/970 1485/2028/972 1500/2030/987
f 1482/2027/982 1499/2026/986 1500/2030/987
f 1498/2035/979 1482/2003/982 1481/2002/863
f 1484/2005/971 1497/2041/863 1480/2001/863
f 1479/2000/944 1481/2022/863 1497/2024/863
f 1489/2010/973 1496/2021/978 1479/2000/944
f 1491/2013/974 1490/2012/944 1477/1998/944
f 1498/2035/979 1496/2036/978 1489/2031/973
f 1501/2037/950 1494/2017/984 1495/2019/985
f 1503/2039/950 1499/2026/986 1494/2017/984
f 1504/2040/950 1502/2038/950 1495/2019/985
f 1504/2040/950 1500/2030/987 1499/2026/986
f 1505/2044/944 1506/2045/944 1507/2046/944
f 1508/2047/863 1509/2048/982 1510/2049/982
f 1511/2050/970 1512/2051/971 1513/2052/972
f 1514/2053/940 1515/2054/940 1516/2055/940
f 1517/2056/973 1507/2046/944 1514/2057/940
f 1506/2045/944 1518/2058/974 1519/2059/940
f 1520/2060/975 1516/2061/940 1521/2062/988
f 1511/2063/970 1522/2064/989 1515/2065/940
f 1523/2066/978 1509/2067/982 1505/2044/944
f 1512/2068/971 1524/2069/944 1525/2070/863
f 1526/2071/979 1527/2072/990 1510/2073/982
f 1513/2074/972 1508/2075/863 1528/2076/991
f 1517/2077/973 1516/2055/940 1520/2078/975
f 1506/2045/944 1514/2057/940 1507/2046/944
f 1511/2050/970 1519/2079/940 1518/2080/974
f 1521/2062/988 1515/2065/940 1522/2064/989
f 1520/2060/975 1527/2072/990 1526/2071/979
f 1511/2063/970 1528/2076/991 1522/2064/989
f 1510/2073/982 1528/2076/991 1508/2075/863
f 1526/2081/979 1509/2048/982 1523/2082/978
f 1512/2051/971 1508/2047/863 1513/2052/972
f 1505/2044/944 1525/2070/863 1524/2069/944
f 1523/2066/978 1507/2046/944 1517/2056/973
f 1518/2058/974 1524/2069/944 1512/2068/971
f 1526/2081/979 1517/2077/973 1520/2078/975
f 1529/2083/950 1521/2062/988 1522/2064/989
f 1530/2084/950 1521/2062/988 1531/2085/950
f 1532/2086/950 1522/2064/989 1528/2076/991
f 1530/2084/950 1528/2076/991 1527/2072/990
f 1505/2044/944 1524/2069/944 1506/2045/944
f 1508/2047/863 1525/2087/863 1509/2048/982
f 1511/2050/970 1518/2080/974 1512/2051/971
f 1514/2053/940 1519/2088/940 1515/2054/940
f 1517/2077/973 1514/2053/940 1516/2055/940
f 1506/2045/944 1519/2059/940 1514/2057/940
f 1511/2050/970 1515/2089/940 1519/2079/940
f 1521/2062/988 1516/2061/940 1515/2065/940
f 1520/2060/975 1521/2062/988 1527/2072/990
f 1511/2063/970 1513/2074/972 1528/2076/991
f 1510/2073/982 1527/2072/990 1528/2076/991
f 1526/2081/979 1510/2049/982 1509/2048/982
f 1512/2051/971 1525/2087/863 1508/2047/863
f 1505/2044/944 1509/2067/982 1525/2070/863
f 1523/2066/978 1505/2044/944 1507/2046/944
f 1518/2058/974 1506/2045/944 1524/2069/944
f 1526/2081/979 1523/2082/978 1517/2077/973
f 1529/2083/950 1531/2085/950 1521/2062/988
f 1530/2084/950 1527/2072/990 1521/2062/988
f 1532/2086/950 1529/2083/950 1522/2064/989
f 1530/2084/950 1532/2086/950 1528/2076/991
f 1533/2090/992 1534/2091/993 1535/2092/994
f 1536/2093/995 1537/2094/996 1538/2095/997
f 1539/2096/944 1540/2097/998 1541/2098/944
f 1542/2099/999 1543/2100/1000 1544/2101/993
f 1545/2102/1001 1546/2103/1002 1547/2104/1002
f 1548/2105/1001 1549/2106/1003 1550/2107/1004
f 1551/2108/944 1552/2109/1005 1553/2110/944
f 1554/2111/1006 1555/2112/1007 1556/2113/1008
f 1557/2114/1009 1558/2115/1010 1559/2116/1011
f 1560/2117/1012 1561/2118/1013 1562/2119/1014
f 1563/2120/1015 1564/2121/1016 1565/2122/1017
f 1533/2123/992 1566/2124/1018 1567/2125/944
f 1568/2126/1019 1569/2127/1020 1535/2128/994
f 1570/2129/1021 1536/2130/995 1571/2131/1022
f 1550/2132/1004 1551/2108/944 1538/2133/997
f 1548/2134/1001 1537/2135/996 1572/2136/1023
f 1573/2137/1024 1574/2138/1025 1575/2139/1026
f 1539/2096/944 1546/2140/1002 1559/2141/1011
f 1576/2142/1027 1557/2143/1009 1577/2144/1028
f 1558/2145/1010 1562/2146/1014 1540/2097/998
f 1578/2147/1029 1579/2148/1030 1560/2149/1012
f 1544/2150/993 1580/2151/1031 1581/2152/1032
f 1543/2153/1000 1541/2098/944 1561/2154/1013
f 1582/2155/1033 1583/2156/994 1584/2157/1034
f 1585/2158/1035 1545/2159/1001 1556/2160/1008
f 1586/2161/1036 1555/2162/1007 1542/2163/999
f 1587/2164/944 1554/2165/1006 1547/2166/1002
f 1553/2110/944 1564/2167/1016 1588/2168/1037
f 1589/2169/1038 1563/2170/1015 1590/2171/1039
f 1591/2172/1040 1534/2173/993 1592/2174/1041
f 1552/2109/1005 1549/2175/1003 1565/2176/1017
f 1591/2172/1040 1535/2128/994 1534/2173/993
f 1535/2092/994 1566/2177/1018 1533/2090/992
f 1566/2124/1018 1571/2131/1022 1567/2125/944
f 1552/2109/1005 1550/2132/1004 1549/2175/1003
f 1548/2134/1001 1589/2169/1038 1590/2171/1039
f 1574/2138/1025 1569/2127/1020 1568/2126/1019
f 1571/2131/1022 1538/2133/997 1551/2108/944
f 1537/2135/996 1574/2138/1025 1572/2136/1023
f 1538/2095/997 1548/2105/1001 1550/2107/1004
f 1540/2097/998 1559/2141/1011 1558/2145/1010
f 1557/2143/1009 1579/2148/1030 1578/2147/1029
f 1577/2178/1028 1559/2116/1011 1546/2103/1002
f 1582/2155/1033 1543/2153/1000 1583/2156/994
f 1540/2097/998 1561/2154/1013 1541/2098/944
f 1580/2179/1031 1543/2100/1000 1561/2118/1013
f 1580/2151/1031 1579/2148/1030 1581/2152/1032
f 1578/2180/1029 1562/2181/1014 1558/2115/1010
f 1570/2182/1021 1575/2183/1026 1536/2093/995
f 1577/2144/1028 1585/2158/1035 1576/2142/1027
f 1586/2161/1036 1544/2150/993 1581/2152/1032
f 1587/2164/944 1546/2140/1002 1539/2096/944
f 1556/2113/1008 1547/2104/1002 1554/2111/1006
f 1555/2112/1007 1583/2184/994 1542/2099/999
f 1554/2165/1006 1582/2155/1033 1584/2157/1034
f 1586/2161/1036 1556/2160/1008 1555/2162/1007
f 1553/2110/944 1533/2123/992 1567/2125/944
f 1565/2185/1017 1590/2186/1039 1563/2187/1015
f 1592/2188/1041 1588/2189/1037 1564/2121/1016
f 1552/2109/1005 1564/2167/1016 1553/2110/944
f 1592/2174/1041 1589/2169/1038 1591/2172/1040
f 1569/2190/1020 1570/2182/1021 1566/2177/1018
f 1593/2191/950 1568/2126/1019 1591/2172/1040
f 1594/2192/950 1572/2136/1023 1595/2193/950
f 1596/2194/950 1568/2126/1019 1597/2195/950
f 1596/2194/950 1572/2136/1023 1574/2138/1025
f 1598/2196/950 1576/2142/1027 1599/2197/950
f 1598/2196/950 1581/2152/1032 1579/2148/1030
f 1600/2198/950 1576/2142/1027 1585/2158/1035
f 1601/2199/950 1581/2152/1032 1602/2200/950
f 1601/2199/950 1585/2158/1035 1586/2161/1036
f 1594/2192/950 1591/2172/1040 1589/2169/1038
f 1533/2090/992 1588/2189/1037 1534/2091/993
f 1536/2093/995 1575/2183/1026 1537/2094/996
f 1541/2098/944 1582/2155/1033 1587/2164/944
f 1587/2164/944 1539/2096/944 1541/2098/944
f 1542/2099/999 1583/2184/994 1543/2100/1000
f 1545/2102/1001 1577/2178/1028 1546/2103/1002
f 1548/2105/1001 1590/2186/1039 1549/2106/1003
f 1553/2110/944 1567/2125/944 1551/2108/944
f 1567/2125/944 1571/2131/1022 1551/2108/944
f 1554/2111/1006 1584/2201/1034 1555/2112/1007
f 1557/2114/1009 1578/2180/1029 1558/2115/1010
f 1560/2117/1012 1580/2179/1031 1561/2118/1013
f 1563/2120/1015 1592/2188/1041 1564/2121/1016
f 1591/2172/1040 1568/2126/1019 1535/2128/994
f 1535/2092/994 1569/2190/1020 1566/2177/1018
f 1566/2124/1018 1570/2129/1021 1571/2131/1022
f 1552/2109/1005 1551/2108/944 1550/2132/1004
f 1548/2134/1001 1572/2136/1023 1589/2169/1038
f 1574/2138/1025 1573/2137/1024 1569/2127/1020
f 1571/2131/1022 1536/2130/995 1538/2133/997
f 1537/2135/996 1575/2139/1026 1574/2138/1025
f 1538/2095/997 1537/2094/996 1548/2105/1001
f 1540/2097/998 1539/2096/944 1559/2141/1011
f 1557/2143/1009 1576/2142/1027 1579/2148/1030
f 1577/2178/1028 1557/2114/1009 1559/2116/1011
f 1582/2155/1033 1541/2098/944 1543/2153/1000
f 1540/2097/998 1562/2146/1014 1561/2154/1013
f 1580/2179/1031 1544/2101/993 1543/2100/1000
f 1580/2151/1031 1560/2149/1012 1579/2148/1030
f 1578/2180/1029 1560/2202/1012 1562/2181/1014
f 1570/2182/1021 1573/2203/1024 1575/2183/1026
f 1577/2144/1028 1545/2159/1001 1585/2158/1035
f 1586/2161/1036 1542/2163/999 1544/2150/993
f 1587/2164/944 1547/2166/1002 1546/2140/1002
f 1556/2113/1008 1545/2102/1001 1547/2104/1002
f 1555/2112/1007 1584/2201/1034 1583/2184/994
f 1554/2165/1006 1587/2164/944 1582/2155/1033
f 1586/2161/1036 1585/2158/1035 1556/2160/1008
f 1553/2110/944 1588/2168/1037 1533/2123/992
f 1565/2185/1017 1549/2106/1003 1590/2186/1039
f 1592/2188/1041 1534/2091/993 1588/2189/1037
f 1552/2109/1005 1565/2176/1017 1564/2167/1016
f 1592/2174/1041 1563/2170/1015 1589/2169/1038
f 1569/2190/1020 1573/2203/1024 1570/2182/1021
f 1593/2191/950 1597/2195/950 1568/2126/1019
f 1594/2192/950 1589/2169/1038 1572/2136/1023
f 1596/2194/950 1574/2138/1025 1568/2126/1019
f 1596/2194/950 1595/2193/950 1572/2136/1023
f 1598/2196/950 1579/2148/1030 1576/2142/1027
f 1598/2196/950 1602/2200/950 1581/2152/1032
f 1600/2198/950 1599/2197/950 1576/2142/1027
f 1601/2199/950 1586/2161/1036 1581/2152/1032
f 1601/2199/950 1600/2198/950 1585/2158/1035
f 1594/2192/950 1593/2191/950 1591/2172/1040
f 1603/2204/1042 1604/2205/940 1605/2206/1043
f 1606/2207/950 1607/2208/1044 1608/2209/950
f 1609/2210/1045 1610/2211/1046 1611/2212/1047
f 1612/2213/1048 1613/2214/950 1608/2209/950
f 1614/2215/1049 1612/2213/1048 1608/2209/950
f 1615/2216/1050 1614/2215/1049 1608/2209/950
f 1616/2217/1051 1615/2216/1050 1608/2209/950
f 1617/2218/1052 1616/2217/1051 1608/2209/950
f 1618/2219/1053 1617/2218/1052 1608/2209/950
f 1619/2220/1054 1618/2219/1053 1608/2209/950
f 1620/2221/1055 1619/2220/1054 1608/2209/950
f 1621/2222/950 1622/2223/950 1623/2224/1056
f 1624/2225/1057 1625/2226/1058 1626/2227/1059
f 1613/2214/950 1606/2207/950 1608/2209/950
f 1627/2228/1060 1628/2229/1061 1610/2211/1046
f 1629/2230/1062 1630/2231/1063 1631/2232/1064
f 1604/2205/940 1632/2233/1065 1633/2234/1066
f 1633/2234/1066 1634/2235/1067 1635/2236/1068
f 1636/2237/1069 1637/2238/1070 1638/2239/1071
f 1639/2240/1072 1605/2206/1043 1640/2241/1073
f 1641/2242/1074 1640/2241/1073 1642/2243/945
f 1643/2244/1075 1642/2245/945 1644/2246/1076
f 1645/2247/1077 1644/2246/1076 1646/2248/1078
f 1647/2249/1079 1646/2248/1078 1648/2250/863
f 1626/2227/1059 1647/2249/1079 1648/2250/863
f 1613/2214/950 1621/2222/950 1606/2207/950
f 1649/2251/1080 1650/2252/1081 1636/2237/1069
f 1606/2207/950 1651/2253/1082 1634/2254/1067
f 1611/2255/1047 1613/2214/950 1652/2256/1083
f 1637/2257/1070 1623/2224/1056 1653/2258/1084
f 1622/2223/950 1628/2259/1061 1630/2260/1063
f 1654/2261/1085 1607/2208/1044 1632/2262/1065
f 1634/2254/1067 1607/2208/1044 1606/2207/950
f 1649/2251/1080 1634/2235/1067 1651/2263/1082
f 1610/2264/1046 1622/2223/950 1655/2265/1056
f 1624/2225/1057 1611/2212/1047 1652/2266/1083
f 1652/2256/1083 1612/2213/1048 1625/2267/1058
f 1625/2267/1058 1614/2215/1049 1647/2268/1079
f 1645/2269/1077 1614/2215/1049 1615/2216/1050
f 1643/2270/1075 1615/2216/1050 1616/2217/1051
f 1641/2271/1074 1616/2217/1051 1617/2218/1052
f 1639/2272/1072 1617/2218/1052 1618/2219/1053
f 1639/2272/1072 1619/2220/1054 1603/2273/1042
f 1603/2273/1042 1620/2221/1055 1654/2261/1085
f 1628/2274/1061 1631/2232/1064 1630/2231/1063
f 1653/2275/1084 1638/2276/1071 1637/2277/1070
f 1630/2260/1063 1623/2224/1056 1622/2223/950
f 1650/2278/1081 1623/2224/1056 1637/2257/1070
f 1611/2255/1047 1655/2265/1056 1613/2214/950
f 1651/2253/1082 1621/2222/950 1650/2278/1081
f 1607/2208/1044 1620/2221/1055 1608/2209/950
f 1603/2204/1042 1654/2279/1085 1604/2205/940
f 1609/2210/1045 1627/2228/1060 1610/2211/1046
f 1621/2222/950 1655/2265/1056 1622/2223/950
f 1624/2225/1057 1652/2266/1083 1625/2226/1058
f 1627/2228/1060 1656/2280/1086 1628/2229/1061
f 1629/2230/1062 1653/2275/1084 1630/2231/1063
f 1604/2205/940 1654/2279/1085 1632/2233/1065
f 1633/2234/1066 1632/2233/1065 1634/2235/1067
f 1636/2237/1069 1650/2252/1081 1637/2238/1070
f 1639/2240/1072 1603/2204/1042 1605/2206/1043
f 1641/2242/1074 1639/2240/1072 1640/2241/1073
f 1643/2244/1075 1641/2281/1074 1642/2245/945
f 1645/2247/1077 1643/2244/1075 1644/2246/1076
f 1647/2249/1079 1645/2247/1077 1646/2248/1078
f 1626/2227/1059 1625/2226/1058 1647/2249/1079
f 1613/2214/950 1655/2265/1056 1621/2222/950
f 1649/2251/1080 1651/2263/1082 1650/2252/1081
f 1654/2261/1085 1620/2221/1055 1607/2208/1044
f 1634/2254/1067 1632/2262/1065 1607/2208/1044
f 1649/2251/1080 1635/2236/1068 1634/2235/1067
f 1610/2264/1046 1628/2259/1061 1622/2223/950
f 1624/2225/1057 1609/2210/1045 1611/2212/1047
f 1652/2256/1083 1613/2214/950 1612/2213/1048
f 1625/2267/1058 1612/2213/1048 1614/2215/1049
f 1645/2269/1077 1647/2268/1079 1614/2215/1049
f 1643/2270/1075 1645/2269/1077 1615/2216/1050
f 1641/2271/1074 1643/2270/1075 1616/2217/1051
f 1639/2272/1072 1641/2271/1074 1617/2218/1052
f 1639/2272/1072 1618/2219/1053 1619/2220/1054
f 1603/2273/1042 1619/2220/1054 1620/2221/1055
f 1628/2274/1061 1656/2282/1086 1631/2232/1064
f 1653/2275/1084 1629/2230/1062 1638/2276/1071
f 1630/2260/1063 1653/2258/1084 1623/2224/1056
f 1650/2278/1081 1621/2222/950 1623/2224/1056
f 1611/2255/1047 1610/2264/1046 1655/2265/1056
f 1651/2253/1082 1606/2207/950 1621/2222/950
f 1657/2283/855 1658/2284/856 1659/2285/857
f 1660/2286/933 1661/2287/1087 1662/2288/940
f 1663/2289/861 1664/2290/862 1665/2291/863
f 1666/2292/864 1663/2289/861 1665/2291/863
f 1667/2293/865 1666/2292/864 1665/2291/863
f 1668/2294/866 1669/2295/867 1665/2291/863
f 1670/2296/1088 1668/2294/866 1665/2291/863
f 1671/2297/869 1667/2293/865 1665/2291/863
f 1669/2295/867 1671/2297/869 1665/2291/863
f 1672/2298/940 1673/2299/1089 1674/2300/872
f 1675/2301/873 1676/2302/874 1665/2291/863
f 1677/2303/1090 1675/2301/873 1665/2291/863
f 1664/2290/862 1677/2303/1090 1665/2291/863
f 1678/2304/876 1659/2305/857 1679/2306/877
f 1680/2307/878 1681/2308/1091 1658/2284/856
f 1682/2309/880 1683/2310/881 1681/2308/1091
f 1684/2311/882 1685/2312/883 1683/2310/881
f 1686/2313/884 1687/2314/885 1685/2312/883
f 1688/2315/886 1689/2316/887 1687/2314/885
f 1690/2317/888 1691/2318/889 1689/2316/887
f 1692/2319/890 1693/2320/891 1691/2318/889
f 1694/2321/1092 1695/2322/893 1693/2320/891
f 1696/2323/894 1697/2324/895 1695/2322/893
f 1698/2325/896 1679/2306/877 1697/2324/895
f 1699/2326/1093 1670/2296/1088 1665/2291/863
f 1700/2327/940 1673/2299/1089 1701/2328/940
f 1672/2298/940 1702/2329/1094 1703/2330/940
f 1704/2331/940 1705/2332/1095 1706/2333/940
f 1707/2334/940 1708/2335/1096 1704/2331/940
f 1709/2336/940 1710/2337/1097 1707/2334/940
f 1709/2336/940 1711/2338/907 1712/2339/908
f 1713/2340/940 1714/2341/1098 1711/2338/907
f 1715/2342/940 1714/2341/1098 1716/2343/940
f 1717/2344/940 1718/2345/1099 1715/2342/940
f 1703/2330/940 1719/2346/915 1717/2344/940
f 1720/2347/1100 1721/2348/1101 1662/2288/940
f 1700/2327/940 1705/2332/1095 1722/2349/917
f 1723/2350/1102 1720/2347/1100 1662/2288/940
f 1724/2351/1103 1723/2350/1102 1662/2288/940
f 1725/2352/1104 1726/2353/1105 1662/2288/940
f 1727/2354/1106 1660/2286/933 1662/2288/940
f 1728/2355/1107 1724/2351/1103 1662/2288/940
f 1729/2356/1108 1725/2352/1104 1662/2288/940
f 1730/2357/1109 1727/2354/1106 1662/2288/940
f 1661/2287/1087 1728/2355/1107 1662/2288/940
f 1721/2348/1101 1729/2356/1108 1662/2288/940
f 1726/2353/1105 1730/2357/1109 1662/2288/940
f 1672/2358/1110 1731/2359/916 1701/2360/1111
f 1703/2361/1112 1732/2362/918 1672/2363/1110
f 1717/2364/1113 1733/2365/1114 1703/2361/1112
f 1715/2366/1115 1734/2367/921 1717/2364/1113
f 1716/2368/1116 1735/2369/927 1715/2366/1115
f 1713/2370/1117 1736/2371/925 1716/2368/1116
f 1709/2372/1118 1737/2373/922 1713/2370/1117
f 1707/2374/1119 1738/2375/1120 1709/2372/1118
f 1704/2376/1121 1739/2377/1122 1707/2374/1119
f 1706/2378/1123 1740/2379/923 1704/2376/1121
f 1700/2380/1124 1741/2381/920 1706/2378/1123
f 1701/2360/1111 1742/2382/919 1700/2380/1124
f 1657/2383/855 1673/2299/1089 1680/2384/878
f 1680/2384/878 1722/2349/917 1682/2385/880
f 1682/2385/880 1705/2332/1095 1684/2386/882
f 1684/2386/882 1708/2335/1096 1686/2387/884
f 1686/2387/884 1710/2337/1097 1688/2388/886
f 1690/2389/888 1710/2337/1097 1712/2339/908
f 1690/2389/888 1711/2338/907 1692/2390/890
f 1692/2390/890 1714/2341/1098 1694/2391/1092
f 1696/2392/894 1714/2341/1098 1718/2345/1099
f 1698/2393/896 1718/2345/1099 1719/2346/915
f 1698/2393/896 1702/2329/1094 1678/2394/876
f 1657/2383/855 1702/2329/1094 1674/2300/872
f 1659/2395/857 1670/2296/1088 1699/2326/1093
f 1658/2396/856 1668/2294/866 1670/2296/1088
f 1681/2397/1091 1669/2295/867 1668/2294/866
f 1683/2398/881 1671/2297/869 1669/2295/867
f 1687/2399/885 1671/2297/869 1685/2400/883
f 1689/2401/887 1667/2293/865 1687/2399/885
f 1689/2401/887 1663/2289/861 1666/2292/864
f 1691/2402/889 1664/2290/862 1663/2289/861
f 1695/2403/893 1664/2290/862 1693/2404/891
f 1697/2405/895 1677/2303/1090 1695/2403/893
f 1697/2405/895 1676/2302/874 1675/2301/873
f 1659/2395/857 1676/2302/874 1679/2406/877
f 1732/2407/918 1720/2347/1100 1731/2408/916
f 1731/2408/916 1723/2350/1102 1742/2409/919
f 1741/2410/920 1723/2350/1102 1724/2351/1103
f 1741/2410/920 1728/2355/1107 1740/2411/923
f 1740/2411/923 1661/2287/1087 1739/2412/1122
f 1739/2412/1122 1660/2286/933 1738/2413/1120
f 1738/2413/1120 1727/2354/1106 1737/2414/922
f 1736/2415/925 1727/2354/1106 1730/2357/1109
f 1736/2415/925 1726/2353/1105 1735/2416/927
f 1735/2416/927 1725/2352/1104 1734/2417/921
f 1733/2418/1114 1725/2352/1104 1729/2356/1108
f 1732/2407/918 1729/2356/1108 1721/2348/1101
f 1676/2302/874 1699/2326/1093 1665/2291/863
f 1657/2283/855 1680/2307/878 1658/2284/856
f 1672/2298/940 1701/2328/940 1673/2299/1089
f 1678/2304/876 1657/2419/855 1659/2305/857
f 1680/2307/878 1682/2309/880 1681/2308/1091
f 1682/2309/880 1684/2311/882 1683/2310/881
f 1684/2311/882 1686/2313/884 1685/2312/883
f 1686/2313/884 1688/2315/886 1687/2314/885
f 1688/2315/886 1690/2317/888 1689/2316/887
f 1690/2317/888 1692/2319/890 1691/2318/889
f 1692/2319/890 1694/2321/1092 1693/2320/891
f 1694/2321/1092 1696/2323/894 1695/2322/893
f 1696/2323/894 1698/2325/896 1697/2324/895
f 1698/2325/896 1678/2304/876 1679/2306/877
f 1700/2327/940 1722/2349/917 1673/2299/1089
f 1672/2298/940 1674/2300/872 1702/2329/1094
f 1704/2331/940 1708/2335/1096 1705/2332/1095
f 1707/2334/940 1710/2337/1097 1708/2335/1096
f 1709/2336/940 1712/2339/908 1710/2337/1097
f 1709/2336/940 1713/2340/940 1711/2338/907
f 1713/2340/940 1716/2343/940 1714/2341/1098
f 1715/2342/940 1718/2345/1099 1714/2341/1098
f 1717/2344/940 1719/2346/915 1718/2345/1099
f 1703/2330/940 1702/2329/1094 1719/2346/915
f 1700/2327/940 1706/2333/940 1705/2332/1095
f 1672/2358/1110 1732/2420/918 1731/2359/916
f 1703/2361/1112 1733/2365/1114 1732/2362/918
f 1717/2364/1113 1734/2367/921 1733/2365/1114
f 1715/2366/1115 1735/2369/927 1734/2367/921
f 1716/2368/1116 1736/2371/925 1735/2369/927
f 1713/2370/1117 1737/2373/922 1736/2371/925
f 1709/2372/1118 1738/2375/1120 1737/2373/922
f 1707/2374/1119 1739/2377/1122 1738/2375/1120
f 1704/2376/1121 1740/2379/923 1739/2377/1122
f 1706/2378/1123 1741/2381/920 1740/2379/923
f 1700/2380/1124 1742/2382/919 1741/2381/920
f 1701/2360/1111 1731/2359/916 1742/2382/919
f 1657/2383/855 1674/2300/872 1673/2299/1089
f 1680/2384/878 1673/2299/1089 1722/2349/917
f 1682/2385/880 1722/2349/917 1705/2332/1095
f 1684/2386/882 1705/2332/1095 1708/2335/1096
f 1686/2387/884 1708/2335/1096 1710/2337/1097
f 1690/2389/888 1688/2388/886 1710/2337/1097
f 1690/2389/888 1712/2339/908 1711/2338/907
f 1692/2390/890 1711/2338/907 1714/2341/1098
f 1696/2392/894 1694/2391/1092 1714/2341/1098
f 1698/2393/896 1696/2392/894 1718/2345/1099
f 1698/2393/896 1719/2346/915 1702/2329/1094
f 1657/2383/855 1678/2394/876 1702/2329/1094
f 1659/2395/857 1658/2396/856 1670/2296/1088
f 1658/2396/856 1681/2397/1091 1668/2294/866
f 1681/2397/1091 1683/2398/881 1669/2295/867
f 1683/2398/881 1685/2400/883 1671/2297/869
f 1687/2399/885 1667/2293/865 1671/2297/869
f 1689/2401/887 1666/2292/864 1667/2293/865
f 1689/2401/887 1691/2402/889 1663/2289/861
f 1691/2402/889 1693/2404/891 1664/2290/862
f 1695/2403/893 1677/2303/1090 1664/2290/862
f 1697/2405/895 1675/2301/873 1677/2303/1090
f 1697/2405/895 1679/2406/877 1676/2302/874
f 1659/2395/857 1699/2326/1093 1676/2302/874
f 1732/2407/918 1721/2348/1101 1720/2347/1100
f 1731/2408/916 1720/2347/1100 1723/2350/1102
f 1741/2410/920 1742/2409/919 1723/2350/1102
f 1741/2410/920 1724/2351/1103 1728/2355/1107
f 1740/2411/923 1728/2355/1107 1661/2287/1087
f 1739/2412/1122 1661/2287/1087 1660/2286/933
f 1738/2413/1120 1660/2286/933 1727/2354/1106
f 1736/2415/925 1737/2414/922 1727/2354/1106
f 1736/2415/925 1730/2357/1109 1726/2353/1105
f 1735/2416/927 1726/2353/1105 1725/2352/1104
f 1733/2418/1114 1734/2417/921 1725/2352/1104
f 1732/2407/918 1733/2418/1114 1729/2356/1108
f 1743/2421/1042 1744/2422/940 1745/2423/1043
f 1746/2424/1125 1747/2425/1044 1748/2426/950
f 1749/2427/1126 1750/2428/1127 1751/2429/1128
f 1752/2430/1048 1753/2431/1129 1748/2426/950
f 1754/2432/1049 1752/2430/1048 1748/2426/950
f 1755/2433/1050 1754/2432/1049 1748/2426/950
f 1756/2434/1051 1755/2433/1050 1748/2426/950
f 1757/2435/1130 1756/2434/1051 1748/2426/950
f 1758/2436/1053 1757/2435/1130 1748/2426/950
f 1759/2437/1054 1758/2436/1053 1748/2426/950
f 1760/2438/1055 1759/2437/1054 1748/2426/950
f 1761/2439/950 1762/2440/950 1763/2441/950
f 1764/2442/1131 1765/2443/1132 1766/2444/1059
f 1753/2431/1129 1746/2424/1125 1748/2426/950
f 1767/2445/1133 1768/2446/1134 1750/2428/1127
f 1769/2447/1135 1770/2448/1136 1771/2449/1137
f 1772/2450/1138 1773/2451/1139 1774/2452/1064
f 1775/2453/1140 1776/2454/1141 1768/2446/1134
f 1777/2455/950 1761/2439/950 1778/2456/950
f 1744/2422/940 1779/2457/1065 1780/2458/1142
f 1780/2458/1142 1781/2459/1143 1782/2460/1144
f 1770/2448/1136 1783/2461/1145 1784/2462/1146
f 1785/2463/1147 1745/2423/1043 1786/2464/1073
f 1787/2465/1074 1786/2464/1073 1788/2466/945
f 1789/2467/1148 1788/2468/945 1790/2469/1076
f 1791/2470/1077 1790/2469/1076 1792/2471/1078
f 1793/2472/1079 1792/2471/1078 1794/2473/863
f 1766/2444/1059 1793/2472/1079 1794/2473/863
f 1746/2424/1125 1777/2455/950 1778/2456/950
f 1795/2474/1149 1771/2449/1137 1796/2475/1150
f 1795/2476/1149 1781/2477/1143 1746/2424/1125
f 1751/2478/1128 1753/2431/1129 1797/2479/1151
f 1783/2480/1145 1763/2441/950 1798/2481/1152
f 1762/2440/950 1776/2482/1141 1773/2483/1139
f 1799/2484/1153 1747/2425/1044 1779/2485/1065
f 1768/2486/1134 1762/2440/950 1800/2487/950
f 1764/2442/1131 1751/2429/1128 1797/2488/1151
f 1797/2479/1151 1752/2430/1048 1765/2489/1132
f 1765/2489/1132 1754/2432/1049 1793/2490/1079
f 1791/2491/1077 1754/2432/1049 1755/2433/1050
f 1789/2492/1148 1755/2433/1050 1756/2434/1051
f 1787/2493/1074 1756/2434/1051 1757/2435/1130
f 1785/2494/1147 1757/2435/1130 1758/2436/1053
f 1785/2494/1147 1759/2437/1054 1743/2495/1042
f 1743/2495/1042 1760/2438/1055 1799/2484/1153
f 1776/2496/1141 1774/2452/1064 1773/2451/1139
f 1798/2497/1152 1784/2498/1146 1783/2499/1145
f 1773/2483/1139 1763/2441/950 1762/2440/950
f 1795/2476/1149 1778/2456/950 1769/2500/1135
f 1801/2501/1154 1778/2456/950 1761/2439/950
f 1751/2478/1128 1777/2455/950 1753/2431/1129
f 1796/2475/1150 1781/2459/1143 1795/2474/1149
f 1750/2502/1127 1800/2487/950 1777/2455/950
f 1801/2501/1154 1763/2441/950 1783/2480/1145
f 1781/2477/1143 1747/2425/1044 1746/2424/1125
f 1747/2425/1044 1760/2438/1055 1748/2426/950
f 1743/2421/1042 1799/2503/1153 1744/2422/940
f 1749/2427/1126 1767/2445/1133 1750/2428/1127
f 1761/2439/950 1800/2487/950 1762/2440/950
f 1764/2442/1131 1797/2488/1151 1765/2443/1132
f 1767/2445/1133 1775/2453/1140 1768/2446/1134
f 1769/2447/1135 1801/2504/1154 1770/2448/1136
f 1772/2450/1138 1798/2497/1152 1773/2451/1139
f 1775/2453/1140 1802/2505/1155 1776/2454/1141
f 1777/2455/950 1800/2487/950 1761/2439/950
f 1744/2422/940 1799/2503/1153 1779/2457/1065
f 1780/2458/1142 1779/2457/1065 1781/2459/1143
f 1770/2448/1136 1801/2504/1154 1783/2461/1145
f 1785/2463/1147 1743/2421/1042 1745/2423/1043
f 1787/2465/1074 1785/2463/1147 1786/2464/1073
f 1789/2467/1148 1787/2506/1074 1788/2468/945
f 1791/2470/1077 1789/2467/1148 1790/2469/1076
f 1793/2472/1079 1791/2470/1077 1792/2471/1078
f 1766/2444/1059 1765/2443/1132 1793/2472/1079
f 1746/2424/1125 1753/2431/1129 1777/2455/950
f 1795/2474/1149 1769/2447/1135 1771/2449/1137
f 1799/2484/1153 1760/2438/1055 1747/2425/1044
f 1768/2486/1134 1776/2482/1141 1762/2440/950
f 1764/2442/1131 1749/2427/1126 1751/2429/1128
f 1797/2479/1151 1753/2431/1129 1752/2430/1048
f 1765/2489/1132 1752/2430/1048 1754/2432/1049
f 1791/2491/1077 1793/2490/1079 1754/2432/1049
f 1789/2492/1148 1791/2491/1077 1755/2433/1050
f 1787/2493/1074 1789/2492/1148 1756/2434/1051
f 1785/2494/1147 1787/2493/1074 1757/2435/1130
f 1785/2494/1147 1758/2436/1053 1759/2437/1054
f 1743/2495/1042 1759/2437/1054 1760/2438/1055
f 1776/2496/1141 1802/2507/1155 1774/2452/1064
f 1798/2497/1152 1772/2450/1138 1784/2498/1146
f 1773/2483/1139 1798/2481/1152 1763/2441/950
f 1795/2476/1149 1746/2424/1125 1778/2456/950
f 1801/2501/1154 1769/2500/1135 1778/2456/950
f 1751/2478/1128 1750/2502/1127 1777/2455/950
f 1796/2475/1150 1782/2460/1144 1781/2459/1143
f 1750/2502/1127 1768/2486/1134 1800/2487/950
f 1801/2501/1154 1761/2439/950 1763/2441/950
f 1781/2477/1143 1779/2485/1065 1747/2425/1044
f 1803/2508/1042 1804/2509/940 1805/2510/1043
f 1806/2511/1156 1807/2512/1044 1808/2513/950
f 1809/2514/1157 1810/2515/1158 1811/2516/1159
f 1812/2517/1048 1813/2518/1160 1808/2513/950
f 1814/2519/1049 1812/2517/1048 1808/2513/950
f 1815/2520/1050 1814/2519/1049 1808/2513/950
f 1816/2521/1051 1815/2520/1050 1808/2513/950
f 1817/2522/1052 1816/2521/1051 1808/2513/950
f 1818/2523/1053 1817/2522/1052 1808/2513/950
f 1819/2524/1054 1818/2523/1053 1808/2513/950
f 1820/2525/1055 1819/2524/1054 1808/2513/950
f 1821/2526/950 1822/2527/1161 1823/2528/950
f 1824/2529/1162 1825/2530/1058 1826/2531/1059
f 1813/2518/1160 1806/2511/1156 1808/2513/950
f 1827/2532/1163 1828/2533/950 1829/2534/1164
f 1830/2535/1165 1831/2536/1166 1832/2537/1167
f 1833/2538/1168 1834/2539/1169 1810/2515/1158
f 1828/2533/950 1821/2526/950 1823/2528/950
f 1835/2540/1170 1836/2541/1171 1834/2539/1169
f 1837/2542/1172 1838/2543/1173 1839/2544/1174
f 1840/2545/1175 1841/2546/1176 1831/2536/1166
f 1842/2547/1177 1843/2548/1178 1836/2541/1171
f 1804/2509/940 1844/2549/1065 1845/2550/1142
f 1845/2550/1142 1846/2551/1179 1847/2552/1180
f 1848/2553/1181 1849/2554/1182 1841/2546/1176
f 1850/2555/1147 1805/2510/1043 1851/2556/1073
f 1852/2557/1074 1851/2556/1073 1853/2558/945
f 1854/2559/1075 1853/2560/945 1855/2561/1076
f 1856/2562/1077 1855/2561/1076 1857/2563/1078
f 1858/2564/1079 1857/2563/1078 1859/2565/863
f 1826/2531/1059 1858/2564/1079 1859/2565/863
f 1806/2511/1156 1827/2532/1163 1829/2534/1164
f 1860/2566/1183 1832/2537/1167 1861/2567/1184
f 1806/2511/1156 1860/2568/1183 1846/2569/1179
f 1811/2570/1159 1813/2518/1160 1862/2571/1185
f 1863/2572/1186 1822/2527/1161 1864/2573/1187
f 1865/2574/1188 1843/2575/1178 1838/2576/1173
f 1866/2577/1153 1807/2512/1044 1844/2578/1065
f 1846/2569/1179 1807/2512/1044 1806/2511/1156
f 1861/2567/1184 1846/2551/1179 1860/2566/1183
f 1836/2579/1171 1865/2574/1188 1821/2526/950
f 1824/2529/1162 1811/2516/1159 1862/2580/1185
f 1862/2571/1185 1812/2517/1048 1825/2581/1058
f 1825/2581/1058 1814/2519/1049 1858/2582/1079
f 1856/2583/1077 1814/2519/1049 1815/2520/1050
f 1854/2584/1075 1815/2520/1050 1816/2521/1051
f 1852/2585/1074 1816/2521/1051 1817/2522/1052
f 1850/2586/1147 1817/2522/1052 1818/2523/1053
f 1850/2586/1147 1819/2524/1054 1803/2587/1042
f 1803/2587/1042 1820/2525/1055 1866/2577/1153
f 1843/2588/1178 1839/2544/1174 1838/2543/1173
f 1864/2589/1187 1849/2590/1182 1863/2591/1186
f 1864/2573/1187 1865/2574/1188 1838/2576/1173
f 1840/2592/1175 1823/2528/950 1848/2593/1181
f 1810/2594/1158 1867/2595/950 1827/2532/1163
f 1811/2570/1159 1827/2532/1163 1813/2518/1160
f 1848/2593/1181 1822/2527/1161 1863/2572/1186
f 1836/2579/1171 1867/2595/950 1834/2596/1169
f 1860/2568/1183 1829/2534/1164 1830/2597/1165
f 1840/2592/1175 1829/2534/1164 1828/2533/950
f 1807/2512/1044 1820/2525/1055 1808/2513/950
f 1803/2508/1042 1866/2598/1153 1804/2509/940
f 1809/2514/1157 1833/2538/1168 1810/2515/1158
f 1821/2526/950 1865/2574/1188 1822/2527/1161
f 1824/2529/1162 1862/2580/1185 1825/2530/1058
f 1827/2532/1163 1867/2595/950 1828/2533/950
f 1830/2535/1165 1840/2545/1175 1831/2536/1166
f 1833/2538/1168 1835/2540/1170 1834/2539/1169
f 1828/2533/950 1867/2595/950 1821/2526/950
f 1835/2540/1170 1842/2547/1177 1836/2541/1171
f 1837/2542/1172 1864/2589/1187 1838/2543/1173
f 1840/2545/1175 1848/2553/1181 1841/2546/1176
f 1842/2547/1177 1868/2599/1189 1843/2548/1178
f 1804/2509/940 1866/2598/1153 1844/2549/1065
f 1845/2550/1142 1844/2549/1065 1846/2551/1179
f 1848/2553/1181 1863/2600/1186 1849/2554/1182
f 1850/2555/1147 1803/2508/1042 1805/2510/1043
f 1852/2557/1074 1850/2555/1147 1851/2556/1073
f 1854/2559/1075 1852/2601/1074 1853/2560/945
f 1856/2562/1077 1854/2559/1075 1855/2561/1076
f 1858/2564/1079 1856/2562/1077 1857/2563/1078
f 1826/2531/1059 1825/2530/1058 1858/2564/1079
f 1806/2511/1156 1813/2518/1160 1827/2532/1163
f 1860/2566/1183 1830/2535/1165 1832/2537/1167
f 1866/2577/1153 1820/2525/1055 1807/2512/1044
f 1846/2569/1179 1844/2578/1065 1807/2512/1044
f 1861/2567/1184 1847/2552/1180 1846/2551/1179
f 1836/2579/1171 1843/2575/1178 1865/2574/1188
f 1824/2529/1162 1809/2514/1157 1811/2516/1159
f 1862/2571/1185 1813/2518/1160 1812/2517/1048
f 1825/2581/1058 1812/2517/1048 1814/2519/1049
f 1856/2583/1077 1858/2582/1079 1814/2519/1049
f 1854/2584/1075 1856/2583/1077 1815/2520/1050
f 1852/2585/1074 1854/2584/1075 1816/2521/1051
f 1850/2586/1147 1852/2585/1074 1817/2522/1052
f 1850/2586/1147 1818/2523/1053 1819/2524/1054
f 1803/2587/1042 1819/2524/1054 1820/2525/1055
f 1843/2588/1178 1868/2602/1189 1839/2544/1174
f 1864/2589/1187 1837/2542/1172 1849/2590/1182
f 1864/2573/1187 1822/2527/1161 1865/2574/1188
f 1840/2592/1175 1828/2533/950 1823/2528/950
f 1810/2594/1158 1834/2596/1169 1867/2595/950
f 1811/2570/1159 1810/2594/1158 1827/2532/1163
f 1848/2593/1181 1823/2528/950 1822/2527/1161
f 1836/2579/1171 1821/2526/950 1867/2595/950
f 1860/2568/1183 1806/2511/1156 1829/2534/1164
f 1840/2592/1175 1830/2597/1165 1829/2534/1164
f 1869/2603/855 1870/2604/856 1871/2605/857
f 1872/2606/1119 1873/2607/859 1874/2608/1118
f 1875/2609/861 1876/2610/862 1877/2611/863
f 1878/2612/864 1875/2609/861 1877/2611/863
f 1879/2613/865 1878/2612/864 1877/2611/863
f 1880/2614/866 1881/2615/867 1877/2611/863
f 1882/2616/868 1880/2614/866 1877/2611/863
f 1883/2617/869 1879/2613/865 1877/2611/863
f 1881/2615/867 1883/2617/869 1877/2611/863
f 1884/2618/940 1885/2619/871 1886/2620/872
f 1887/2621/873 1888/2622/874 1877/2611/863
f 1889/2623/875 1887/2621/873 1877/2611/863
f 1876/2610/862 1889/2623/875 1877/2611/863
f 1890/2624/876 1871/2605/857 1891/2625/877
f 1892/2626/878 1893/2627/879 1870/2628/856
f 1894/2629/880 1895/2630/881 1893/2627/879
f 1896/2631/882 1897/2632/883 1895/2630/881
f 1898/2633/884 1899/2634/885 1897/2632/883
f 1900/2635/886 1901/2636/1190 1899/2634/885
f 1902/2637/888 1903/2638/889 1901/2636/1190
f 1904/2639/890 1905/2640/891 1903/2638/889
f 1906/2641/892 1907/2642/893 1905/2640/891
f 1908/2643/894 1909/2644/895 1907/2642/893
f 1910/2645/896 1891/2625/877 1909/2644/895
f 1911/2646/1093 1882/2616/868 1877/2611/863
f 1912/2647/940 1885/2619/871 1913/2648/940
f 1884/2618/940 1914/2649/900 1915/2650/940
f 1916/2651/940 1917/2652/903 1918/2653/940
f 1872/2654/940 1919/2655/905 1916/2651/940
f 1874/2656/940 1920/2657/906 1872/2654/940
f 1874/2656/940 1921/2658/1191 1922/2659/908
f 1923/2660/940 1924/2661/910 1921/2658/1191
f 1925/2662/940 1924/2661/910 1926/2663/940
f 1927/2664/940 1928/2665/914 1925/2662/940
f 1915/2650/940 1929/2666/915 1927/2664/940
f 1884/2667/1110 1930/2668/916 1913/2669/1111
f 1912/2647/940 1917/2652/903 1931/2670/917
f 1915/2671/1112 1932/2672/918 1884/2667/1110
f 1913/2673/1111 1933/2674/919 1912/2675/1124
f 1912/2675/1124 1934/2676/920 1918/2677/1123
f 1925/2678/1115 1935/2679/921 1927/2680/1113
f 1874/2608/1118 1936/2681/922 1923/2682/1117
f 1918/2677/1123 1937/2683/1192 1916/2684/1121
f 1927/2680/1113 1938/2685/1114 1915/2671/1112
f 1923/2682/1117 1939/2686/925 1926/2687/1116
f 1916/2684/1121 1940/2688/926 1872/2606/1119
f 1926/2687/1116 1941/2689/927 1925/2678/1115
f 1869/2690/855 1885/2619/871 1892/2691/878
f 1892/2691/878 1931/2670/917 1894/2692/880
f 1894/2692/880 1917/2652/903 1896/2693/882
f 1896/2693/882 1919/2655/905 1898/2694/884
f 1898/2694/884 1920/2657/906 1900/2695/886
f 1902/2696/888 1920/2657/906 1922/2659/908
f 1902/2696/888 1921/2658/1191 1904/2697/890
f 1904/2697/890 1924/2661/910 1906/2698/892
f 1908/2699/894 1924/2661/910 1928/2665/914
f 1910/2700/896 1928/2665/914 1929/2666/915
f 1910/2700/896 1914/2649/900 1890/2701/876
f 1869/2690/855 1914/2649/900 1886/2620/872
f 1871/2702/857 1882/2616/868 1911/2646/1093
f 1870/2703/856 1880/2614/866 1882/2616/868
f 1893/2704/879 1881/2615/867 1880/2614/866
f 1895/2705/881 1883/2617/869 1881/2615/867
f 1899/2706/885 1883/2617/869 1897/2707/883
f 1901/2708/1190 1879/2613/865 1899/2706/885
f 1901/2708/1190 1875/2609/861 1878/2612/864
f 1903/2709/889 1876/2610/862 1875/2609/861
f 1907/2710/893 1876/2610/862 1905/2711/891
f 1909/2712/895 1889/2623/875 1907/2710/893
f 1909/2712/895 1888/2622/874 1887/2621/873
f 1871/2702/857 1888/2622/874 1891/2713/877
f 1932/2714/918 1942/2715/928 1930/2716/916
f 1930/2716/916 1943/2717/1193 1933/2718/919
f 1934/2719/920 1943/2717/1193 1944/2720/1194
f 1934/2719/920 1945/2721/931 1937/2722/1192
f 1937/2722/1192 1946/2723/1195 1940/2724/926
f 1940/2724/926 1947/2725/933 1873/2726/859
f 1873/2726/859 1948/2727/1196 1936/2728/922
f 1939/2729/925 1948/2727/1196 1949/2730/1197
f 1939/2729/925 1950/2731/936 1941/2732/927
f 1941/2732/927 1951/2733/937 1935/2734/921
f 1938/2735/1114 1951/2733/937 1952/2736/938
f 1932/2714/918 1952/2736/938 1953/2737/1198
f 1888/2622/874 1911/2646/1093 1877/2611/863
f 1942/2715/928 1953/2737/1198 1954/2738/940
f 1953/2737/1198 1952/2736/938 1954/2738/940
f 1952/2736/938 1951/2733/937 1954/2738/940
f 1951/2733/937 1950/2731/936 1954/2738/940
f 1950/2731/936 1949/2730/1197 1954/2738/940
f 1949/2730/1197 1948/2727/1196 1954/2738/940
f 1948/2727/1196 1947/2725/933 1954/2738/940
f 1947/2725/933 1946/2723/1195 1954/2738/940
f 1946/2723/1195 1945/2721/931 1954/2738/940
f 1945/2721/931 1944/2720/1194 1954/2738/940
f 1944/2720/1194 1943/2717/1193 1954/2738/940
f 1943/2717/1193 1942/2715/928 1954/2738/940
f 1869/2603/855 1892/2739/878 1870/2604/856
f 1872/2606/1119 1940/2688/926 1873/2607/859
f 1884/2618/940 1913/2648/940 1885/2619/871
f 1890/2624/876 1869/2603/855 1871/2605/857
f 1892/2626/878 1894/2629/880 1893/2627/879
f 1894/2629/880 1896/2631/882 1895/2630/881
f 1896/2631/882 1898/2633/884 1897/2632/883
f 1898/2633/884 1900/2635/886 1899/2634/885
f 1900/2635/886 1902/2637/888 1901/2636/1190
f 1902/2637/888 1904/2639/890 1903/2638/889
f 1904/2639/890 1906/2641/892 1905/2640/891
f 1906/2641/892 1908/2643/894 1907/2642/893
f 1908/2643/894 1910/2645/896 1909/2644/895
f 1910/2645/896 1890/2624/876 1891/2625/877
f 1912/2647/940 1931/2670/917 1885/2619/871
f 1884/2618/940 1886/2620/872 1914/2649/900
f 1916/2651/940 1919/2655/905 1917/2652/903
f 1872/2654/940 1920/2657/906 1919/2655/905
f 1874/2656/940 1922/2659/908 1920/2657/906
f 1874/2656/940 1923/2660/940 1921/2658/1191
f 1923/2660/940 1926/2663/940 1924/2661/910
f 1925/2662/940 1928/2665/914 1924/2661/910
f 1927/2664/940 1929/2666/915 1928/2665/914
f 1915/2650/940 1914/2649/900 1929/2666/915
f 1884/2667/1110 1932/2672/918 1930/2668/916
f 1912/2647/940 1918/2653/940 1917/2652/903
f 1915/2671/1112 1938/2685/1114 1932/2672/918
f 1913/2673/1111 1930/2740/916 1933/2674/919
f 1912/2675/1124 1933/2674/919 1934/2676/920
f 1925/2678/1115 1941/2689/927 1935/2679/921
f 1874/2608/1118 1873/2607/859 1936/2681/922
f 1918/2677/1123 1934/2676/920 1937/2683/1192
f 1927/2680/1113 1935/2679/921 1938/2685/1114
f 1923/2682/1117 1936/2681/922 1939/2686/925
f 1916/2684/1121 1937/2683/1192 1940/2688/926
f 1926/2687/1116 1939/2686/925 1941/2689/927
f 1869/2690/855 1886/2620/872 1885/2619/871
f 1892/2691/878 1885/2619/871 1931/2670/917
f 1894/2692/880 1931/2670/917 1917/2652/903
f 1896/2693/882 1917/2652/903 1919/2655/905
f 1898/2694/884 1919/2655/905 1920/2657/906
f 1902/2696/888 1900/2695/886 1920/2657/906
f 1902/2696/888 1922/2659/908 1921/2658/1191
f 1904/2697/890 1921/2658/1191 1924/2661/910
f 1908/2699/894 1906/2698/892 1924/2661/910
f 1910/2700/896 1908/2699/894 1928/2665/914
f 1910/2700/896 1929/2666/915 1914/2649/900
f 1869/2690/855 1890/2701/876 1914/2649/900
f 1871/2702/857 1870/2703/856 1882/2616/868
f 1870/2703/856 1893/2704/879 1880/2614/866
f 1893/2704/879 1895/2705/881 1881/2615/867
f 1895/2705/881 1897/2707/883 1883/2617/869
f 1899/2706/885 1879/2613/865 1883/2617/869
f 1901/2708/1190 1878/2612/864 1879/2613/865
f 1901/2708/1190 1903/2709/889 1875/2609/861
f 1903/2709/889 1905/2711/891 1876/2610/862
f 1907/2710/893 1889/2623/875 1876/2610/862
f 1909/2712/895 1887/2621/873 1889/2623/875
f 1909/2712/895 1891/2713/877 1888/2622/874
f 1871/2702/857 1911/2646/1093 1888/2622/874
f 1932/2714/918 1953/2737/1198 1942/2715/928
f 1930/2716/916 1942/2715/928 1943/2717/1193
f 1934/2719/920 1933/2718/919 1943/2717/1193
f 1934/2719/920 1944/2720/1194 1945/2721/931
f 1937/2722/1192 1945/2721/931 1946/2723/1195
f 1940/2724/926 1946/2723/1195 1947/2725/933
f 1873/2726/859 1947/2725/933 1948/2727/1196
f 1939/2729/925 1936/2728/922 1948/2727/1196
f 1939/2729/925 1949/2730/1197 1950/2731/936
f 1941/2732/927 1950/2731/936 1951/2733/937
f 1938/2735/1114 1935/2734/921 1951/2733/937
f 1932/2714/918 1938/2735/1114 1952/2736/938
f 1955/2741/944 1956/2742/944 1957/2743/944
f 1958/2744/945 1959/2745/945 1960/2746/945
f 1961/2747/1199 1962/2748/1200 1963/2749/1201
f 1964/2750/949 1965/2751/949 1966/2752/949
f 1967/2753/950 1968/2754/950 1969/2755/950
f 1970/2756/1202 1971/2757/1203 1972/2758/1204
f 1973/2759/944 1974/2760/944 1975/2761/944
f 1976/2762/945 1977/2763/945 1978/2764/945
f 1979/2765/1205 1980/2766/1206 1981/2767/1207
f 1982/2768/949 1983/2769/949 1984/2770/949
f 1985/2771/950 1986/2772/950 1987/2773/950
f 1988/2774/1208 1989/2775/942 1990/2776/943
f 1991/2777/944 1992/2778/944 1993/2779/944
f 1994/2780/945 1995/2781/945 1996/2782/945
f 1997/2783/946 1998/2784/947 1999/2785/948
f 2000/2786/949 2001/2787/949 2002/2788/949
f 2003/2789/950 2004/2790/950 2005/2791/950
f 2006/2792/1209 1957/2743/944 1966/2793/949
f 1956/2742/944 1962/2794/1200 1964/2795/949
f 2007/2796/1210 1965/2797/949 1969/2755/950
f 2008/2798/1211 1967/2753/950 2009/2799/949
f 2010/2800/1212 1959/2801/945 1955/2741/944
f 1963/2802/1201 2011/2803/944 2012/2804/945
f 2013/2805/1213 1968/2754/950 1960/2806/945
f 1961/2807/1199 1958/2808/945 2014/2809/950
f 1971/2810/1203 1974/2760/944 1984/2811/949
f 2015/2812/944 1980/2813/1206 1982/2814/949
f 1972/2815/1204 1983/2816/949 1985/2771/950
f 2016/2817/1214 2017/2818/950 2018/2819/949
f 2019/2820/1215 1977/2821/945 1975/2761/944
f 1981/2822/1207 1973/2759/944 2020/2823/945
f 1970/2824/1202 1987/2773/950 1978/2825/945
f 1979/2826/1205 1976/2827/945 1986/2772/950
f 1989/2828/942 1992/2778/944 2002/2829/949
f 2021/2830/944 1998/2831/947 2000/2832/949
f 1990/2833/943 2001/2834/949 2005/2791/950
f 2022/2835/964 2003/2789/950 2023/2836/949
f 2024/2837/965 1995/2838/945 1993/2779/944
f 1999/2839/948 1991/2777/944 2025/2840/945
f 1988/2841/1208 2004/2790/950 1996/2842/945
f 1997/2843/946 1994/2844/945 2026/2845/950
f 2006/2846/1209 1965/2751/949 2007/2847/1210
f 1957/2743/944 1964/2795/949 1966/2793/949
f 2008/2848/1211 1964/2750/949 1962/2748/1200
f 1969/2755/950 2009/2799/949 1967/2753/950
f 2007/2796/1210 1968/2754/950 2013/2805/1213
f 2008/2798/1211 2014/2809/950 1967/2753/950
f 1960/2806/945 2014/2809/950 1958/2808/945
f 2013/2849/1213 1959/2850/945 2010/2851/1212
f 1963/2852/1201 1958/2744/945 1961/2853/1199
f 2011/2803/944 1959/2801/945 2012/2804/945
f 2006/2792/1209 1955/2741/944 1957/2743/944
f 1962/2794/1200 2011/2803/944 1963/2802/1201
f 1972/2758/1204 1984/2770/949 1983/2769/949
f 2015/2812/944 1984/2811/949 1974/2760/944
f 2016/2854/1214 1982/2768/949 1980/2766/1206
f 2017/2818/950 1983/2816/949 2018/2819/949
f 1972/2815/1204 1987/2773/950 1970/2824/1202
f 1979/2826/1205 2017/2818/950 2016/2817/1214
f 1976/2827/945 1987/2773/950 1986/2772/950
f 1970/2756/1202 1977/2855/945 2019/2856/1215
f 1979/2857/1205 2020/2858/945 1976/2762/945
f 1975/2761/944 2020/2823/945 1973/2759/944
f 1971/2810/1203 1975/2761/944 1974/2760/944
f 1981/2822/1207 2015/2812/944 1973/2759/944
f 1989/2775/942 2001/2787/949 1990/2776/943
f 2021/2830/944 2002/2829/949 1992/2778/944
f 2022/2859/964 2000/2786/949 1998/2784/947
f 2005/2791/950 2023/2836/949 2003/2789/950
f 1990/2833/943 2004/2790/950 1988/2841/1208
f 1997/2843/946 2003/2789/950 2022/2835/964
f 1996/2842/945 2026/2845/950 1994/2844/945
f 1988/2774/1208 1995/2860/945 2024/2861/965
f 1999/2862/948 1994/2780/945 1997/2863/946
f 1993/2779/944 2025/2840/945 1991/2777/944
f 2024/2837/965 1992/2778/944 1989/2828/942
f 1998/2831/947 1991/2777/944 1999/2839/948
f 2013/2849/1213 2006/2846/1209 2007/2847/1210
f 1955/2741/944 2011/2803/944 1956/2742/944
f 1958/2744/945 2012/2864/945 1959/2745/945
f 1961/2747/1199 2008/2848/1211 1962/2748/1200
f 1964/2750/949 2009/2865/949 1965/2751/949
f 1967/2753/950 2014/2809/950 1968/2754/950
f 1970/2756/1202 2019/2856/1215 1971/2757/1203
f 1973/2759/944 2015/2812/944 1974/2760/944
f 1976/2762/945 2020/2858/945 1977/2763/945
f 1979/2765/1205 2016/2854/1214 1980/2766/1206
f 1982/2768/949 2018/2866/949 1983/2769/949
f 1985/2771/950 2017/2818/950 1986/2772/950
f 1988/2774/1208 2024/2861/965 1989/2775/942
f 1991/2777/944 2021/2830/944 1992/2778/944
f 1994/2780/945 2025/2867/945 1995/2781/945
f 1997/2783/946 2022/2859/964 1998/2784/947
f 2000/2786/949 2023/2868/949 2001/2787/949
f 2003/2789/950 2026/2845/950 2004/2790/950
f 2006/2846/1209 1966/2752/949 1965/2751/949
f 1957/2743/944 1956/2742/944 1964/2795/949
f 2008/2848/1211 2009/2865/949 1964/2750/949
f 1969/2755/950 1965/2797/949 2009/2799/949
f 2007/2796/1210 1969/2755/950 1968/2754/950
f 2008/2798/1211 1961/2807/1199 2014/2809/950
f 1960/2806/945 1968/2754/950 2014/2809/950
f 2013/2849/1213 1960/2869/945 1959/2850/945
f 1963/2852/1201 2012/2864/945 1958/2744/945
f 2011/2803/944 1955/2741/944 1959/2801/945
f 2006/2792/1209 2010/2800/1212 1955/2741/944
f 1962/2794/1200 1956/2742/944 2011/2803/944
f 1972/2758/1204 1971/2757/1203 1984/2770/949
f 2015/2812/944 1982/2814/949 1984/2811/949
f 2016/2854/1214 2018/2866/949 1982/2768/949
f 2017/2818/950 1985/2771/950 1983/2816/949
f 1972/2815/1204 1985/2771/950 1987/2773/950
f 1979/2826/1205 1986/2772/950 2017/2818/950
f 1976/2827/945 1978/2825/945 1987/2773/950
f 1970/2756/1202 1978/2870/945 1977/2855/945
f 1979/2857/1205 1981/2871/1207 2020/2858/945
f 1975/2761/944 1977/2821/945 2020/2823/945
f 1971/2810/1203 2019/2820/1215 1975/2761/944
f 1981/2822/1207 1980/2813/1206 2015/2812/944
f 1989/2775/942 2002/2788/949 2001/2787/949
f 2021/2830/944 2000/2832/949 2002/2829/949
f 2022/2859/964 2023/2868/949 2000/2786/949
f 2005/2791/950 2001/2834/949 2023/2836/949
f 1990/2833/943 2005/2791/950 2004/2790/950
f 1997/2843/946 2026/2845/950 2003/2789/950
f 1996/2842/945 2004/2790/950 2026/2845/950
f 1988/2774/1208 1996/2872/945 1995/2860/945
f 1999/2862/948 2025/2867/945 1994/2780/945
f 1993/2779/944 1995/2838/945 2025/2840/945
f 2024/2837/965 1993/2779/944 1992/2778/944
f 1998/2831/947 2021/2830/944 1991/2777/944
f 2013/2849/1213 2010/2851/1212 2006/2846/1209
f 2027/2873/1043 2028/2874/1216 2029/2875/1073
f 2030/2876/1217 2031/2877/940 2032/2878/1218
f 2033/2879/1219 2034/2880/1220 2035/2881/1221
f 2036/2882/1222 2037/2883/1223 2038/2884/1224
f 2039/2885/1225 2040/2886/1226 2041/2887/1227
f 2042/2888/1228 2032/2878/1218 2034/2880/1220
f 2035/2881/1221 2043/2889/1229 2033/2879/1219
f 2044/2890/1230 2045/2891/1231 2046/2892/1232
f 2028/2874/1216 2039/2885/1225 2029/2875/1073
f 2047/2893/1233 2048/2894/1234 2049/2895/1235
f 2050/2896/1236 2047/2893/1233 2049/2895/1235
f 2051/2897/1237 2052/2898/1238 2053/2899/1239
f 2037/2883/1223 2054/2900/1240 2038/2884/1224
f 2055/2901/1241 2056/2902/1242 2057/2903/1243
f 2058/2904/1244 2059/2905/1245 2060/2906/1246
f 2061/2907/1247 2062/2908/1248 2036/2882/1222
f 2031/2909/940 2063/2910/1249 2027/2873/1043
f 2064/2911/1250 2065/2912/1251 2066/2913/1252
f 2067/2914/1253 2068/2915/1254 2069/2916/1255
f 2070/2917/1256 2071/2918/863 2072/2919/1078
f 2073/2920/1257 2074/2921/1258 2075/2922/1076
f 2076/2923/1259 2077/2924/1260 2078/2925/1261
f 2079/2926/1262 2080/2927/1263 2081/2928/1264
f 2074/2921/1258 2072/2919/1078 2075/2922/1076
f 2073/2920/1257 2082/2929/1265 2083/2930/1266
f 2084/2931/1267 2056/2902/1242 2085/2932/1268
f 2069/2916/1255 2079/2926/1262 2081/2928/1264
f 2086/2933/1269 2044/2890/1230 2046/2892/1232
f 2087/2934/1270 2088/2935/1271 2089/2936/1272
f 2088/2935/1271 2090/2937/1273 2091/2938/1274
f 2092/2939/1275 2076/2923/1259 2093/2940/1276
f 2094/2941/1277 2095/2942/1278 2096/2943/1279
f 2078/2925/1261 2097/2944/1280 2086/2933/1269
f 2071/2945/863 2098/2946/1281 2067/2914/1253
f 2099/2947/1282 2089/2936/1272 2045/2891/1231
f 2100/2948/1283 2101/2949/1284 2102/2950/1285
f 2103/2951/1286 2102/2950/1285 2104/2952/1287
f 2105/2953/1288 2106/2954/1289 2101/2949/1284
f 2107/2955/1290 2108/2956/1291 2109/2957/1292
f 2110/2958/1293 2111/2959/1294 2112/2960/1295
f 2113/2961/1296 2114/2962/1297 2107/2955/1290
f 2115/2963/1298 2116/2964/1299 2113/2961/1296
f 2117/2965/1300 2118/2966/1301 2115/2963/1298
f 2117/2965/1300 2104/2952/1287 2119/2967/1302
f 2097/2944/1280 2120/2968/1303 2044/2890/1230
f 2121/2969/1304 2122/2970/1305 2120/2968/1303
f 2123/2971/1306 2124/2972/1307 2122/2970/1305
f 2125/2973/1308 2126/2974/1309 2124/2972/1307
f 2127/2975/1310 2126/2974/1309 2128/2976/1311
f 2129/2977/1312 2130/2978/1313 2127/2975/1310
f 2066/2913/1252 2131/2979/1314 2129/2977/1312
f 2132/2980/1315 2053/2899/1239 2133/2981/1316
f 2077/2924/1260 2121/2969/1304 2097/2944/1280
f 2134/2982/1317 2123/2971/1306 2121/2969/1304
f 2135/2983/1318 2125/2973/1308 2123/2971/1306
f 2136/2984/1319 2125/2973/1308 2137/2985/1320
f 2138/2986/1321 2128/2976/1311 2136/2984/1319
f 2139/2987/1322 2127/2975/1310 2138/2986/1321
f 2048/2894/1234 2129/2977/1312 2139/2987/1322
f 2140/2988/1323 2141/2989/1324 2052/2898/1238
f 2142/2990/1325 2134/2982/1317 2077/2924/1260
f 2143/2991/1326 2135/2983/1318 2134/2982/1317
f 2144/2992/1327 2137/2985/1320 2135/2983/1318
f 2145/2993/1328 2136/2984/1319 2137/2985/1320
f 2146/2994/1329 2136/2984/1319 2147/2995/1330
f 2148/2996/1331 2138/2986/1321 2146/2994/1329
f 2049/2895/1235 2139/2987/1322 2148/2996/1331
f 2149/2997/1332 2066/2913/1252 2048/2894/1234
f 2150/2998/1333 2054/2900/1240 2151/2999/1334
f 2094/2941/1277 2152/3000/1335 2153/3001/1336
f 2154/3002/1337 2155/3003/1338 2152/3000/1335
f 2156/3004/1339 2155/3003/1338 2157/3005/1340
f 2158/3006/1341 2159/3007/1342 2156/3004/1339
f 2160/3008/1343 2161/3009/1344 2158/3006/1341
f 2160/3008/1343 2085/2932/1268 2162/3010/1345
f 2163/3011/1346 2059/2905/1245 2141/2989/1324
f 2092/2939/1275 2143/2991/1326 2142/2990/1325
f 2164/3012/1347 2144/2992/1327 2143/2991/1326
f 2165/3013/1348 2144/2992/1327 2166/3014/1349
f 2165/3013/1348 2147/2995/1330 2145/2993/1328
f 2167/3015/1350 2146/2994/1329 2147/2995/1330
f 2168/3016/1351 2146/2994/1329 2169/3017/1352
f 2050/2896/1236 2148/2996/1331 2168/3016/1351
f 2170/3018/1353 2171/3019/1354 2172/3020/1355
f 2173/3021/1356 2090/2937/1273 2174/3022/1357
f 2175/3023/1358 2176/3024/1359 2173/3021/1356
f 2175/3023/1358 2177/3025/1360 2178/3026/1361
f 2179/3027/1362 2180/3028/1363 2177/3025/1360
f 2181/3029/1364 2180/3028/1363 2182/3030/1365
f 2181/3029/1364 2151/2999/1334 2183/3031/1366
f 2184/3032/1367 2185/3033/1368 2186/3034/1369
f 2187/3035/1370 2174/3022/1357 2087/2934/1270
f 2188/3036/1371 2173/3021/1356 2187/3035/1370
f 2189/3037/1372 2175/3023/1358 2188/3036/1371
f 2190/3038/1373 2179/3027/1362 2189/3037/1372
f 2190/3038/1373 2181/3029/1364 2182/3030/1365
f 2191/3039/1374 2150/2998/1333 2181/3029/1364
f 2192/3040/1375 2038/2884/1224 2150/2998/1333
f 2193/3041/1376 2172/3020/1355 2171/3019/1354
f 2194/3042/1377 2087/2934/1270 2099/2947/1282
f 2195/3043/1378 2187/3035/1370 2194/3042/1377
f 2196/3044/1379 2188/3036/1371 2195/3043/1378
f 2197/3045/1380 2189/3037/1372 2196/3044/1379
f 2197/3045/1380 2191/3039/1374 2190/3038/1373
f 2198/3046/1381 2192/3040/1375 2191/3039/1374
f 2199/3047/1382 2036/2882/1222 2192/3040/1375
f 2200/3048/1383 2201/3049/1384 2193/3041/1376
f 2120/2968/1303 2099/2947/1282 2044/2890/1230
f 2122/2970/1305 2194/3042/1377 2120/2968/1303
f 2124/2972/1307 2195/3043/1378 2122/2970/1305
f 2126/2974/1309 2196/3044/1379 2124/2972/1307
f 2126/2974/1309 2198/3046/1381 2197/3045/1380
f 2130/2978/1313 2199/3047/1382 2198/3046/1381
f 2131/2979/1314 2061/2907/1247 2199/3047/1382
f 2132/2980/1315 2202/3050/1385 2200/3048/1383
f 2055/3051/1241 2203/3052/1386 2170/3018/1353
f 2058/3053/1244 2060/3054/1246 2204/3055/1387
f 2205/3056/1388 2040/2886/1226 2059/2905/1245
f 2170/3018/1353 2043/2889/1229 2185/3033/1368
f 2095/3057/1278 2109/2957/1292 2108/2956/1291
f 2096/3058/1279 2206/3059/1389 2091/2938/1274
f 2207/3060/1390 2208/3061/1391 2106/2954/1289
f 2108/2956/1291 2082/2929/1265 2111/2959/1294
f 2209/3062/1392 2053/2899/1239 2063/2910/1249
f 2063/2910/1249 2052/2898/1238 2028/2874/1216
f 2210/3063/1393 2052/2898/1238 2141/2989/1324
f 2170/3018/1353 2205/3056/1388 2059/2905/1245
f 2141/2989/1324 2040/2886/1226 2210/3063/1393
f 2172/3020/1355 2043/2889/1229 2170/3018/1353
f 2211/3064/1394 2185/3033/1368 2043/2889/1229
f 2205/3056/1388 2041/3065/1227 2040/2886/1226
f 2033/2879/1219 2201/3049/1384 2042/2888/1228
f 2030/2876/1217 2201/3049/1384 2202/3050/1385
f 2209/3062/1392 2202/3050/1385 2133/2981/1316
f 2163/3066/1346 2149/2997/1332 2047/2893/1233
f 2058/2904/1244 2170/3018/1353 2059/2905/1245
f 2047/2893/1233 2060/3054/1246 2163/3066/1346
f 2037/2883/1223 2203/3067/1386 2212/3068/1395
f 2171/3069/1354 2062/2908/1248 2193/3070/1376
f 2193/3070/1376 2213/3071/1396 2200/3072/1383
f 2200/3072/1383 2214/3073/1397 2132/3074/1315
f 2215/3075/1398 2104/2952/1287 2098/2946/1281
f 2098/2946/1281 2102/2950/1285 2068/2915/1254
f 2079/2926/1262 2102/2950/1285 2101/2949/1284
f 2106/2954/1289 2111/2959/1294 2207/3060/1390
f 2101/2949/1284 2208/3061/1391 2079/2926/1262
f 2114/2962/1297 2082/2929/1265 2108/2956/1291
f 2216/3076/1399 2111/2959/1294 2082/2929/1265
f 2110/2958/1293 2208/3061/1391 2207/3060/1390
f 2083/2930/1266 2116/2964/1299 2074/2921/1258
f 2070/2917/1256 2116/2964/1299 2118/2966/1301
f 2215/3075/1398 2118/2966/1301 2119/2967/1302
f 2103/3077/1286 2046/2892/1232 2045/2891/1231
f 2100/3078/1283 2045/2891/1231 2089/2936/1272
f 2105/3079/1288 2089/2936/1272 2088/2935/1271
f 2095/3057/1278 2106/2954/1289 2096/3080/1279
f 2088/2935/1271 2206/3059/1389 2105/3079/1288
f 2076/2923/1259 2109/3081/1292 2093/2940/1276
f 2107/3082/1290 2078/2925/1261 2113/3083/1296
f 2113/3083/1296 2086/2933/1269 2115/3084/1298
f 2115/3084/1298 2046/2892/1232 2117/3085/1300
f 2096/3080/1279 2106/2954/1289 2206/3086/1389
f 2057/3087/1243 2212/3068/1395 2055/3088/1241
f 2204/3055/1387 2056/2902/1242 2058/3053/1244
f 2153/3001/1336 2093/2940/1276 2095/2942/1278
f 2091/2938/1274 2094/3089/1277 2096/3058/1279
f 2140/3090/1323 2064/2911/1250 2149/2997/1332
f 2051/3091/1237 2214/3073/1397 2064/2911/1250
f 2168/3016/1351 2056/2902/1242 2050/2896/1236
f 2169/3017/1352 2085/2932/1268 2168/3016/1351
f 2167/3015/1350 2162/3010/1345 2169/3017/1352
f 2167/3015/1350 2159/3007/1342 2161/3009/1344
f 2165/3013/1348 2155/3003/1338 2159/3007/1342
f 2166/3014/1349 2152/3000/1335 2155/3003/1338
f 2164/3012/1347 2153/3001/1336 2152/3000/1335
f 2057/3087/1243 2151/2999/1334 2054/2900/1240
f 2084/3092/1267 2183/3031/1366 2151/2999/1334
f 2160/3093/1343 2180/3028/1363 2183/3031/1366
f 2158/3094/1341 2177/3025/1360 2180/3028/1363
f 2157/3095/1340 2177/3025/1360 2156/3096/1339
f 2154/3097/1337 2178/3026/1361 2157/3095/1340
f 2094/3089/1277 2176/3024/1359 2154/3097/1337
f 2065/2912/1251 2213/3071/1396 2061/2907/1247
f 2055/3088/1241 2212/3068/1395 2203/3067/1386
f 2095/2942/1278 2093/2940/1276 2109/3081/1292
f 2027/2873/1043 2063/2910/1249 2028/2874/1216
f 2030/2876/1217 2209/3062/1392 2031/2877/940
f 2033/2879/1219 2042/2888/1228 2034/2880/1220
f 2036/2882/1222 2062/2908/1248 2037/2883/1223
f 2039/2885/1225 2210/3063/1393 2040/2886/1226
f 2042/2888/1228 2030/2876/1217 2032/2878/1218
f 2035/2881/1221 2211/3098/1394 2043/2889/1229
f 2044/2890/1230 2099/2947/1282 2045/2891/1231
f 2028/2874/1216 2210/3063/1393 2039/2885/1225
f 2047/2893/1233 2149/2997/1332 2048/2894/1234
f 2050/2896/1236 2204/3055/1387 2047/2893/1233
f 2051/2897/1237 2140/2988/1323 2052/2898/1238
f 2037/2883/1223 2212/3068/1395 2054/2900/1240
f 2055/2901/1241 2058/3053/1244 2056/2902/1242
f 2061/2907/1247 2213/3071/1396 2062/2908/1248
f 2031/2909/940 2209/3062/1392 2063/2910/1249
f 2064/2911/1250 2214/3073/1397 2065/2912/1251
f 2067/2914/1253 2098/2946/1281 2068/2915/1254
f 2070/2917/1256 2215/3075/1398 2071/2918/863
f 2073/2920/1257 2083/2930/1266 2074/2921/1258
f 2076/2923/1259 2142/2990/1325 2077/2924/1260
f 2079/2926/1262 2208/3061/1391 2080/2927/1263
f 2074/2921/1258 2070/2917/1256 2072/2919/1078
f 2073/2920/1257 2216/3099/1399 2082/2929/1265
f 2084/2931/1267 2057/2903/1243 2056/2902/1242
f 2069/2916/1255 2068/2915/1254 2079/2926/1262
f 2086/2933/1269 2097/2944/1280 2044/2890/1230
f 2087/2934/1270 2174/3022/1357 2088/2935/1271
f 2088/2935/1271 2174/3022/1357 2090/2937/1273
f 2092/2939/1275 2142/2990/1325 2076/2923/1259
f 2094/2941/1277 2153/3001/1336 2095/2942/1278
f 2078/2925/1261 2077/2924/1260 2097/2944/1280
f 2071/2945/863 2215/3075/1398 2098/2946/1281
f 2099/2947/1282 2087/2934/1270 2089/2936/1272
f 2100/2948/1283 2105/2953/1288 2101/2949/1284
f 2103/2951/1286 2100/2948/1283 2102/2950/1285
f 2105/2953/1288 2206/3086/1389 2106/2954/1289
f 2107/2955/1290 2114/2962/1297 2108/2956/1291
f 2110/2958/1293 2207/3060/1390 2111/2959/1294
f 2113/2961/1296 2116/2964/1299 2114/2962/1297
f 2115/2963/1298 2118/2966/1301 2116/2964/1299
f 2117/2965/1300 2119/2967/1302 2118/2966/1301
f 2117/2965/1300 2103/2951/1286 2104/2952/1287
f 2097/2944/1280 2121/2969/1304 2120/2968/1303
f 2121/2969/1304 2123/2971/1306 2122/2970/1305
f 2123/2971/1306 2125/2973/1308 2124/2972/1307
f 2125/2973/1308 2128/2976/1311 2126/2974/1309
f 2127/2975/1310 2130/2978/1313 2126/2974/1309
f 2129/2977/1312 2131/2979/1314 2130/2978/1313
f 2066/2913/1252 2065/2912/1251 2131/2979/1314
f 2132/2980/1315 2051/2897/1237 2053/2899/1239
f 2077/2924/1260 2134/2982/1317 2121/2969/1304
f 2134/2982/1317 2135/2983/1318 2123/2971/1306
f 2135/2983/1318 2137/2985/1320 2125/2973/1308
f 2136/2984/1319 2128/2976/1311 2125/2973/1308
f 2138/2986/1321 2127/2975/1310 2128/2976/1311
f 2139/2987/1322 2129/2977/1312 2127/2975/1310
f 2048/2894/1234 2066/2913/1252 2129/2977/1312
f 2140/2988/1323 2163/3011/1346 2141/2989/1324
f 2142/2990/1325 2143/2991/1326 2134/2982/1317
f 2143/2991/1326 2144/2992/1327 2135/2983/1318
f 2144/2992/1327 2145/2993/1328 2137/2985/1320
f 2145/2993/1328 2147/2995/1330 2136/2984/1319
f 2146/2994/1329 2138/2986/1321 2136/2984/1319
f 2148/2996/1331 2139/2987/1322 2138/2986/1321
f 2049/2895/1235 2048/2894/1234 2139/2987/1322
f 2149/2997/1332 2064/2911/1250 2066/2913/1252
f 2150/2998/1333 2038/2884/1224 2054/2900/1240
f 2094/2941/1277 2154/3002/1337 2152/3000/1335
f 2154/3002/1337 2157/3005/1340 2155/3003/1338
f 2156/3004/1339 2159/3007/1342 2155/3003/1338
f 2158/3006/1341 2161/3009/1344 2159/3007/1342
f 2160/3008/1343 2162/3010/1345 2161/3009/1344
f 2160/3008/1343 2084/2931/1267 2085/2932/1268
f 2163/3011/1346 2060/2906/1246 2059/2905/1245
f 2092/2939/1275 2164/3012/1347 2143/2991/1326
f 2164/3012/1347 2166/3014/1349 2144/2992/1327
f 2165/3013/1348 2145/2993/1328 2144/2992/1327
f 2165/3013/1348 2167/3015/1350 2147/2995/1330
f 2167/3015/1350 2169/3017/1352 2146/2994/1329
f 2168/3016/1351 2148/2996/1331 2146/2994/1329
f 2050/2896/1236 2049/2895/1235 2148/2996/1331
f 2170/3018/1353 2203/3052/1386 2171/3019/1354
f 2173/3021/1356 2176/3024/1359 2090/2937/1273
f 2175/3023/1358 2178/3026/1361 2176/3024/1359
f 2175/3023/1358 2179/3027/1362 2177/3025/1360
f 2179/3027/1362 2182/3030/1365 2180/3028/1363
f 2181/3029/1364 2183/3031/1366 2180/3028/1363
f 2181/3029/1364 2150/2998/1333 2151/2999/1334
f 2184/3032/1367 2205/3056/1388 2185/3033/1368
f 2187/3035/1370 2173/3021/1356 2174/3022/1357
f 2188/3036/1371 2175/3023/1358 2173/3021/1356
f 2189/3037/1372 2179/3027/1362 2175/3023/1358
f 2190/3038/1373 2182/3030/1365 2179/3027/1362
f 2190/3038/1373 2191/3039/1374 2181/3029/1364
f 2191/3039/1374 2192/3040/1375 2150/2998/1333
f 2192/3040/1375 2036/2882/1222 2038/2884/1224
f 2193/3041/1376 2201/3049/1384 2172/3020/1355
f 2194/3042/1377 2187/3035/1370 2087/2934/1270
f 2195/3043/1378 2188/3036/1371 2187/3035/1370
f 2196/3044/1379 2189/3037/1372 2188/3036/1371
f 2197/3045/1380 2190/3038/1373 2189/3037/1372
f 2197/3045/1380 2198/3046/1381 2191/3039/1374
f 2198/3046/1381 2199/3047/1382 2192/3040/1375
f 2199/3047/1382 2061/2907/1247 2036/2882/1222
f 2200/3048/1383 2202/3050/1385 2201/3049/1384
f 2120/2968/1303 2194/3042/1377 2099/2947/1282
f 2122/2970/1305 2195/3043/1378 2194/3042/1377
f 2124/2972/1307 2196/3044/1379 2195/3043/1378
f 2126/2974/1309 2197/3045/1380 2196/3044/1379
f 2126/2974/1309 2130/2978/1313 2198/3046/1381
f 2130/2978/1313 2131/2979/1314 2199/3047/1382
f 2131/2979/1314 2065/2912/1251 2061/2907/1247
f 2132/2980/1315 2133/2981/1316 2202/3050/1385
f 2209/3062/1392 2133/2981/1316 2053/2899/1239
f 2063/2910/1249 2053/2899/1239 2052/2898/1238
f 2210/3063/1393 2028/2874/1216 2052/2898/1238
f 2170/3018/1353 2185/3033/1368 2205/3056/1388
f 2141/2989/1324 2059/2905/1245 2040/2886/1226
f 2172/3020/1355 2033/2879/1219 2043/2889/1229
f 2211/3064/1394 2186/3034/1369 2185/3033/1368
f 2205/3056/1388 2184/3032/1367 2041/3065/1227
f 2033/2879/1219 2172/3020/1355 2201/3049/1384
f 2030/2876/1217 2042/2888/1228 2201/3049/1384
f 2209/3062/1392 2030/2876/1217 2202/3050/1385
f 2163/3066/1346 2140/3090/1323 2149/2997/1332
f 2058/2904/1244 2055/3051/1241 2170/3018/1353
f 2047/2893/1233 2204/3055/1387 2060/3054/1246
f 2037/2883/1223 2171/3069/1354 2203/3067/1386
f 2171/3069/1354 2037/2883/1223 2062/2908/1248
f 2193/3070/1376 2062/2908/1248 2213/3071/1396
f 2200/3072/1383 2213/3071/1396 2214/3073/1397
f 2215/3075/1398 2119/2967/1302 2104/2952/1287
f 2098/2946/1281 2104/2952/1287 2102/2950/1285
f 2079/2926/1262 2068/2915/1254 2102/2950/1285
f 2106/2954/1289 2108/2956/1291 2111/2959/1294
f 2101/2949/1284 2106/2954/1289 2208/3061/1391
f 2114/2962/1297 2083/2930/1266 2082/2929/1265
f 2216/3076/1399 2112/2960/1295 2111/2959/1294
f 2110/2958/1293 2080/3100/1263 2208/3061/1391
f 2083/2930/1266 2114/2962/1297 2116/2964/1299
f 2070/2917/1256 2074/2921/1258 2116/2964/1299
f 2215/3075/1398 2070/2917/1256 2118/2966/1301
f 2103/3077/1286 2117/3085/1300 2046/2892/1232
f 2100/3078/1283 2103/3077/1286 2045/2891/1231
f 2105/3079/1288 2100/3078/1283 2089/2936/1272
f 2095/3057/1278 2108/2956/1291 2106/2954/1289
f 2088/2935/1271 2091/2938/1274 2206/3059/1389
f 2076/2923/1259 2107/3082/1290 2109/3081/1292
f 2107/3082/1290 2076/2923/1259 2078/2925/1261
f 2113/3083/1296 2078/2925/1261 2086/2933/1269
f 2115/3084/1298 2086/2933/1269 2046/2892/1232
f 2057/3087/1243 2054/2900/1240 2212/3068/1395
f 2204/3055/1387 2050/2896/1236 2056/2902/1242
f 2153/3001/1336 2092/2939/1275 2093/2940/1276
f 2091/2938/1274 2090/2937/1273 2094/3089/1277
f 2140/3090/1323 2051/3091/1237 2064/2911/1250
f 2051/3091/1237 2132/3074/1315 2214/3073/1397
f 2168/3016/1351 2085/2932/1268 2056/2902/1242
f 2169/3017/1352 2162/3010/1345 2085/2932/1268
f 2167/3015/1350 2161/3009/1344 2162/3010/1345
f 2167/3015/1350 2165/3013/1348 2159/3007/1342
f 2165/3013/1348 2166/3014/1349 2155/3003/1338
f 2166/3014/1349 2164/3012/1347 2152/3000/1335
f 2164/3012/1347 2092/2939/1275 2153/3001/1336
f 2057/3087/1243 2084/3092/1267 2151/2999/1334
f 2084/3092/1267 2160/3093/1343 2183/3031/1366
f 2160/3093/1343 2158/3094/1341 2180/3028/1363
f 2158/3094/1341 2156/3096/1339 2177/3025/1360
f 2157/3095/1340 2178/3026/1361 2177/3025/1360
f 2154/3097/1337 2176/3024/1359 2178/3026/1361
f 2094/3089/1277 2090/2937/1273 2176/3024/1359
f 2065/2912/1251 2214/3073/1397 2213/3071/1396
f 2217/3101/1400 2218/3102/867 2219/3103/863
f 2218/3102/867 2220/3104/869 2219/3103/863
f 2220/3104/869 2221/3105/1401 2219/3103/863
f 2221/3105/1401 2222/3106/1402 2219/3103/863
f 2222/3106/1402 2223/3107/1403 2219/3103/863
f 2223/3107/1403 2224/3108/862 2219/3103/863
f 2224/3108/862 2225/3109/1404 2219/3103/863
f 2225/3109/1404 2226/3110/1405 2219/3103/863
f 2226/3110/1405 2227/3111/1406 2219/3103/863
f 2228/3112/1407 2229/3113/1408 2230/3114/1409
f 2231/3115/940 2232/3116/1410 2233/3117/1411
f 2231/3115/940 2234/3118/1412 2232/3116/1410
f 2231/3115/940 2235/3119/1413 2234/3118/1412
f 2231/3115/940 2236/3120/1414 2235/3119/1413
f 2231/3115/940 2237/3121/1415 2236/3120/1414
f 2231/3115/940 2238/3122/1416 2237/3121/1415
f 2231/3115/940 2239/3123/1417 2238/3122/1416
f 2231/3115/940 2240/3124/1418 2239/3123/1417
f 2231/3115/940 2241/3125/1419 2240/3124/1418
f 2231/3115/940 2242/3126/1420 2241/3125/1419
f 2231/3115/940 2243/3127/1421 2242/3126/1420
f 2233/3117/1411 2244/3128/1422 2243/3127/1421
f 2245/3129/1423 2246/3130/1424 2247/3131/1425
f 2227/3111/1406 2248/3132/1426 2219/3103/863
f 2249/3133/1427 2245/3129/1423 2247/3131/1425
f 2231/3115/940 2233/3117/1411 2243/3127/1421
f 2250/3134/1428 2251/3135/1429 2252/3136/1430
f 2252/3136/1430 2253/3137/1431 2254/3138/1432
f 2254/3138/1432 2255/3139/1433 2256/3140/1434
f 2256/3140/1434 2257/3141/1435 2258/3142/1436
f 2258/3142/1436 2259/3143/1437 2260/3144/1438
f 2260/3144/1438 2261/3145/1439 2262/3146/1440
f 2262/3146/1440 2263/3147/1441 2264/3148/1442
f 2264/3148/1442 2265/3149/1443 2266/3150/1444
f 2266/3150/1444 2267/3151/1445 2249/3133/1427
f 2248/3132/1426 2268/3152/1446 2269/3153/1447
f 2228/3112/1407 2270/3154/1448 2250/3134/1428
f 2271/3155/1449 2217/3101/1400 2219/3103/863
f 2245/3156/1423 2271/3155/1449 2248/3132/1426
f 2267/3157/1445 2217/3101/1400 2271/3155/1449
f 2265/3158/1443 2218/3102/867 2217/3101/1400
f 2263/3159/1441 2220/3104/869 2218/3102/867
f 2259/3160/1437 2220/3104/869 2261/3161/1439
f 2257/3162/1435 2221/3105/1401 2259/3160/1437
f 2257/3162/1435 2223/3107/1403 2222/3106/1402
f 2255/3163/1433 2224/3108/862 2223/3107/1403
f 2251/3164/1429 2224/3108/862 2253/3165/1431
f 2270/3166/1448 2225/3109/1404 2251/3164/1429
f 2230/3167/1409 2226/3110/1405 2270/3166/1448
f 2247/3168/1425 2232/3116/1410 2249/3169/1427
f 2249/3169/1427 2234/3118/1412 2266/3170/1444
f 2266/3170/1444 2235/3119/1413 2264/3171/1442
f 2264/3171/1442 2236/3120/1414 2262/3172/1440
f 2262/3172/1440 2237/3121/1415 2260/3173/1438
f 2258/3174/1436 2237/3121/1415 2238/3122/1416
f 2258/3174/1436 2239/3123/1417 2256/3175/1434
f 2256/3175/1434 2240/3124/1418 2254/3176/1432
f 2252/3177/1430 2240/3124/1418 2241/3125/1419
f 2250/3178/1428 2241/3125/1419 2242/3126/1420
f 2228/3179/1407 2242/3126/1420 2243/3127/1421
f 2247/3168/1425 2272/3180/1450 2233/3117/1411
f 2228/3179/1407 2244/3128/1422 2273/3181/1451
f 2269/3153/1447 2245/3156/1423 2248/3132/1426
f 2230/3167/1409 2268/3152/1446 2227/3111/1406
f 2248/3132/1426 2271/3155/1449 2219/3103/863
f 2228/3112/1407 2273/3182/1451 2229/3113/1408
f 2233/3117/1411 2272/3180/1450 2244/3128/1422
f 2245/3129/1423 2274/3183/1452 2246/3130/1424
f 2249/3133/1427 2267/3151/1445 2245/3129/1423
f 2250/3134/1428 2270/3154/1448 2251/3135/1429
f 2252/3136/1430 2251/3135/1429 2253/3137/1431
f 2254/3138/1432 2253/3137/1431 2255/3139/1433
f 2256/3140/1434 2255/3139/1433 2257/3141/1435
f 2258/3142/1436 2257/3141/1435 2259/3143/1437
f 2260/3144/1438 2259/3143/1437 2261/3145/1439
f 2262/3146/1440 2261/3145/1439 2263/3147/1441
f 2264/3148/1442 2263/3147/1441 2265/3149/1443
f 2266/3150/1444 2265/3149/1443 2267/3151/1445
f 2248/3132/1426 2227/3111/1406 2268/3152/1446
f 2228/3112/1407 2230/3114/1409 2270/3154/1448
f 2245/3156/1423 2267/3157/1445 2271/3155/1449
f 2267/3157/1445 2265/3158/1443 2217/3101/1400
f 2265/3158/1443 2263/3159/1441 2218/3102/867
f 2263/3159/1441 2261/3161/1439 2220/3104/869
f 2259/3160/1437 2221/3105/1401 2220/3104/869
f 2257/3162/1435 2222/3106/1402 2221/3105/1401
f 2257/3162/1435 2255/3163/1433 2223/3107/1403
f 2255/3163/1433 2253/3165/1431 2224/3108/862
f 2251/3164/1429 2225/3109/1404 2224/3108/862
f 2270/3166/1448 2226/3110/1405 2225/3109/1404
f 2230/3167/1409 2227/3111/1406 2226/3110/1405
f 2247/3168/1425 2233/3117/1411 2232/3116/1410
f 2249/3169/1427 2232/3116/1410 2234/3118/1412
f 2266/3170/1444 2234/3118/1412 2235/3119/1413
f 2264/3171/1442 2235/3119/1413 2236/3120/1414
f 2262/3172/1440 2236/3120/1414 2237/3121/1415
f 2258/3174/1436 2260/3173/1438 2237/3121/1415
f 2258/3174/1436 2238/3122/1416 2239/3123/1417
f 2256/3175/1434 2239/3123/1417 2240/3124/1418
f 2252/3177/1430 2254/3176/1432 2240/3124/1418
f 2250/3178/1428 2252/3177/1430 2241/3125/1419
f 2228/3179/1407 2250/3178/1428 2242/3126/1420
f 2247/3168/1425 2246/3184/1424 2272/3180/1450
f 2228/3179/1407 2243/3127/1421 2244/3128/1422
f 2269/3153/1447 2274/3185/1452 2245/3156/1423
f 2230/3167/1409 2229/3186/1408 2268/3152/1446
f 2275/3187/1453 2276/3188/1454 2277/3189/863
f 2276/3188/1454 2278/3190/1455 2277/3189/863
f 2278/3190/1455 2279/3191/1456 2277/3189/863
f 2279/3191/1456 2280/3192/1457 2277/3189/863
f 2280/3192/1457 2281/3193/1458 2277/3189/863
f 2281/3193/1458 2282/3194/1459 2277/3189/863
f 2282/3194/1459 2283/3195/1460 2277/3189/863
f 2283/3195/1460 2284/3196/1461 2277/3189/863
f 2284/3196/1461 2285/3197/1462 2277/3189/863
f 2286/3198/1463 2287/3199/1464 2288/3200/1465
f 2289/3201/940 2290/3202/1466 2291/3203/1467
f 2289/3201/940 2292/3204/1468 2290/3202/1466
f 2289/3201/940 2293/3205/1469 2292/3204/1468
f 2289/3201/940 2294/3206/1470 2293/3205/1469
f 2289/3201/940 2295/3207/1471 2294/3206/1470
f 2289/3201/940 2296/3208/1472 2295/3207/1471
f 2289/3201/940 2297/3209/1473 2296/3208/1472
f 2289/3201/940 2298/3210/1474 2297/3209/1473
f 2289/3201/940 2299/3211/1475 2298/3210/1474
f 2289/3201/940 2300/3212/1476 2299/3211/1475
f 2289/3201/940 2301/3213/1477 2300/3212/1476
f 2291/3203/1467 2302/3214/1478 2301/3213/1477
f 2303/3215/1479 2304/3216/1480 2305/3217/1481
f 2285/3197/1462 2306/3218/1482 2277/3189/863
f 2307/3219/1483 2303/3215/1479 2305/3217/1481
f 2289/3201/940 2291/3203/1467 2301/3213/1477
f 2306/3218/1482 2308/3220/1484 2309/3221/1485
f 2310/3222/1486 2311/3223/1487 2307/3219/1483
f 2312/3224/1488 2313/3225/1489 2310/3222/1486
f 2314/3226/1490 2315/3227/1491 2312/3224/1488
f 2316/3228/1492 2317/3229/1493 2314/3226/1490
f 2318/3230/1494 2319/3231/1495 2316/3228/1492
f 2320/3232/1496 2321/3233/1497 2318/3230/1494
f 2322/3234/1498 2323/3235/1499 2320/3232/1496
f 2324/3236/1500 2325/3237/1501 2322/3234/1498
f 2326/3238/1502 2327/3239/1503 2324/3236/1500
f 2286/3198/1463 2328/3240/1504 2326/3238/1502
f 2329/3241/1505 2275/3187/1453 2277/3189/863
f 2303/3242/1479 2329/3241/1505 2306/3218/1482
f 2311/3243/1487 2275/3187/1453 2329/3241/1505
f 2313/3244/1489 2276/3188/1454 2275/3187/1453
f 2315/3245/1491 2278/3190/1455 2276/3188/1454
f 2319/3246/1495 2278/3190/1455 2317/3247/1493
f 2321/3248/1497 2279/3191/1456 2319/3246/1495
f 2321/3248/1497 2281/3193/1458 2280/3192/1457
f 2323/3249/1499 2282/3194/1459 2281/3193/1458
f 2327/3250/1503 2282/3194/1459 2325/3251/1501
f 2328/3252/1504 2283/3195/1460 2327/3250/1503
f 2288/3253/1465 2284/3196/1461 2328/3252/1504
f 2305/3254/1481 2290/3202/1466 2307/3255/1483
f 2307/3255/1483 2292/3204/1468 2310/3256/1486
f 2310/3256/1486 2293/3205/1469 2312/3257/1488
f 2312/3257/1488 2294/3206/1470 2314/3258/1490
f 2314/3258/1490 2295/3207/1471 2316/3259/1492
f 2318/3260/1494 2295/3207/1471 2296/3208/1472
f 2318/3260/1494 2297/3209/1473 2320/3261/1496
f 2320/3261/1496 2298/3210/1474 2322/3262/1498
f 2324/3263/1500 2298/3210/1474 2299/3211/1475
f 2326/3264/1502 2299/3211/1475 2300/3212/1476
f 2286/3265/1463 2300/3212/1476 2301/3213/1477
f 2305/3254/1481 2330/3266/1506 2291/3203/1467
f 2286/3265/1463 2302/3214/1478 2331/3267/1507
f 2309/3221/1485 2303/3242/1479 2306/3218/1482
f 2288/3253/1465 2308/3220/1484 2285/3197/1462
f 2306/3218/1482 2329/3241/1505 2277/3189/863
f 2286/3198/1463 2331/3268/1507 2287/3199/1464
f 2291/3203/1467 2330/3266/1506 2302/3214/1478
f 2303/3215/1479 2332/3269/1508 2304/3216/1480
f 2307/3219/1483 2311/3223/1487 2303/3215/1479
f 2306/3218/1482 2285/3197/1462 2308/3220/1484
f 2310/3222/1486 2313/3225/1489 2311/3223/1487
f 2312/3224/1488 2315/3227/1491 2313/3225/1489
f 2314/3226/1490 2317/3229/1493 2315/3227/1491
f 2316/3228/1492 2319/3231/1495 2317/3229/1493
f 2318/3230/1494 2321/3233/1497 2319/3231/1495
f 2320/3232/1496 2323/3235/1499 2321/3233/1497
f 2322/3234/1498 2325/3237/1501 2323/3235/1499
f 2324/3236/1500 2327/3239/1503 2325/3237/1501
f 2326/3238/1502 2328/3240/1504 2327/3239/1503
f 2286/3198/1463 2288/3200/1465 2328/3240/1504
f 2303/3242/1479 2311/3243/1487 2329/3241/1505
f 2311/3243/1487 2313/3244/1489 2275/3187/1453
f 2313/3244/1489 2315/3245/1491 2276/3188/1454
f 2315/3245/1491 2317/3247/1493 2278/3190/1455
f 2319/3246/1495 2279/3191/1456 2278/3190/1455
f 2321/3248/1497 2280/3192/1457 2279/3191/1456
f 2321/3248/1497 2323/3249/1499 2281/3193/1458
f 2323/3249/1499 2325/3251/1501 2282/3194/1459
f 2327/3250/1503 2283/3195/1460 2282/3194/1459
f 2328/3252/1504 2284/3196/1461 2283/3195/1460
f 2288/3253/1465 2285/3197/1462 2284/3196/1461
f 2305/3254/1481 2291/3203/1467 2290/3202/1466
f 2307/3255/1483 2290/3202/1466 2292/3204/1468
f 2310/3256/1486 2292/3204/1468 2293/3205/1469
f 2312/3257/1488 2293/3205/1469 2294/3206/1470
f 2314/3258/1490 2294/3206/1470 2295/3207/1471
f 2318/3260/1494 2316/3259/1492 2295/3207/1471
f 2318/3260/1494 2296/3208/1472 2297/3209/1473
f 2320/3261/1496 2297/3209/1473 2298/3210/1474
f 2324/3263/1500 2322/3262/1498 2298/3210/1474
f 2326/3264/1502 2324/3263/1500 2299/3211/1475
f 2286/3265/1463 2326/3264/1502 2300/3212/1476
f 2305/3254/1481 2304/3270/1480 2330/3266/1506
f 2286/3265/1463 2301/3213/1477 2302/3214/1478
f 2309/3221/1485 2332/3271/1508 2303/3242/1479
f 2288/3253/1465 2287/3272/1464 2308/3220/1484
f 2333/3273/866 2334/3274/867 2335/3275/863
f 2334/3274/867 2336/3276/869 2335/3275/863
f 2336/3276/869 2337/3277/1401 2335/3275/863
f 2337/3277/1401 2338/3278/1509 2335/3275/863
f 2338/3278/1509 2339/3279/1510 2335/3275/863
f 2339/3279/1510 2340/3280/1511 2335/3275/863
f 2340/3280/1511 2341/3281/1512 2335/3275/863
f 2341/3281/1512 2342/3282/1513 2335/3275/863
f 2342/3282/1513 2343/3283/1514 2335/3275/863
f 2344/3284/1515 2345/3285/1516 2346/3286/1517
f 2347/3287/940 2348/3288/1410 2349/3289/1518
f 2347/3287/940 2350/3290/1412 2348/3288/1410
f 2347/3287/940 2351/3291/1519 2350/3290/1412
f 2347/3287/940 2352/3292/1520 2351/3291/1519
f 2347/3287/940 2353/3293/1521 2352/3292/1520
f 2347/3287/940 2354/3294/1522 2353/3293/1521
f 2347/3287/940 2355/3295/1523 2354/3294/1522
f 2347/3287/940 2356/3296/1524 2355/3295/1523
f 2347/3287/940 2357/3297/1419 2356/3296/1524
f 2347/3287/940 2358/3298/1420 2357/3297/1419
f 2347/3287/940 2359/3299/1421 2358/3298/1420
f 2349/3289/1518 2360/3300/1525 2359/3299/1421
f 2361/3301/1423 2362/3302/1526 2363/3303/1527
f 2343/3283/1514 2364/3304/1528 2335/3275/863
f 2365/3305/1427 2361/3301/1423 2363/3303/1527
f 2347/3287/940 2349/3289/1518 2359/3299/1421
f 2366/3306/1428 2367/3307/1429 2368/3308/1529
f 2368/3308/1529 2369/3309/1530 2370/3310/1531
f 2370/3310/1531 2371/3311/1433 2372/3312/1532
f 2372/3312/1532 2373/3313/1435 2374/3314/1436
f 2374/3314/1436 2375/3315/1437 2376/3316/1533
f 2376/3316/1533 2377/3317/1439 2378/3318/1440
f 2378/3318/1440 2379/3319/1441 2380/3320/1442
f 2380/3320/1442 2381/3321/1443 2382/3322/1444
f 2382/3322/1444 2383/3323/1534 2365/3305/1427
f 2364/3304/1528 2384/3324/1446 2385/3325/1535
f 2344/3284/1515 2386/3326/1448 2366/3306/1428
f 2387/3327/1449 2333/3273/866 2335/3275/863
f 2361/3328/1423 2387/3327/1449 2364/3304/1528
f 2383/3329/1534 2333/3273/866 2387/3327/1449
f 2381/3330/1443 2334/3274/867 2333/3273/866
f 2379/3331/1441 2336/3276/869 2334/3274/867
f 2375/3332/1437 2336/3276/869 2377/3333/1439
f 2373/3334/1435 2337/3277/1401 2375/3332/1437
f 2373/3334/1435 2339/3279/1510 2338/3278/1509
f 2371/3335/1433 2340/3280/1511 2339/3279/1510
f 2367/3336/1429 2340/3280/1511 2369/3337/1530
f 2386/3338/1448 2341/3281/1512 2367/3336/1429
f 2346/3339/1517 2342/3282/1513 2386/3338/1448
f 2363/3340/1527 2348/3288/1410 2365/3341/1427
f 2365/3341/1427 2350/3290/1412 2382/3342/1444
f 2382/3342/1444 2351/3291/1519 2380/3343/1442
f 2380/3343/1442 2352/3292/1520 2378/3344/1440
f 2378/3344/1440 2353/3293/1521 2376/3345/1533
f 2374/3346/1436 2353/3293/1521 2354/3294/1522
f 2374/3346/1436 2355/3295/1523 2372/3347/1532
f 2372/3347/1532 2356/3296/1524 2370/3348/1531
f 2368/3349/1529 2356/3296/1524 2357/3297/1419
f 2366/3350/1428 2357/3297/1419 2358/3298/1420
f 2344/3351/1515 2358/3298/1420 2359/3299/1421
f 2363/3340/1527 2388/3352/1450 2349/3289/1518
f 2344/3351/1515 2360/3300/1525 2389/3353/1451
f 2385/3325/1535 2361/3328/1423 2364/3304/1528
f 2346/3339/1517 2384/3324/1446 2343/3283/1514
f 2364/3304/1528 2387/3327/1449 2335/3275/863
f 2344/3284/1515 2389/3354/1451 2345/3285/1516
f 2349/3289/1518 2388/3352/1450 2360/3300/1525
f 2361/3301/1423 2390/3355/1508 2362/3302/1526
f 2365/3305/1427 2383/3323/1534 2361/3301/1423
f 2366/3306/1428 2386/3326/1448 2367/3307/1429
f 2368/3308/1529 2367/3307/1429 2369/3309/1530
f 2370/3310/1531 2369/3309/1530 2371/3311/1433
f 2372/3312/1532 2371/3311/1433 2373/3313/1435
f 2374/3314/1436 2373/3313/1435 2375/3315/1437
f 2376/3316/1533 2375/3315/1437 2377/3317/1439
f 2378/3318/1440 2377/3317/1439 2379/3319/1441
f 2380/3320/1442 2379/3319/1441 2381/3321/1443
f 2382/3322/1444 2381/3321/1443 2383/3323/1534
f 2364/3304/1528 2343/3283/1514 2384/3324/1446
f 2344/3284/1515 2346/3286/1517 2386/3326/1448
f 2361/3328/1423 2383/3329/1534 2387/3327/1449
f 2383/3329/1534 2381/3330/1443 2333/3273/866
f 2381/3330/1443 2379/3331/1441 2334/3274/867
f 2379/3331/1441 2377/3333/1439 2336/3276/869
f 2375/3332/1437 2337/3277/1401 2336/3276/869
f 2373/3334/1435 2338/3278/1509 2337/3277/1401
f 2373/3334/1435 2371/3335/1433 2339/3279/1510
f 2371/3335/1433 2369/3337/1530 2340/3280/1511
f 2367/3336/1429 2341/3281/1512 2340/3280/1511
f 2386/3338/1448 2342/3282/1513 2341/3281/1512
f 2346/3339/1517 2343/3283/1514 2342/3282/1513
f 2363/3340/1527 2349/3289/1518 2348/3288/1410
f 2365/3341/1427 2348/3288/1410 2350/3290/1412
f 2382/3342/1444 2350/3290/1412 2351/3291/1519
f 2380/3343/1442 2351/3291/1519 2352/3292/1520
f 2378/3344/1440 2352/3292/1520 2353/3293/1521
f 2374/3346/1436 2376/3345/1533 2353/3293/1521
f 2374/3346/1436 2354/3294/1522 2355/3295/1523
f 2372/3347/1532 2355/3295/1523 2356/3296/1524
f 2368/3349/1529 2370/3348/1531 2356/3296/1524
f 2366/3350/1428 2368/3349/1529 2357/3297/1419
f 2344/3351/1515 2366/3350/1428 2358/3298/1420
f 2363/3340/1527 2362/3356/1526 2388/3352/1450
f 2344/3351/1515 2359/3299/1421 2360/3300/1525
f 2385/3325/1535 2390/3357/1508 2361/3328/1423
f 2346/3339/1517 2345/3358/1516 2384/3324/1446
f 2392/2873/1218 2393/2874/1536 2394/2875/1220
f 2395/2876/1537 2396/2877/940 2397/2878/1043
f 2398/2879/1538 2399/2880/1073 2400/2881/1539
f 2401/2882/1540 2402/2883/1541 2403/2884/1542
f 2404/2885/1543 2405/2886/1544 2406/2887/1545
f 2407/2888/1546 2397/2878/1043 2399/2880/1073
f 2400/2881/1539 2408/2889/1547 2398/2879/1538
f 2409/2890/1548 2410/2891/1549 2411/2892/1550
f 2393/2874/1536 2404/2885/1543 2394/2875/1220
f 2412/2893/1551 2413/2894/1552 2414/2895/1553
f 2415/2896/1554 2412/2893/1551 2414/2895/1553
f 2416/2897/1555 2417/2898/1556 2418/2899/1557
f 2402/2883/1541 2419/2900/1558 2403/2884/1542
f 2420/2901/1559 2421/2902/1560 2422/2903/1561
f 2423/2904/1562 2424/2905/1563 2425/2906/1564
f 2426/2907/1565 2427/2908/1566 2401/2882/1540
f 2396/2909/940 2428/2910/1567 2392/2873/1218
f 2429/2911/1568 2430/2912/1569 2431/2913/1570
f 2432/2914/1078 2433/2915/1571 2434/2916/1076
f 2435/2917/1572 2436/2918/863 2437/2919/1253
f 2438/2920/1264 2439/2921/1573 2440/2922/1255
f 2441/2923/1574 2442/2924/1575 2443/2925/1576
f 2444/2926/1577 2445/2927/1578 2446/2928/1257
f 2439/2921/1573 2437/2919/1253 2440/2922/1255
f 2438/2920/1264 2447/2929/1579 2448/2930/1580
f 2449/2931/1581 2421/2902/1560 2450/2932/1582
f 2434/2916/1076 2444/2926/1577 2446/2928/1257
f 2451/2933/1583 2409/2890/1548 2411/2892/1550
f 2452/2934/1584 2453/2935/1585 2454/2936/1586
f 2453/2935/1585 2455/2937/1587 2456/2938/1588
f 2457/2939/1589 2441/2923/1574 2458/2940/1590
f 2459/2941/1591 2460/2942/1592 2461/2943/1593
f 2443/2925/1576 2462/2944/1594 2451/2933/1583
f 2436/2945/863 2463/2946/1595 2432/2914/1078
f 2464/2947/1596 2454/2936/1586 2410/2891/1549
f 2465/2948/1597 2466/2949/1598 2467/2950/1599
f 2468/2951/1600 2467/2950/1599 2469/2952/1601
f 2470/2953/1602 2471/2954/1603 2466/2949/1598
f 2472/2955/1604 2473/2956/1605 2474/2957/1606
f 2475/2958/1607 2476/2959/1608 2477/2960/1609
f 2478/2961/1610 2479/2962/1611 2472/2955/1604
f 2480/2963/1612 2481/2964/1613 2478/2961/1610
f 2482/2965/1614 2483/2966/1615 2480/2963/1612
f 2482/2965/1614 2469/2952/1601 2484/2967/1616
f 2462/2944/1594 2485/2968/1617 2409/2890/1548
f 2486/2969/1618 2487/2970/1619 2485/2968/1617
f 2488/2971/1620 2489/2972/1621 2487/2970/1619
f 2490/2973/1622 2491/2974/1623 2489/2972/1621
f 2492/2975/1624 2491/2974/1623 2493/2976/1625
f 2494/2977/1626 2495/2978/1627 2492/2975/1624
f 2431/2913/1570 2496/2979/1628 2494/2977/1626
f 2497/2980/1629 2418/2899/1557 2498/2981/1630
f 2442/2924/1575 2486/2969/1618 2462/2944/1594
f 2499/2982/1631 2488/2971/1620 2486/2969/1618
f 2500/2983/1632 2490/2973/1622 2488/2971/1620
f 2501/2984/1633 2490/2973/1622 2502/2985/1634
f 2503/2986/1635 2493/2976/1625 2501/2984/1633
f 2504/2987/1636 2492/2975/1624 2503/2986/1635
f 2413/2894/1552 2494/2977/1626 2504/2987/1636
f 2505/2988/1637 2506/2989/1638 2417/2898/1556
f 2507/2990/1639 2499/2982/1631 2442/2924/1575
f 2508/2991/1640 2500/2983/1632 2499/2982/1631
f 2509/2992/1641 2502/2985/1634 2500/2983/1632
f 2510/2993/1642 2501/2984/1633 2502/2985/1634
f 2511/2994/1643 2501/2984/1633 2512/2995/1644
f 2513/2996/1645 2503/2986/1635 2511/2994/1643
f 2414/2895/1553 2504/2987/1636 2513/2996/1645
f 2514/2997/1646 2431/2913/1570 2413/2894/1552
f 2515/2998/1647 2419/2900/1558 2516/2999/1648
f 2459/2941/1591 2517/3000/1649 2518/3001/1650
f 2519/3002/1651 2520/3003/1652 2517/3000/1649
f 2521/3004/1653 2520/3003/1652 2522/3005/1654
f 2523/3006/1655 2524/3007/1656 2521/3004/1653
f 2525/3008/1657 2526/3009/1658 2523/3006/1655
f 2525/3008/1657 2450/2932/1582 2527/3010/1659
f 2528/3011/1660 2424/2905/1563 2506/2989/1638
f 2457/2939/1589 2508/2991/1640 2507/2990/1639
f 2529/3012/1661 2509/2992/1641 2508/2991/1640
f 2530/3013/1662 2509/2992/1641 2531/3014/1663
f 2530/3013/1662 2512/2995/1644 2510/2993/1642
f 2532/3015/1664 2511/2994/1643 2512/2995/1644
f 2533/3016/1665 2511/2994/1643 2534/3017/1666
f 2415/2896/1554 2513/2996/1645 2533/3016/1665
f 2535/3018/1667 2536/3019/1668 2537/3020/1669
f 2538/3021/1670 2455/2937/1587 2539/3022/1671
f 2540/3023/1672 2541/3024/1673 2538/3021/1670
f 2540/3023/1672 2542/3025/1674 2543/3026/1675
f 2544/3027/1676 2545/3028/1677 2542/3025/1674
f 2546/3029/1678 2545/3028/1677 2547/3030/1679
f 2546/3029/1678 2516/2999/1648 2548/3031/1680
f 2549/3032/1681 2550/3033/1682 2551/3034/1683
f 2552/3035/1684 2539/3022/1671 2452/2934/1584
f 2553/3036/1685 2538/3021/1670 2552/3035/1684
f 2554/3037/1686 2540/3023/1672 2553/3036/1685
f 2555/3038/1687 2544/3027/1676 2554/3037/1686
f 2555/3038/1687 2546/3029/1678 2547/3030/1679
f 2556/3039/1688 2515/2998/1647 2546/3029/1678
f 2557/3040/1689 2403/2884/1542 2515/2998/1647
f 2558/3041/1690 2537/3020/1669 2536/3019/1668
f 2559/3042/1691 2452/2934/1584 2464/2947/1596
f 2560/3043/1692 2552/3035/1684 2559/3042/1691
f 2561/3044/1693 2553/3036/1685 2560/3043/1692
f 2562/3045/1694 2554/3037/1686 2561/3044/1693
f 2562/3045/1694 2556/3039/1688 2555/3038/1687
f 2563/3046/1695 2557/3040/1689 2556/3039/1688
f 2564/3047/1696 2401/2882/1540 2557/3040/1689
f 2565/3048/1697 2566/3049/1698 2558/3041/1690
f 2485/2968/1617 2464/2947/1596 2409/2890/1548
f 2487/2970/1619 2559/3042/1691 2485/2968/1617
f 2489/2972/1621 2560/3043/1692 2487/2970/1619
f 2491/2974/1623 2561/3044/1693 2489/2972/1621
f 2491/2974/1623 2563/3046/1695 2562/3045/1694
f 2495/2978/1627 2564/3047/1696 2563/3046/1695
f 2496/2979/1628 2426/2907/1565 2564/3047/1696
f 2497/2980/1629 2567/3050/1699 2565/3048/1697
f 2420/3051/1559 2568/3052/1700 2535/3018/1667
f 2423/3053/1562 2425/3054/1564 2569/3055/1701
f 2570/3056/1702 2405/2886/1544 2424/2905/1563
f 2535/3018/1667 2408/2889/1547 2550/3033/1682
f 2460/3057/1592 2474/2957/1606 2473/2956/1605
f 2461/3058/1593 2571/3059/1703 2456/2938/1588
f 2572/3060/1704 2573/3061/1705 2471/2954/1603
f 2473/2956/1605 2447/2929/1579 2476/2959/1608
f 2574/3062/1706 2418/2899/1557 2428/2910/1567
f 2428/2910/1567 2417/2898/1556 2393/2874/1536
f 2575/3063/1707 2417/2898/1556 2506/2989/1638
f 2535/3018/1667 2570/3056/1702 2424/2905/1563
f 2506/2989/1638 2405/2886/1544 2575/3063/1707
f 2537/3020/1669 2408/2889/1547 2535/3018/1667
f 2576/3064/1708 2550/3033/1682 2408/2889/1547
f 2570/3056/1702 2406/3065/1545 2405/2886/1544
f 2398/2879/1538 2566/3049/1698 2407/2888/1546
f 2395/2876/1537 2566/3049/1698 2567/3050/1699
f 2574/3062/1706 2567/3050/1699 2498/2981/1630
f 2528/3066/1660 2514/2997/1646 2412/2893/1551
f 2423/2904/1562 2535/3018/1667 2424/2905/1563
f 2412/2893/1551 2425/3054/1564 2528/3066/1660
f 2402/2883/1541 2568/3067/1700 2577/3068/1709
f 2536/3069/1668 2427/2908/1566 2558/3070/1690
f 2558/3070/1690 2578/3071/1710 2565/3072/1697
f 2565/3072/1697 2579/3073/1711 2497/3074/1629
f 2580/3075/1712 2469/2952/1601 2463/2946/1595
f 2463/2946/1595 2467/2950/1599 2433/2915/1571
f 2444/2926/1577 2467/2950/1599 2466/2949/1598
f 2471/2954/1603 2476/2959/1608 2572/3060/1704
f 2466/2949/1598 2573/3061/1705 2444/2926/1577
f 2479/2962/1611 2447/2929/1579 2473/2956/1605
f 2581/3076/1713 2476/2959/1608 2447/2929/1579
f 2475/2958/1607 2573/3061/1705 2572/3060/1704
f 2448/2930/1580 2481/2964/1613 2439/2921/1573
f 2435/2917/1572 2481/2964/1613 2483/2966/1615
f 2580/3075/1712 2483/2966/1615 2484/2967/1616
f 2468/3077/1600 2411/2892/1550 2410/2891/1549
f 2465/3078/1597 2410/2891/1549 2454/2936/1586
f 2470/3079/1602 2454/2936/1586 2453/2935/1585
f 2460/3057/1592 2471/2954/1603 2461/3080/1593
f 2453/2935/1585 2571/3059/1703 2470/3079/1602
f 2441/2923/1574 2474/3081/1606 2458/2940/1590
f 2472/3082/1604 2443/2925/1576 2478/3083/1610
f 2478/3083/1610 2451/2933/1583 2480/3084/1612
f 2480/3084/1612 2411/2892/1550 2482/3085/1614
f 2461/3080/1593 2471/2954/1603 2571/3086/1703
f 2422/3087/1561 2577/3068/1709 2420/3088/1559
f 2569/3055/1701 2421/2902/1560 2423/3053/1562
f 2518/3001/1650 2458/2940/1590 2460/2942/1592
f 2456/2938/1588 2459/3089/1591 2461/3058/1593
f 2505/3090/1637 2429/2911/1568 2514/2997/1646
f 2416/3091/1555 2579/3073/1711 2429/2911/1568
f 2533/3016/1665 2421/2902/1560 2415/2896/1554
f 2534/3017/1666 2450/2932/1582 2533/3016/1665
f 2532/3015/1664 2527/3010/1659 2534/3017/1666
f 2532/3015/1664 2524/3007/1656 2526/3009/1658
f 2530/3013/1662 2520/3003/1652 2524/3007/1656
f 2531/3014/1663 2517/3000/1649 2520/3003/1652
f 2529/3012/1661 2518/3001/1650 2517/3000/1649
f 2422/3087/1561 2516/2999/1648 2419/2900/1558
f 2449/3092/1581 2548/3031/1680 2516/2999/1648
f 2525/3093/1657 2545/3028/1677 2548/3031/1680
f 2523/3094/1655 2542/3025/1674 2545/3028/1677
f 2522/3095/1654 2542/3025/1674 2521/3096/1653
f 2519/3097/1651 2543/3026/1675 2522/3095/1654
f 2459/3089/1591 2541/3024/1673 2519/3097/1651
f 2430/2912/1569 2578/3071/1710 2426/2907/1565
f 2420/3088/1559 2577/3068/1709 2568/3067/1700
f 2460/2942/1592 2458/2940/1590 2474/3081/1606
f 2392/2873/1218 2428/2910/1567 2393/2874/1536
f 2395/2876/1537 2574/3062/1706 2396/2877/940
f 2398/2879/1538 2407/2888/1546 2399/2880/1073
f 2401/2882/1540 2427/2908/1566 2402/2883/1541
f 2404/2885/1543 2575/3063/1707 2405/2886/1544
f 2407/2888/1546 2395/2876/1537 2397/2878/1043
f 2400/2881/1539 2576/3098/1708 2408/2889/1547
f 2409/2890/1548 2464/2947/1596 2410/2891/1549
f 2393/2874/1536 2575/3063/1707 2404/2885/1543
f 2412/2893/1551 2514/2997/1646 2413/2894/1552
f 2415/2896/1554 2569/3055/1701 2412/2893/1551
f 2416/2897/1555 2505/2988/1637 2417/2898/1556
f 2402/2883/1541 2577/3068/1709 2419/2900/1558
f 2420/2901/1559 2423/3053/1562 2421/2902/1560
f 2426/2907/1565 2578/3071/1710 2427/2908/1566
f 2396/2909/940 2574/3062/1706 2428/2910/1567
f 2429/2911/1568 2579/3073/1711 2430/2912/1569
f 2432/2914/1078 2463/2946/1595 2433/2915/1571
f 2435/2917/1572 2580/3075/1712 2436/2918/863
f 2438/2920/1264 2448/2930/1580 2439/2921/1573
f 2441/2923/1574 2507/2990/1639 2442/2924/1575
f 2444/2926/1577 2573/3061/1705 2445/2927/1578
f 2439/2921/1573 2435/2917/1572 2437/2919/1253
f 2438/2920/1264 2581/3099/1713 2447/2929/1579
f 2449/2931/1581 2422/2903/1561 2421/2902/1560
f 2434/2916/1076 2433/2915/1571 2444/2926/1577
f 2451/2933/1583 2462/2944/1594 2409/2890/1548
f 2452/2934/1584 2539/3022/1671 2453/2935/1585
f 2453/2935/1585 2539/3022/1671 2455/2937/1587
f 2457/2939/1589 2507/2990/1639 2441/2923/1574
f 2459/2941/1591 2518/3001/1650 2460/2942/1592
f 2443/2925/1576 2442/2924/1575 2462/2944/1594
f 2436/2945/863 2580/3075/1712 2463/2946/1595
f 2464/2947/1596 2452/2934/1584 2454/2936/1586
f 2465/2948/1597 2470/2953/1602 2466/2949/1598
f 2468/2951/1600 2465/2948/1597 2467/2950/1599
f 2470/2953/1602 2571/3086/1703 2471/2954/1603
f 2472/2955/1604 2479/2962/1611 2473/2956/1605
f 2475/2958/1607 2572/3060/1704 2476/2959/1608
f 2478/2961/1610 2481/2964/1613 2479/2962/1611
f 2480/2963/1612 2483/2966/1615 2481/2964/1613
f 2482/2965/1614 2484/2967/1616 2483/2966/1615
f 2482/2965/1614 2468/2951/1600 2469/2952/1601
f 2462/2944/1594 2486/2969/1618 2485/2968/1617
f 2486/2969/1618 2488/2971/1620 2487/2970/1619
f 2488/2971/1620 2490/2973/1622 2489/2972/1621
f 2490/2973/1622 2493/2976/1625 2491/2974/1623
f 2492/2975/1624 2495/2978/1627 2491/2974/1623
f 2494/2977/1626 2496/2979/1628 2495/2978/1627
f 2431/2913/1570 2430/2912/1569 2496/2979/1628
f 2497/2980/1629 2416/2897/1555 2418/2899/1557
f 2442/2924/1575 2499/2982/1631 2486/2969/1618
f 2499/2982/1631 2500/2983/1632 2488/2971/1620
f 2500/2983/1632 2502/2985/1634 2490/2973/1622
f 2501/2984/1633 2493/2976/1625 2490/2973/1622
f 2503/2986/1635 2492/2975/1624 2493/2976/1625
f 2504/2987/1636 2494/2977/1626 2492/2975/1624
f 2413/2894/1552 2431/2913/1570 2494/2977/1626
f 2505/2988/1637 2528/3011/1660 2506/2989/1638
f 2507/2990/1639 2508/2991/1640 2499/2982/1631
f 2508/2991/1640 2509/2992/1641 2500/2983/1632
f 2509/2992/1641 2510/2993/1642 2502/2985/1634
f 2510/2993/1642 2512/2995/1644 2501/2984/1633
f 2511/2994/1643 2503/2986/1635 2501/2984/1633
f 2513/2996/1645 2504/2987/1636 2503/2986/1635
f 2414/2895/1553 2413/2894/1552 2504/2987/1636
f 2514/2997/1646 2429/2911/1568 2431/2913/1570
f 2515/2998/1647 2403/2884/1542 2419/2900/1558
f 2459/2941/1591 2519/3002/1651 2517/3000/1649
f 2519/3002/1651 2522/3005/1654 2520/3003/1652
f 2521/3004/1653 2524/3007/1656 2520/3003/1652
f 2523/3006/1655 2526/3009/1658 2524/3007/1656
f 2525/3008/1657 2527/3010/1659 2526/3009/1658
f 2525/3008/1657 2449/2931/1581 2450/2932/1582
f 2528/3011/1660 2425/2906/1564 2424/2905/1563
f 2457/2939/1589 2529/3012/1661 2508/2991/1640
f 2529/3012/1661 2531/3014/1663 2509/2992/1641
f 2530/3013/1662 2510/2993/1642 2509/2992/1641
f 2530/3013/1662 2532/3015/1664 2512/2995/1644
f 2532/3015/1664 2534/3017/1666 2511/2994/1643
f 2533/3016/1665 2513/2996/1645 2511/2994/1643
f 2415/2896/1554 2414/2895/1553 2513/2996/1645
f 2535/3018/1667 2568/3052/1700 2536/3019/1668
f 2538/3021/1670 2541/3024/1673 2455/2937/1587
f 2540/3023/1672 2543/3026/1675 2541/3024/1673
f 2540/3023/1672 2544/3027/1676 2542/3025/1674
f 2544/3027/1676 2547/3030/1679 2545/3028/1677
f 2546/3029/1678 2548/3031/1680 2545/3028/1677
f 2546/3029/1678 2515/2998/1647 2516/2999/1648
f 2549/3032/1681 2570/3056/1702 2550/3033/1682
f 2552/3035/1684 2538/3021/1670 2539/3022/1671
f 2553/3036/1685 2540/3023/1672 2538/3021/1670
f 2554/3037/1686 2544/3027/1676 2540/3023/1672
f 2555/3038/1687 2547/3030/1679 2544/3027/1676
f 2555/3038/1687 2556/3039/1688 2546/3029/1678
f 2556/3039/1688 2557/3040/1689 2515/2998/1647
f 2557/3040/1689 2401/2882/1540 2403/2884/1542
f 2558/3041/1690 2566/3049/1698 2537/3020/1669
f 2559/3042/1691 2552/3035/1684 2452/2934/1584
f 2560/3043/1692 2553/3036/1685 2552/3035/1684
f 2561/3044/1693 2554/3037/1686 2553/3036/1685
f 2562/3045/1694 2555/3038/1687 2554/3037/1686
f 2562/3045/1694 2563/3046/1695 2556/3039/1688
f 2563/3046/1695 2564/3047/1696 2557/3040/1689
f 2564/3047/1696 2426/2907/1565 2401/2882/1540
f 2565/3048/1697 2567/3050/1699 2566/3049/1698
f 2485/2968/1617 2559/3042/1691 2464/2947/1596
f 2487/2970/1619 2560/3043/1692 2559/3042/1691
f 2489/2972/1621 2561/3044/1693 2560/3043/1692
f 2491/2974/1623 2562/3045/1694 2561/3044/1693
f 2491/2974/1623 2495/2978/1627 2563/3046/1695
f 2495/2978/1627 2496/2979/1628 2564/3047/1696
f 2496/2979/1628 2430/2912/1569 2426/2907/1565
f 2497/2980/1629 2498/2981/1630 2567/3050/1699
f 2574/3062/1706 2498/2981/1630 2418/2899/1557
f 2428/2910/1567 2418/2899/1557 2417/2898/1556
f 2575/3063/1707 2393/2874/1536 2417/2898/1556
f 2535/3018/1667 2550/3033/1682 2570/3056/1702
f 2506/2989/1638 2424/2905/1563 2405/2886/1544
f 2537/3020/1669 2398/2879/1538 2408/2889/1547
f 2576/3064/1708 2551/3034/1683 2550/3033/1682
f 2570/3056/1702 2549/3032/1681 2406/3065/1545
f 2398/2879/1538 2537/3020/1669 2566/3049/1698
f 2395/2876/1537 2407/2888/1546 2566/3049/1698
f 2574/3062/1706 2395/2876/1537 2567/3050/1699
f 2528/3066/1660 2505/3090/1637 2514/2997/1646
f 2423/2904/1562 2420/3051/1559 2535/3018/1667
f 2412/2893/1551 2569/3055/1701 2425/3054/1564
f 2402/2883/1541 2536/3069/1668 2568/3067/1700
f 2536/3069/1668 2402/2883/1541 2427/2908/1566
f 2558/3070/1690 2427/2908/1566 2578/3071/1710
f 2565/3072/1697 2578/3071/1710 2579/3073/1711
f 2580/3075/1712 2484/2967/1616 2469/2952/1601
f 2463/2946/1595 2469/2952/1601 2467/2950/1599
f 2444/2926/1577 2433/2915/1571 2467/2950/1599
f 2471/2954/1603 2473/2956/1605 2476/2959/1608
f 2466/2949/1598 2471/2954/1603 2573/3061/1705
f 2479/2962/1611 2448/2930/1580 2447/2929/1579
f 2581/3076/1713 2477/2960/1609 2476/2959/1608
f 2475/2958/1607 2445/3100/1578 2573/3061/1705
f 2448/2930/1580 2479/2962/1611 2481/2964/1613
f 2435/2917/1572 2439/2921/1573 2481/2964/1613
f 2580/3075/1712 2435/2917/1572 2483/2966/1615
f 2468/3077/1600 2482/3085/1614 2411/2892/1550
f 2465/3078/1597 2468/3077/1600 2410/2891/1549
f 2470/3079/1602 2465/3078/1597 2454/2936/1586
f 2460/3057/1592 2473/2956/1605 2471/2954/1603
f 2453/2935/1585 2456/2938/1588 2571/3059/1703
f 2441/2923/1574 2472/3082/1604 2474/3081/1606
f 2472/3082/1604 2441/2923/1574 2443/2925/1576
f 2478/3083/1610 2443/2925/1576 2451/2933/1583
f 2480/3084/1612 2451/2933/1583 2411/2892/1550
f 2422/3087/1561 2419/2900/1558 2577/3068/1709
f 2569/3055/1701 2415/2896/1554 2421/2902/1560
f 2518/3001/1650 2457/2939/1589 2458/2940/1590
f 2456/2938/1588 2455/2937/1587 2459/3089/1591
f 2505/3090/1637 2416/3091/1555 2429/2911/1568
f 2416/3091/1555 2497/3074/1629 2579/3073/1711
f 2533/3016/1665 2450/2932/1582 2421/2902/1560
f 2534/3017/1666 2527/3010/1659 2450/2932/1582
f 2532/3015/1664 2526/3009/1658 2527/3010/1659
f 2532/3015/1664 2530/3013/1662 2524/3007/1656
f 2530/3013/1662 2531/3014/1663 2520/3003/1652
f 2531/3014/1663 2529/3012/1661 2517/3000/1649
f 2529/3012/1661 2457/2939/1589 2518/3001/1650
f 2422/3087/1561 2449/3092/1581 2516/2999/1648
f 2449/3092/1581 2525/3093/1657 2548/3031/1680
f 2525/3093/1657 2523/3094/1655 2545/3028/1677
f 2523/3094/1655 2521/3096/1653 2542/3025/1674
f 2522/3095/1654 2543/3026/1675 2542/3025/1674
f 2519/3097/1651 2541/3024/1673 2543/3026/1675
f 2459/3089/1591 2455/2937/1587 2541/3024/1673
f 2430/2912/1569 2579/3073/1711 2578/3071/1710
