# Blender 3.6.7
# www.blender.org
o DoorSimple.002
v 0.659323 0.037803 0.010982
v 0.666447 -0.099569 0.013490
v 0.659323 -0.099569 0.010982
v 0.657470 0.038984 0.025395
v 0.653107 0.049612 0.025403
v 0.653107 0.038984 0.025403
v 0.644879 -0.100749 0.026816
v 0.641044 -0.100749 0.022768
v 0.655263 -0.100749 0.020399
v 0.651495 -0.100749 0.029146
v 0.659121 -0.100749 0.029131
v 0.669484 -0.100749 0.018031
v 0.669507 -0.100749 0.022714
v 0.665651 -0.100749 0.013982
v 0.665714 -0.100749 0.026777
v 0.657421 0.038984 0.015396
v 0.665651 0.038984 0.013982
v 0.659033 0.038984 0.011653
v 0.644814 -0.100749 0.014021
v 0.651407 -0.100749 0.011667
v 0.641021 -0.100749 0.018084
v 0.651111 0.037803 0.010997
v 0.651111 -0.099569 0.010997
v 0.666447 0.037803 0.013490
v 0.670575 -0.099569 0.017849
v 0.670575 0.037803 0.017849
v 0.670599 -0.099569 0.022892
v 0.670599 0.037803 0.022892
v 0.666515 -0.099569 0.027267
v 0.666515 0.037803 0.027267
v 0.659417 -0.099569 0.029801
v 0.659417 0.037803 0.029801
v 0.651205 -0.099569 0.029817
v 0.651205 0.037803 0.029817
v 0.644081 -0.099569 0.027309
v 0.644081 0.037803 0.027309
v 0.639953 -0.099569 0.022949
v 0.639953 0.037803 0.022949
v 0.639929 -0.099569 0.017907
v 0.639929 0.037803 0.017907
v 0.644013 -0.099569 0.013532
v 0.644013 0.037803 0.013532
v 0.659033 -0.100749 0.011653
v 0.663399 0.038984 0.019044
v 0.661205 0.038984 0.016728
v 0.651407 0.038984 0.011667
v 0.653058 0.038984 0.015404
v 0.661243 0.038984 0.024048
v 0.669507 0.038984 0.022714
v 0.663411 0.038984 0.021724
v 0.665714 0.038984 0.026777
v 0.659121 0.038984 0.029131
v 0.644879 0.038984 0.026816
v 0.651495 0.038984 0.029146
v 0.649323 0.038984 0.024070
v 0.641044 0.038984 0.022768
v 0.647116 0.038984 0.019075
v 0.647129 0.038984 0.021754
v 0.649285 0.038984 0.016751
v 0.641021 0.038984 0.018084
v 0.644814 0.038984 0.014021
v 0.661205 0.049612 0.016728
v 0.669484 0.038984 0.018031
v 0.657421 0.049612 0.015396
v 0.663399 0.049612 0.019044
v 0.663411 0.049612 0.021724
v 0.649285 0.049612 0.016751
v 0.649323 0.049612 0.024070
v 0.661243 0.049612 0.024048
v 0.653058 0.049612 0.015404
v 0.647129 0.049612 0.021754
v 0.657470 0.049612 0.025395
v 0.647116 0.049612 0.019075
v 0.660409 0.050792 0.017220
v 0.662307 0.050792 0.019226
v 0.662319 0.050792 0.021546
v 0.660440 0.050792 0.023559
v 0.657175 0.050792 0.024725
v 0.653397 0.050792 0.024732
v 0.650119 0.050792 0.023578
v 0.648220 0.050792 0.021572
v 0.648209 0.050792 0.019253
v 0.650088 0.050792 0.017240
v 0.653353 0.050792 0.016074
v 0.657131 0.050792 0.016067
v 0.655263 0.050792 0.020399
v 0.198235 -1.029527 0.005296
v 0.397382 -1.029527 -0.022207
v 0.397382 -1.029527 0.005296
v 0.198235 1.001565 -0.028243
v 0.397382 -1.018905 -0.028242
v 0.198235 -1.018905 -0.028242
v 0.188408 1.001565 0.005295
v 0.188408 -1.018905 -0.022207
v 0.188408 -1.018905 0.005296
v 0.198235 1.012187 0.005295
v 0.397382 1.012187 -0.022209
v 0.198235 1.012187 -0.022209
v 0.407209 1.001565 -0.022209
v 0.407209 -1.018905 0.005296
v 0.407209 -1.018905 -0.022207
v 0.397382 1.001565 0.011329
v 0.198235 -1.018905 0.011331
v 0.397382 -1.018905 0.011331
v -0.243748 -1.047705 0.005296
v -0.044592 -1.054002 -0.022207
v -0.044592 -1.054002 0.005296
v -0.243744 -1.037079 -0.028242
v -0.044595 1.001784 -0.028243
v -0.044595 -1.043375 -0.028242
v -0.253569 1.015015 0.005295
v -0.253571 -1.036773 -0.022207
v -0.253571 -1.036773 0.005296
v -0.243760 1.025017 0.005295
v -0.044579 1.012423 -0.022209
v -0.243760 1.025017 -0.022209
v -0.034769 1.001181 -0.022209
v -0.034769 -1.043690 0.005296
v -0.034769 -1.043690 -0.022207
v -0.044595 1.001784 0.011329
v -0.243744 -1.037079 0.011331
v -0.044595 -1.043375 0.011331
v -0.685732 -1.053829 0.005296
v -0.486564 -1.044035 -0.022207
v -0.486564 -1.044035 0.005296
v -0.685722 0.992955 -0.028243
v -0.486574 -1.033402 -0.028242
v -0.685722 -1.043196 -0.028242
v -0.695548 0.991970 0.005295
v -0.695548 -1.043690 -0.022207
v -0.695548 -1.043690 0.005296
v -0.685768 1.003622 0.005295
v -0.486528 1.024607 -0.022209
v -0.685768 1.003622 -0.022209
v -0.476748 1.015015 -0.022209
v -0.476746 -1.032930 0.005296
v -0.476748 -1.032930 -0.022207
v -0.486574 -1.033402 0.011331
v -0.685722 0.992955 0.011329
v -0.685722 -1.043196 0.011331
v 0.397382 1.001565 -0.028243
v 0.397382 1.012187 0.005295
v 0.407209 1.001565 0.005295
v 0.198235 -1.029527 -0.022207
v 0.188408 1.001565 -0.022209
v 0.198235 1.001565 0.011329
v -0.044579 1.012423 0.005295
v -0.034769 1.001181 0.005295
v -0.243748 -1.047705 -0.022207
v -0.243744 1.014376 -0.028243
v -0.253569 1.015015 -0.022209
v -0.243744 1.014376 0.011329
v -0.486574 1.013930 -0.028243
v -0.486528 1.024607 0.005295
v -0.486574 1.013930 0.011329
v -0.476748 1.015015 0.005295
v -0.685732 -1.053829 -0.022207
v -0.695548 0.991970 -0.022209
v -0.686965 0.848630 -0.069161
v 0.616504 1.013969 -0.069162
v 0.616504 0.848629 -0.069161
v -0.686965 0.838008 -0.035623
v 0.616504 0.838007 -0.063127
v 0.616504 0.838007 -0.035623
v -0.696790 1.013969 -0.035624
v -0.696790 0.848630 -0.063127
v -0.696790 0.848630 -0.035623
v 0.616504 1.024591 -0.063127
v -0.686965 1.024591 -0.035624
v 0.616504 1.024591 -0.035624
v 0.626330 1.013969 -0.063127
v -0.686965 1.013969 -0.069161
v -0.696790 1.013969 -0.063127
v -0.686965 1.024591 -0.063127
v 0.626330 1.013969 -0.035624
v 0.616504 1.013969 -0.029589
v -0.686965 1.013969 -0.029589
v 0.626330 0.848629 -0.063127
v -0.686965 0.838008 -0.063127
v 0.626330 0.848629 -0.035624
v 0.616504 0.848629 -0.029589
v -0.686965 0.848630 -0.029589
v -0.661966 0.986947 -0.029589
v 0.591505 0.875651 -0.029589
v 0.591505 0.986947 -0.029589
v -0.661966 0.875651 -0.029589
v -0.686965 -1.039910 -0.069160
v 0.616504 -0.874571 -0.069160
v 0.616504 -1.039911 -0.069160
v -0.686965 -1.050532 -0.035622
v 0.616504 -1.050533 -0.063125
v 0.616504 -1.050533 -0.035622
v -0.696790 -0.874571 -0.035622
v -0.696790 -1.039910 -0.063125
v -0.696790 -1.039910 -0.035622
v 0.616504 -0.863949 -0.063126
v -0.686965 -0.863949 -0.035622
v 0.616504 -0.863949 -0.035622
v 0.626330 -0.874571 -0.063126
v -0.686965 -0.874571 -0.069160
v -0.696790 -0.874571 -0.063125
v -0.686965 -0.863949 -0.063125
v 0.626330 -0.874571 -0.035622
v 0.616504 -0.874571 -0.029588
v -0.686965 -0.874571 -0.029588
v 0.626330 -1.039911 -0.063125
v -0.686965 -1.050532 -0.063125
v 0.626330 -1.039911 -0.035622
v 0.616504 -1.039911 -0.029588
v -0.686965 -1.039910 -0.029587
v 0.598641 -0.893879 -0.029588
v -0.669101 -0.893879 -0.029588
v 0.598641 -1.020603 -0.029588
v -0.669101 -1.020602 -0.029587
v 0.616504 -0.122325 -0.069160
v -0.686965 0.043015 -0.069160
v 0.616504 0.043015 -0.069160
v -0.686965 -0.132946 -0.035622
v 0.616504 -0.132947 -0.063126
v 0.616504 -0.132947 -0.035622
v -0.696790 0.043015 -0.035622
v -0.696790 -0.122324 -0.063126
v -0.696790 -0.122324 -0.035622
v 0.616504 0.053637 -0.063126
v -0.686965 0.053637 -0.035622
v 0.616504 0.053637 -0.035622
v 0.626330 0.043015 -0.063126
v -0.696790 0.043015 -0.063126
v -0.686965 0.053637 -0.063126
v 0.626330 0.043015 -0.035622
v 0.616504 0.043015 -0.029588
v -0.686965 0.043015 -0.029588
v 0.626330 -0.122325 -0.063126
v -0.686965 -0.122324 -0.069160
v -0.686965 -0.132946 -0.063126
v 0.626330 -0.122325 -0.035622
v 0.616504 -0.122325 -0.029588
v -0.686965 -0.122324 -0.029588
v -0.668903 0.023492 -0.029588
v 0.598442 -0.102802 -0.029588
v 0.598442 0.023492 -0.029588
v -0.668903 -0.102801 -0.029588
v 0.624018 -0.774543 -0.062737
v 0.157144 -0.142234 -0.035233
v 0.624018 -0.774543 -0.035233
v 0.620321 -0.864729 -0.062737
v 0.479585 -0.864730 -0.035233
v 0.479585 -0.864730 -0.062737
v -0.684191 0.715146 -0.068772
v -0.684191 0.824872 -0.068772
v -0.569504 0.824872 -0.068772
v 0.006271 0.062099 -0.035233
v -0.558644 0.827191 -0.062738
v -0.558644 0.827192 -0.035235
v -0.214578 0.062100 -0.035233
v -0.687888 0.703125 -0.062738
v -0.214578 0.062099 -0.062737
v 0.463628 -0.856428 -0.035233
v -0.063706 -0.142234 -0.062737
v 0.463628 -0.856428 -0.062737
v 0.474488 -0.854108 -0.068771
v -0.049420 -0.144554 -0.068771
v 0.146285 -0.144554 -0.068771
v -0.198623 0.053797 -0.062737
v 0.002574 0.053797 -0.035233
v -0.198623 0.053798 -0.035233
v -0.694017 0.722049 -0.035235
v -0.694017 0.824872 -0.062738
v -0.694017 0.722049 -0.062738
v -0.684191 0.835494 -0.035235
v -0.574601 0.835494 -0.062738
v -0.684191 0.835494 -0.062738
v -0.060009 -0.133932 -0.035233
v 0.141188 -0.133932 -0.062737
v -0.060009 -0.133932 -0.062737
v 0.630148 -0.793467 -0.062737
v 0.620321 -0.786564 -0.068771
v 0.620321 -0.786564 -0.029199
v 0.630148 -0.793467 -0.035233
v 0.630147 -0.854107 -0.062737
v 0.620321 -0.854108 -0.068771
v 0.474488 -0.854108 -0.029199
v 0.630148 -0.854108 -0.035233
v 0.620321 -0.854108 -0.029199
v 0.620321 -0.864729 -0.035233
v -0.684191 0.715146 -0.029200
v -0.687888 0.703125 -0.035235
v -0.694017 0.824872 -0.035235
v -0.684191 0.824872 -0.029200
v -0.574601 0.835494 -0.035235
v -0.569504 0.824872 -0.029200
v -0.008013 0.064419 -0.068771
v 0.006273 0.062099 -0.062737
v 0.002574 0.053797 -0.062737
v -0.203719 0.064420 -0.029199
v -0.008013 0.064419 -0.029199
v -0.203718 0.064419 -0.068771
v 0.157144 -0.142234 -0.062737
v -0.049420 -0.144554 -0.029199
v -0.063706 -0.142234 -0.035233
v 0.146285 -0.144554 -0.029199
v 0.141188 -0.133932 -0.035233
v 0.134189 -0.171717 -0.029199
v 0.002788 -0.171717 -0.029199
v 0.486583 -0.826944 -0.029199
v 0.595192 -0.826944 -0.029199
v 0.595192 -0.796075 -0.029199
v -0.659062 0.797709 -0.029200
v -0.659062 0.724657 -0.029200
v -0.191624 0.091583 -0.029199
v -0.060223 0.091583 -0.029199
v -0.581600 0.797708 -0.029200
v -0.586553 0.951637 0.022230
v -0.572929 0.955583 0.010822
v -0.586553 0.951637 0.010822
v -0.549768 0.939660 0.022900
v -0.559869 0.950579 0.022900
v -0.573370 0.926128 0.022900
v -0.548239 0.911362 0.010822
v 0.105949 0.888015 0.022230
v -0.548239 0.911362 0.022230
v -0.559869 0.901678 0.022900
v -0.549766 0.912597 0.022900
v -0.572929 0.897895 0.022900
v -0.585988 0.901678 0.022900
v -0.595549 0.912012 0.022900
v -0.599048 0.926128 0.022900
v -0.595549 0.940245 0.022900
v -0.585988 0.950579 0.022900
v -0.572929 0.954361 0.022900
v 0.105997 0.961660 0.022900
v 0.641125 0.859425 0.022900
v 0.641125 0.995842 0.022900
v -0.550102 0.910566 0.010822
v -0.559304 0.900619 0.022230
v -0.559304 0.900619 0.010822
v 0.105949 0.888015 0.010822
v 0.641127 0.858243 0.022230
v 0.642218 0.995914 0.010822
v 0.642218 0.859362 0.022230
v 0.642218 0.859362 0.010822
v -0.559304 0.951637 0.022230
v -0.559304 0.951637 0.010822
v -0.550102 0.941690 0.022230
v -0.550102 0.941690 0.010822
v 0.105949 0.962839 0.010822
v 0.641127 0.997024 0.022230
v 0.641127 0.997024 0.010822
v -0.596527 0.940856 0.022230
v -0.596527 0.940856 0.010822
v -0.600178 0.926128 0.022230
v -0.600178 0.926128 0.010822
v -0.596527 0.911401 0.022230
v -0.596527 0.911401 0.010822
v -0.586553 0.900619 0.022230
v -0.586553 0.900619 0.010822
v -0.572929 0.896673 0.022230
v -0.572929 0.896673 0.010822
v -0.548239 0.940892 0.010822
v 0.105949 0.962839 0.022230
v -0.548239 0.940892 0.022230
v -0.550102 0.910566 0.022230
v 0.642218 0.995914 0.022230
v -0.572929 0.955583 0.022230
v 0.105993 0.889195 0.022900
v 0.641127 0.858243 0.010822
v 0.659323 0.997139 0.010981
v 0.666447 0.859767 0.013489
v 0.659323 0.859767 0.010981
v 0.653397 1.010128 0.024731
v 0.657175 1.010128 0.024724
v 0.655263 1.010128 0.020398
v 0.644879 0.858587 0.026815
v 0.641044 0.858587 0.022767
v 0.655263 0.858587 0.020398
v 0.651495 0.858587 0.029145
v 0.659121 0.858587 0.029130
v 0.669484 0.858587 0.018030
v 0.669507 0.858587 0.022713
v 0.665651 0.858587 0.013981
v 0.665714 0.858587 0.026776
v 0.657421 0.998320 0.015394
v 0.665651 0.998320 0.013981
v 0.659033 0.998320 0.011652
v 0.644814 0.858587 0.014020
v 0.651407 0.858587 0.011666
v 0.641021 0.858587 0.018083
v 0.651111 0.997139 0.010996
v 0.651111 0.859767 0.010996
v 0.666447 0.997139 0.013489
v 0.670575 0.859767 0.017848
v 0.670575 0.997139 0.017848
v 0.670599 0.859767 0.022891
v 0.670599 0.997139 0.022891
v 0.666515 0.859767 0.027265
v 0.666515 0.997139 0.027265
v 0.659417 0.859767 0.029800
v 0.659417 0.997139 0.029800
v 0.651205 0.859767 0.029816
v 0.651205 0.997139 0.029816
v 0.644081 0.859767 0.027308
v 0.644081 0.997139 0.027308
v 0.639953 0.859767 0.022948
v 0.639953 0.997139 0.022948
v 0.639929 0.859767 0.017906
v 0.639929 0.997139 0.017906
v 0.644013 0.859767 0.013531
v 0.644013 0.997139 0.013531
v 0.659033 0.858587 0.011652
v 0.663399 0.998320 0.019043
v 0.661205 0.998320 0.016727
v 0.651407 0.998320 0.011666
v 0.653058 0.998320 0.015403
v 0.661243 0.998320 0.024047
v 0.669507 0.998320 0.022713
v 0.663411 0.998320 0.021722
v 0.657470 0.998320 0.025393
v 0.665714 0.998320 0.026776
v 0.653107 0.998320 0.025402
v 0.659121 0.998320 0.029130
v 0.644879 0.998320 0.026815
v 0.651495 0.998320 0.029144
v 0.649323 0.998320 0.024069
v 0.641044 0.998320 0.022766
v 0.647116 0.998320 0.019074
v 0.647129 0.998320 0.021753
v 0.649285 0.998320 0.016749
v 0.641021 0.998320 0.018083
v 0.644814 0.998320 0.014020
v 0.660409 1.010128 0.017219
v 0.657131 1.010128 0.016065
v 0.669484 0.998320 0.018030
v 0.662307 1.010128 0.019225
v 0.662319 1.010128 0.021545
v 0.650088 1.010128 0.017239
v 0.648209 1.010128 0.019251
v 0.650119 1.010128 0.023577
v 0.660440 1.010128 0.023557
v 0.653353 1.010128 0.016073
v 0.648220 1.010128 0.021571
v 0.661205 1.008948 0.016727
v 0.657421 1.008948 0.015394
v 0.653058 1.008948 0.015403
v 0.649285 1.008948 0.016749
v 0.647116 1.008948 0.019074
v 0.647129 1.008948 0.021753
v 0.649323 1.008948 0.024069
v 0.653107 1.008948 0.025402
v 0.657470 1.008948 0.025393
v 0.661243 1.008948 0.024047
v 0.663411 1.008948 0.021722
v 0.663399 1.008948 0.019043
v -0.586553 -0.006189 0.022231
v -0.572929 -0.002243 0.010824
v -0.586553 -0.006189 0.010824
v -0.549763 -0.018171 0.022902
v -0.559869 -0.007247 0.022902
v -0.573370 -0.031698 0.022902
v -0.548239 -0.046456 0.010824
v -0.287702 -0.053739 0.022231
v -0.548239 -0.046456 0.022231
v -0.559869 -0.056148 0.022902
v -0.549770 -0.045232 0.022902
v -0.572929 -0.059931 0.022902
v -0.585988 -0.056148 0.022902
v -0.595549 -0.045814 0.022902
v -0.599048 -0.031698 0.022902
v -0.595549 -0.017581 0.022902
v -0.585988 -0.007247 0.022902
v -0.572929 -0.003465 0.022902
v 0.397869 0.011477 0.022902
v 0.641125 -0.099922 0.022902
v 0.641125 0.036460 0.022902
v -0.550102 -0.047260 0.010824
v -0.559304 -0.057206 0.022231
v -0.559304 -0.057206 0.010824
v -0.287702 -0.053739 0.010824
v 0.397805 -0.089928 0.022231
v -0.287702 -0.004954 0.022231
v 0.397805 0.012656 0.010824
v -0.287702 -0.004954 0.010824
v 0.642218 0.036578 0.010824
v 0.642218 -0.099974 0.022231
v 0.642218 -0.099974 0.010824
v 0.397805 -0.089928 0.010824
v 0.641127 -0.101104 0.022231
v -0.287656 -0.052560 0.022902
v -0.287671 -0.006133 0.022902
v -0.559304 -0.006189 0.022231
v -0.559304 -0.006189 0.010824
v -0.550102 -0.016136 0.022231
v -0.550102 -0.016136 0.010824
v 0.641130 0.037646 0.022231
v 0.641130 0.037646 0.010824
v -0.596527 -0.016970 0.022231
v -0.596527 -0.016970 0.010824
v -0.600178 -0.031698 0.022231
v -0.600178 -0.031698 0.010824
v -0.596527 -0.046425 0.022231
v -0.596527 -0.046425 0.010824
v -0.586553 -0.057206 0.022231
v -0.586553 -0.057206 0.010824
v -0.572929 -0.061153 0.022231
v -0.572929 -0.061153 0.010824
v -0.548239 -0.016920 0.022231
v -0.548239 -0.016920 0.010824
v -0.550102 -0.047260 0.022231
v 0.642218 0.036578 0.022231
v -0.572929 -0.002243 0.022231
v 0.397856 -0.088749 0.022902
v 0.397805 0.012656 0.022231
v 0.641127 -0.101104 0.010824
v -0.586553 -0.917279 0.022231
v -0.572929 -0.913333 0.010824
v -0.586553 -0.917279 0.010824
v -0.549763 -0.929262 0.022902
v -0.559869 -0.918337 0.022902
v -0.573370 -0.942788 0.022902
v -0.548239 -0.957543 0.010824
v -0.420780 -0.960807 0.022231
v -0.548239 -0.957543 0.022231
v -0.559869 -0.967238 0.022902
v -0.549771 -0.956323 0.022902
v -0.572929 -0.971021 0.022902
v -0.585988 -0.967238 0.022902
v -0.595549 -0.956904 0.022902
v -0.599048 -0.942788 0.022902
v -0.595549 -0.928671 0.022902
v -0.585988 -0.918337 0.022902
v -0.572929 -0.914555 0.022902
v 0.518584 -0.994741 0.022902
v 0.641125 -0.874563 0.022902
v 0.518558 -0.880193 0.022902
v -0.550102 -0.958350 0.010824
v -0.559304 -0.968296 0.022231
v -0.559304 -0.968296 0.010824
v -0.420738 -0.959628 0.022902
v 0.034207 -0.906987 0.022902
v -0.420741 -0.923336 0.022902
v -0.420780 -0.922156 0.022231
v 0.034162 -0.905808 0.010824
v -0.420780 -0.922156 0.010824
v -0.420780 -0.960807 0.010824
v 0.034162 -0.982284 0.022231
v 0.034162 -0.982284 0.010824
v 0.518503 -0.995919 0.022231
v 0.642218 -0.874512 0.010824
v 0.642218 -1.011064 0.022231
v 0.642218 -1.011064 0.010824
v 0.034162 -0.905808 0.022231
v 0.518503 -0.879014 0.010824
v 0.518503 -0.995919 0.010824
v 0.641134 -1.012101 0.022231
v -0.559304 -0.917279 0.022231
v -0.559304 -0.917279 0.010824
v -0.550102 -0.927226 0.022231
v -0.550102 -0.927226 0.010824
v 0.518503 -0.879014 0.022231
v 0.641127 -0.873382 0.010824
v -0.596527 -0.928060 0.022231
v -0.596527 -0.928060 0.010824
v -0.600178 -0.942788 0.022231
v -0.600178 -0.942788 0.010824
v -0.596527 -0.957515 0.022231
v -0.596527 -0.957515 0.010824
v -0.586553 -0.968296 0.022231
v -0.586553 -0.968296 0.010824
v -0.572929 -0.972243 0.022231
v -0.572929 -0.972243 0.010824
v -0.548239 -0.928010 0.022231
v -0.548239 -0.928010 0.010824
v -0.550102 -0.958350 0.022231
v 0.641127 -0.873382 0.022231
v 0.642218 -0.874512 0.022231
v 0.641125 -1.010911 0.022902
v -0.572929 -0.913333 0.022231
v 0.034199 -0.981104 0.022902
v 0.641134 -1.012101 0.010824
v 0.659323 -0.873287 0.010982
v 0.666447 -1.010659 0.013490
v 0.659323 -1.010659 0.010982
v 0.657470 -0.872107 0.025395
v 0.653107 -0.861479 0.025403
v 0.653107 -0.872107 0.025403
v 0.644879 -1.011840 0.026817
v 0.641044 -1.011840 0.022768
v 0.655263 -1.011840 0.020400
v 0.651495 -1.011840 0.029146
v 0.659121 -1.011840 0.029132
v 0.669484 -1.011840 0.018031
v 0.669507 -1.011840 0.022714
v 0.665651 -1.011840 0.013982
v 0.665714 -1.011840 0.026778
v 0.657421 -0.872107 0.015396
v 0.665651 -0.872107 0.013982
v 0.659033 -0.872107 0.011653
v 0.644814 -1.011840 0.014022
v 0.651407 -1.011840 0.011667
v 0.641021 -1.011840 0.018085
v 0.651111 -0.873287 0.010997
v 0.651111 -1.010659 0.010998
v 0.666447 -0.873287 0.013490
v 0.670575 -1.010659 0.017849
v 0.670575 -0.873287 0.017849
v 0.670599 -1.010659 0.022892
v 0.670599 -0.873287 0.022892
v 0.666515 -1.010659 0.027267
v 0.666515 -0.873287 0.027267
v 0.659417 -1.010659 0.029802
v 0.659417 -0.873287 0.029802
v 0.651205 -1.010659 0.029817
v 0.651205 -0.873287 0.029817
v 0.644081 -1.010659 0.027309
v 0.644081 -0.873287 0.027309
v 0.639953 -1.010659 0.022950
v 0.639953 -0.873287 0.022950
v 0.639929 -1.010659 0.017907
v 0.639929 -0.873287 0.017907
v 0.644013 -1.010659 0.013532
v 0.644013 -0.873287 0.013532
v 0.659033 -1.011840 0.011653
v 0.663399 -0.872107 0.019045
v 0.661205 -0.872107 0.016728
v 0.651407 -0.872107 0.011667
v 0.653058 -0.872107 0.015404
v 0.661243 -0.872107 0.024048
v 0.669507 -0.872107 0.022714
v 0.663411 -0.872107 0.021724
v 0.665714 -0.872107 0.026777
v 0.659121 -0.872107 0.029132
v 0.644879 -0.872107 0.026817
v 0.651495 -0.872107 0.029146
v 0.649323 -0.872107 0.024071
v 0.641044 -0.872107 0.022768
v 0.647116 -0.872107 0.019075
v 0.647129 -0.872107 0.021754
v 0.649285 -0.872107 0.016751
v 0.641021 -0.872107 0.018085
v 0.644814 -0.872107 0.014022
v 0.661205 -0.861479 0.016728
v 0.669484 -0.872107 0.018031
v 0.657421 -0.861479 0.015396
v 0.663399 -0.861479 0.019045
v 0.663411 -0.861479 0.021724
v 0.649285 -0.861479 0.016751
v 0.649323 -0.861479 0.024071
v 0.661243 -0.861479 0.024048
v 0.653058 -0.861479 0.015404
v 0.647129 -0.861479 0.021754
v 0.657470 -0.861479 0.025395
v 0.647116 -0.861479 0.019075
v 0.660409 -0.860298 0.017221
v 0.662307 -0.860298 0.019226
v 0.662319 -0.860298 0.021546
v 0.660440 -0.860298 0.023559
v 0.657175 -0.860298 0.024725
v 0.653397 -0.860298 0.024732
v 0.650119 -0.860298 0.023578
v 0.648220 -0.860298 0.021573
v 0.648209 -0.860298 0.019253
v 0.650088 -0.860298 0.017240
v 0.653353 -0.860298 0.016074
v 0.657131 -0.860298 0.016067
v 0.655263 -0.860298 0.020399
v 0.419223 -1.043418 -0.028242
v 0.618372 1.004843 -0.028243
v 0.618372 -1.037979 -0.028242
v 0.409396 1.012248 0.005295
v 0.409396 -1.043690 -0.022207
v 0.409396 -1.043690 0.005296
v 0.419219 1.022522 0.005295
v 0.618377 1.015471 -0.022209
v 0.419219 1.022522 -0.022209
v 0.628198 1.004501 -0.022209
v 0.628198 -1.037714 0.005296
v 0.628198 -1.037714 -0.022207
v 0.618372 1.004843 0.011329
v 0.419223 -1.043418 0.011331
v 0.618372 -1.037979 0.011331
v -0.022760 -1.053950 0.005296
v 0.176398 -1.046604 -0.022207
v 0.176400 -1.046604 0.005296
v -0.022755 1.001554 -0.028243
v 0.176393 -1.035976 -0.028242
v -0.022755 -1.043322 -0.028242
v -0.032581 1.001181 0.005295
v -0.032581 -1.043690 -0.022207
v -0.032581 -1.043690 0.005296
v -0.022762 1.012182 0.005295
v 0.176400 1.019877 -0.022209
v -0.022762 1.012182 -0.022209
v 0.186221 1.009635 -0.022209
v 0.186221 -1.035620 0.005296
v 0.186221 -1.035620 -0.022207
v 0.176393 -1.035976 0.011331
v -0.022755 1.001554 0.011329
v -0.022755 -1.043322 0.011331
v -0.464732 -1.015723 0.005296
v -0.265585 -1.015723 -0.022207
v -0.265585 -1.015723 0.005296
v -0.464732 1.002718 -0.028243
v -0.265585 -1.005101 -0.028242
v -0.464732 -1.005101 -0.028242
v -0.474559 1.002718 0.005295
v -0.474559 -1.005101 -0.022207
v -0.474559 -1.005101 0.005296
v -0.464732 1.013340 0.005295
v -0.265585 1.013340 -0.022209
v -0.464732 1.013340 -0.022209
v -0.255758 1.002718 -0.022209
v -0.255758 -1.005101 0.005296
v -0.255758 -1.005101 -0.022207
v -0.265585 1.002718 0.011329
v -0.464732 -1.005101 0.011331
v -0.265585 -1.005101 0.011331
v 0.618374 -1.048604 -0.022207
v 0.618374 -1.048604 0.005296
v 0.618377 1.015471 0.005295
v 0.628198 1.004501 0.005295
v 0.419220 -1.054044 -0.022207
v 0.419223 1.011895 -0.028243
v 0.409396 1.012248 -0.022209
v 0.419220 -1.054044 0.005296
v 0.419223 1.011895 0.011329
v 0.176393 1.009249 -0.028243
v 0.176400 1.019877 0.005295
v 0.176393 1.009249 0.011329
v 0.186221 1.009635 0.005295
v -0.022760 -1.053950 -0.022207
v -0.032581 1.001181 -0.022209
v -0.265585 1.002718 -0.028243
v -0.265585 1.013340 0.005295
v -0.255758 1.002718 0.005295
v -0.464732 -1.015723 -0.022207
v -0.474559 1.002718 -0.022209
v -0.464732 1.002718 0.011329
v -0.614014 0.362933 -0.027886
v -0.622407 0.353861 -0.031841
v -0.622407 0.353861 -0.027886
v -0.591085 0.362933 -0.031841
v -0.602551 0.366253 -0.027886
v -0.591085 0.362933 -0.027886
v -0.579621 0.341469 -0.031841
v -0.582692 0.353861 -0.027886
v -0.579621 0.341469 -0.027886
v -0.591359 0.323806 -0.048287
v -0.588994 0.321686 -0.034181
v -0.589307 0.316502 -0.046076
v -0.625478 0.341469 -0.027886
v -0.625478 0.315140 -0.031867
v -0.625478 0.315140 -0.027886
v -0.582692 0.353861 -0.031841
v -0.579621 0.315140 -0.031841
v -0.602551 0.133608 -0.050151
v -0.595943 0.128152 -0.034127
v -0.602551 0.126239 -0.034127
v -0.616110 0.321687 -0.034176
v -0.613743 0.323806 -0.048287
v -0.615793 0.316502 -0.046076
v -0.615786 0.315038 -0.045616
v -0.610650 0.338932 -0.032446
v -0.621523 0.353310 -0.032446
v -0.613505 0.361979 -0.032446
v -0.589291 0.315038 -0.045616
v -0.590921 0.317799 -0.034132
v -0.613865 0.313134 -0.045057
v -0.591233 0.313134 -0.045057
v -0.614179 0.317799 -0.034132
v -0.624537 0.315186 -0.032446
v -0.618979 0.319921 -0.032446
v -0.596089 0.328319 -0.049652
v -0.591093 0.330177 -0.034176
v -0.614014 0.362933 -0.031841
v -0.609157 0.335427 -0.034128
v -0.602551 0.329971 -0.050152
v -0.609012 0.328319 -0.049652
v -0.591085 0.100647 -0.027885
v -0.582694 0.109718 -0.031840
v -0.582694 0.109718 -0.027885
v -0.614014 0.100647 -0.031840
v -0.602551 0.097326 -0.027885
v -0.614014 0.100647 -0.027885
v -0.625478 0.122110 -0.027885
v -0.622407 0.109718 -0.031840
v -0.622407 0.109718 -0.027885
v -0.616107 0.141894 -0.034180
v -0.613743 0.139773 -0.048285
v -0.614006 0.133403 -0.034175
v -0.579621 0.122110 -0.031840
v -0.579621 0.148439 -0.027885
v -0.579621 0.122110 -0.027885
v -0.625478 0.148439 -0.031840
v -0.625478 0.122110 -0.031840
v -0.592065 0.298119 -0.054860
v -0.613034 0.298119 -0.054860
v -0.609155 0.128154 -0.034150
v -0.591359 0.139773 -0.048285
v -0.588989 0.141893 -0.034175
v -0.591090 0.133401 -0.034150
v -0.589315 0.148541 -0.045615
v -0.588996 0.143658 -0.034180
v -0.615809 0.148542 -0.045615
v -0.616104 0.143658 -0.034180
v -0.591235 0.150446 -0.045056
v -0.614179 0.145780 -0.034131
v -0.590922 0.145780 -0.034131
v -0.609012 0.135260 -0.049651
v -0.591085 0.100647 -0.031840
v -0.596089 0.135260 -0.049651
v -0.588520 0.131058 -0.032445
v -0.580606 0.122251 -0.032445
v -0.583577 0.110269 -0.032445
v -0.594449 0.124648 -0.032445
v -0.591596 0.101601 -0.032445
v -0.586120 0.140738 -0.032445
v -0.580606 0.148393 -0.032445
v -0.618979 0.140738 -0.032445
v -0.624537 0.148393 -0.032445
v -0.618979 0.144676 -0.032445
v -0.580564 0.149458 -0.027885
v -0.624537 0.149458 -0.031840
v -0.624537 0.149458 -0.027885
v -0.616581 0.131058 -0.032445
v -0.624493 0.122251 -0.032444
v -0.610650 0.124648 -0.032444
v -0.621525 0.110269 -0.032444
v -0.602551 0.122302 -0.032445
v -0.613505 0.101601 -0.032444
v -0.602551 0.098428 -0.032445
v -0.602551 0.154556 -0.062909
v -0.608607 0.155625 -0.062120
v -0.602551 0.182925 -0.070712
v -0.608156 0.183471 -0.069844
v -0.602551 0.215101 -0.074355
v -0.607841 0.215264 -0.073490
v -0.602551 0.248478 -0.074356
v -0.608156 0.280108 -0.069845
v -0.607841 0.248316 -0.073491
v -0.608607 0.307954 -0.062121
v -0.602551 0.280654 -0.070714
v -0.602551 0.309024 -0.062910
v -0.602551 0.341278 -0.032446
v -0.602551 0.365151 -0.032446
v -0.613039 0.158548 -0.059962
v -0.612257 0.184963 -0.067471
v -0.611715 0.247871 -0.071125
v -0.611715 0.215709 -0.071125
v -0.612257 0.278616 -0.067472
v -0.613041 0.305031 -0.059963
v -0.616581 0.332522 -0.032446
v -0.624537 0.341156 -0.032446
v -0.615793 0.147078 -0.046075
v -0.614962 0.163279 -0.056469
v -0.614037 0.187378 -0.063630
v -0.613396 0.216428 -0.067295
v -0.614037 0.276202 -0.063631
v -0.613396 0.247151 -0.067296
v -0.614962 0.300301 -0.056470
v -0.614010 0.330179 -0.034151
v -0.590137 0.300301 -0.056470
v -0.590136 0.299439 -0.055801
v -0.613034 0.165460 -0.054860
v -0.613866 0.150446 -0.045056
v -0.592065 0.165460 -0.054860
v -0.612109 0.188491 -0.061860
v -0.593632 0.216760 -0.065531
v -0.592990 0.188491 -0.061860
v -0.593632 0.246820 -0.065531
v -0.611468 0.216760 -0.065531
v -0.592990 0.275089 -0.061860
v -0.611468 0.246820 -0.065531
v -0.612111 0.275089 -0.061860
v -0.618979 0.322841 -0.032446
v -0.614964 0.164140 -0.055800
v -0.613396 0.216525 -0.066713
v -0.614044 0.187755 -0.062978
v -0.613389 0.247055 -0.066715
v -0.614964 0.299439 -0.055801
v -0.614028 0.275825 -0.062978
v -0.580606 0.315186 -0.032446
v -0.586120 0.322841 -0.032446
v -0.580606 0.341329 -0.032446
v -0.590137 0.163279 -0.056469
v -0.589307 0.147078 -0.046075
v -0.591062 0.187378 -0.063630
v -0.590136 0.164140 -0.055800
v -0.591710 0.216525 -0.066713
v -0.591074 0.187755 -0.062978
v -0.591706 0.216428 -0.067295
v -0.591706 0.247054 -0.066715
v -0.591062 0.276202 -0.063631
v -0.591706 0.247151 -0.067297
v -0.591056 0.275824 -0.062978
v -0.624537 0.314122 -0.027886
v -0.580564 0.314122 -0.031841
v -0.580564 0.314122 -0.027886
v -0.592061 0.158548 -0.059962
v -0.592842 0.184963 -0.067471
v -0.593386 0.215709 -0.071125
v -0.593386 0.247871 -0.071125
v -0.592842 0.278616 -0.067472
v -0.592061 0.305031 -0.059963
v -0.588520 0.332522 -0.032446
v -0.596495 0.155625 -0.062120
v -0.596946 0.183471 -0.069844
v -0.597258 0.215264 -0.073490
v -0.597258 0.248316 -0.073491
v -0.596946 0.280108 -0.069845
v -0.596495 0.307954 -0.062121
v -0.594449 0.338932 -0.032446
v -0.583577 0.353310 -0.032446
v -0.591595 0.361979 -0.032446
v -0.586120 0.319921 -0.032446
v -0.616104 0.319921 -0.034181
v -0.624537 0.314122 -0.031841
v -0.586120 0.143658 -0.032445
v -0.580564 0.149458 -0.031840
v -0.579621 0.148439 -0.031840
v -0.602551 0.366253 -0.031841
v -0.625478 0.341469 -0.031867
v -0.579621 0.315140 -0.027886
v -0.588996 0.319921 -0.034181
v -0.595944 0.335426 -0.034151
v -0.602551 0.337341 -0.034128
v -0.602551 0.097326 -0.031840
v -0.625478 0.148439 -0.027885
v 0.669489 -0.126566 0.018068
v 0.669511 -0.126566 0.022751
v 0.655270 -0.126566 0.020436
v 0.665719 -0.126566 0.026814
v 0.659126 -0.126566 0.029168
v 0.651500 -0.126566 0.029183
v 0.644884 -0.126566 0.026853
v 0.641050 -0.126566 0.022805
v 0.641026 -0.126566 0.018121
v 0.644820 -0.126566 0.014058
v 0.652210 -0.126566 0.011419
v 0.651117 -0.102648 0.011034
v 0.651090 -0.125386 0.005497
v 0.651117 -0.125386 0.011034
v 0.655270 -0.101468 0.020436
v 0.665655 -0.101468 0.014019
v 0.658238 -0.101468 0.011408
v 0.669489 -0.101468 0.018068
v 0.669511 -0.101468 0.022751
v 0.665719 -0.101468 0.026814
v 0.659126 -0.101468 0.029168
v 0.651500 -0.101468 0.029183
v 0.644884 -0.101468 0.026853
v 0.641050 -0.101468 0.022805
v 0.641026 -0.101468 0.018121
v 0.644820 -0.101468 0.014058
v 0.652210 -0.101468 0.011419
v 0.652181 -0.101468 0.005495
v 0.659328 -0.125386 0.011019
v 0.659300 -0.102648 0.005481
v 0.659328 -0.102648 0.011019
v 0.658238 -0.126566 0.011408
v 0.666452 -0.102648 0.013527
v 0.644018 -0.102648 0.013569
v 0.639933 -0.125386 0.017944
v 0.639933 -0.102648 0.017944
v 0.639960 -0.125386 0.022986
v 0.639960 -0.102648 0.022986
v 0.644087 -0.125386 0.027346
v 0.644087 -0.102648 0.027346
v 0.651210 -0.125386 0.029854
v 0.651210 -0.102648 0.029854
v 0.659422 -0.125386 0.029838
v 0.659422 -0.102648 0.029838
v 0.666520 -0.125386 0.027303
v 0.666520 -0.102648 0.027303
v 0.670604 -0.125386 0.022929
v 0.670604 -0.102648 0.022929
v 0.670580 -0.125386 0.017886
v 0.670580 -0.102648 0.017886
v 0.666452 -0.125386 0.013527
v 0.652181 -0.126566 0.005495
v 0.658209 -0.126566 0.005484
v 0.644018 -0.125386 0.013569
v 0.665655 -0.126566 0.014019
v 0.658209 -0.101468 0.005484
v 0.651090 -0.102648 0.005497
v 0.659300 -0.125386 0.005481
v 0.669489 0.832770 0.018067
v 0.669511 0.832770 0.022750
v 0.655270 0.832770 0.020435
v 0.665719 0.832770 0.026813
v 0.659126 0.832770 0.029167
v 0.651500 0.832770 0.029181
v 0.644884 0.832770 0.026852
v 0.641050 0.832770 0.022803
v 0.641026 0.832770 0.018120
v 0.644820 0.832770 0.014057
v 0.652210 0.832770 0.011418
v 0.651117 0.856688 0.011033
v 0.651090 0.833950 0.005496
v 0.651117 0.833950 0.011033
v 0.655270 0.857868 0.020435
v 0.665655 0.857868 0.014018
v 0.658238 0.857868 0.011407
v 0.669489 0.857868 0.018067
v 0.669511 0.857868 0.022750
v 0.665719 0.857868 0.026813
v 0.659126 0.857868 0.029167
v 0.651500 0.857868 0.029181
v 0.644884 0.857868 0.026852
v 0.641050 0.857868 0.022803
v 0.641026 0.857868 0.018120
v 0.644820 0.857868 0.014057
v 0.652210 0.857868 0.011418
v 0.652181 0.857868 0.005494
v 0.659328 0.833950 0.011017
v 0.659300 0.856688 0.005480
v 0.659328 0.856688 0.011017
v 0.658238 0.832770 0.011407
v 0.666452 0.856688 0.013525
v 0.652181 0.832770 0.005494
v 0.658209 0.832770 0.005482
v 0.670580 0.856688 0.017885
v 0.666452 0.833950 0.013525
v 0.670604 0.856688 0.022927
v 0.670580 0.833950 0.017885
v 0.666520 0.856688 0.027302
v 0.670604 0.833950 0.022927
v 0.659422 0.856688 0.029837
v 0.666520 0.833950 0.027302
v 0.651210 0.856688 0.029852
v 0.659422 0.833950 0.029837
v 0.644087 0.856688 0.027344
v 0.651210 0.833950 0.029852
v 0.639960 0.856688 0.022985
v 0.644087 0.833950 0.027344
v 0.639933 0.856688 0.017942
v 0.639960 0.833950 0.022985
v 0.644018 0.856688 0.013568
v 0.639933 0.833950 0.017942
v 0.644018 0.833950 0.013568
v 0.665655 0.832770 0.014018
v 0.658209 0.857868 0.005482
v 0.651090 0.856688 0.005496
v 0.659300 0.833950 0.005480
v 0.669489 -1.037656 0.018068
v 0.669511 -1.037656 0.022751
v 0.655270 -1.037656 0.020436
v 0.665719 -1.037656 0.026814
v 0.659126 -1.037656 0.029168
v 0.651500 -1.037656 0.029183
v 0.644884 -1.037656 0.026853
v 0.641050 -1.037656 0.022805
v 0.641026 -1.037656 0.018121
v 0.644820 -1.037656 0.014058
v 0.652210 -1.037656 0.011419
v 0.651117 -1.013738 0.011034
v 0.651090 -1.036476 0.005497
v 0.651117 -1.036476 0.011034
v 0.655270 -1.012558 0.020436
v 0.665655 -1.012558 0.014019
v 0.658238 -1.012558 0.011408
v 0.669489 -1.012558 0.018068
v 0.669511 -1.012558 0.022751
v 0.665719 -1.012558 0.026814
v 0.659126 -1.012558 0.029168
v 0.651500 -1.012558 0.029183
v 0.644884 -1.012558 0.026853
v 0.641050 -1.012558 0.022805
v 0.641026 -1.012558 0.018121
v 0.644820 -1.012558 0.014058
v 0.652210 -1.012558 0.011419
v 0.652181 -1.012558 0.005495
v 0.659328 -1.036476 0.011019
v 0.659300 -1.013738 0.005482
v 0.659328 -1.013738 0.011019
v 0.658238 -1.037656 0.011408
v 0.666452 -1.013738 0.013527
v 0.644018 -1.013738 0.013569
v 0.639933 -1.036476 0.017944
v 0.639933 -1.013738 0.017944
v 0.639960 -1.036476 0.022986
v 0.639960 -1.013738 0.022986
v 0.644087 -1.036476 0.027346
v 0.644087 -1.013738 0.027346
v 0.651210 -1.036476 0.029854
v 0.651210 -1.013738 0.029854
v 0.659422 -1.036476 0.029838
v 0.659422 -1.013738 0.029838
v 0.666520 -1.036476 0.027304
v 0.666520 -1.013738 0.027304
v 0.670604 -1.036476 0.022929
v 0.670604 -1.013738 0.022929
v 0.670580 -1.036476 0.017886
v 0.670580 -1.013738 0.017886
v 0.666452 -1.036476 0.013527
v 0.652181 -1.037656 0.005495
v 0.658209 -1.037656 0.005484
v 0.644018 -1.036476 0.013569
v 0.665655 -1.037656 0.014019
v 0.658209 -1.012558 0.005484
v 0.651090 -1.013738 0.005497
v 0.659300 -1.036476 0.005482
v -0.591087 0.069220 0.009903
v -0.582694 0.060149 0.013858
v -0.582694 0.060149 0.009903
v -0.614016 0.069220 0.013858
v -0.602551 0.072541 0.009903
v -0.614016 0.069220 0.009903
v -0.625480 0.047757 0.013858
v -0.622409 0.060149 0.009903
v -0.625480 0.047757 0.009903
v -0.613743 0.030094 0.030303
v -0.616107 0.027973 0.016198
v -0.615794 0.022789 0.028093
v -0.579623 0.047757 0.009903
v -0.579623 0.021428 0.013884
v -0.579623 0.021428 0.009903
v -0.622409 0.060149 0.013858
v -0.625480 0.021428 0.013858
v -0.602551 -0.160104 0.032169
v -0.609159 -0.165560 0.016145
v -0.602552 -0.167474 0.016145
v -0.588991 0.027974 0.016193
v -0.591359 0.030094 0.030303
v -0.589309 0.022789 0.028093
v -0.589315 0.021326 0.027633
v -0.594451 0.045219 0.014462
v -0.583578 0.059598 0.014462
v -0.591596 0.068266 0.014462
v -0.615811 0.021325 0.027633
v -0.614181 0.024086 0.016149
v -0.591237 0.019421 0.027074
v -0.613868 0.019421 0.027074
v -0.590922 0.024086 0.016149
v -0.580564 0.021474 0.014463
v -0.586122 0.026209 0.014462
v -0.609012 0.034607 0.031669
v -0.614008 0.036464 0.016193
v -0.591087 0.069220 0.013858
v -0.595944 0.041715 0.016145
v -0.602551 0.036259 0.032169
v -0.596089 0.034607 0.031669
v -0.614016 -0.193066 0.009903
v -0.622407 -0.183994 0.013858
v -0.622409 -0.183994 0.009903
v -0.591087 -0.193066 0.013858
v -0.602551 -0.196386 0.009903
v -0.591087 -0.193066 0.009903
v -0.579623 -0.171602 0.009903
v -0.582694 -0.183994 0.013858
v -0.582694 -0.183994 0.009903
v -0.588996 -0.151819 0.016198
v -0.591359 -0.153940 0.030303
v -0.591095 -0.160310 0.016193
v -0.625480 -0.171602 0.013858
v -0.625480 -0.145273 0.009903
v -0.625480 -0.171602 0.009903
v -0.579623 -0.145273 0.013858
v -0.579623 -0.171602 0.013858
v -0.613036 0.004407 0.036877
v -0.592067 0.004407 0.036877
v -0.595946 -0.165559 0.016168
v -0.613743 -0.153940 0.030303
v -0.616112 -0.151820 0.016193
v -0.614011 -0.160312 0.016168
v -0.615786 -0.145171 0.027633
v -0.616105 -0.150054 0.016198
v -0.589292 -0.145171 0.027633
v -0.588998 -0.150054 0.016198
v -0.613866 -0.143267 0.027074
v -0.590922 -0.147932 0.016149
v -0.614181 -0.147932 0.016149
v -0.596089 -0.158452 0.031669
v -0.614016 -0.193066 0.013858
v -0.609014 -0.158452 0.031669
v -0.616581 -0.162655 0.014463
v -0.624495 -0.171462 0.014463
v -0.621525 -0.183443 0.014463
v -0.610652 -0.169065 0.014463
v -0.613506 -0.192112 0.014463
v -0.618981 -0.152974 0.014463
v -0.624495 -0.145319 0.014463
v -0.586122 -0.152974 0.014463
v -0.580564 -0.145319 0.014463
v -0.586122 -0.149036 0.014463
v -0.624539 -0.144255 0.009903
v -0.580564 -0.144255 0.013858
v -0.580564 -0.144255 0.009903
v -0.588520 -0.162655 0.014463
v -0.580608 -0.171462 0.014462
v -0.594451 -0.169065 0.014462
v -0.583578 -0.183443 0.014462
v -0.602551 -0.171411 0.014463
v -0.591596 -0.192112 0.014463
v -0.602551 -0.195284 0.014463
v -0.602551 -0.139157 0.044927
v -0.596495 -0.138087 0.044138
v -0.602551 -0.110787 0.052730
v -0.596946 -0.110241 0.051862
v -0.602551 -0.078611 0.056373
v -0.597260 -0.078448 0.055507
v -0.602551 -0.045234 0.056373
v -0.596946 -0.013604 0.051862
v -0.597260 -0.045397 0.055507
v -0.596495 0.014242 0.044138
v -0.602551 -0.013058 0.052730
v -0.602551 0.015311 0.044927
v -0.602552 0.047565 0.014462
v -0.602552 0.071439 0.014462
v -0.592062 -0.135164 0.041980
v -0.592844 -0.108749 0.049489
v -0.593386 -0.045842 0.053142
v -0.593386 -0.078004 0.053142
v -0.592844 -0.015096 0.049489
v -0.592062 0.011319 0.041980
v -0.588522 0.038809 0.014462
v -0.580564 0.047444 0.014462
v -0.589309 -0.146635 0.028093
v -0.590139 -0.130433 0.038487
v -0.591064 -0.106335 0.045648
v -0.591706 -0.077284 0.049313
v -0.591064 -0.017511 0.045648
v -0.591706 -0.046561 0.049313
v -0.590139 0.006588 0.038487
v -0.591092 0.036466 0.016168
v -0.614964 0.006588 0.038487
v -0.614965 0.005727 0.037818
v -0.592067 -0.128252 0.036877
v -0.591235 -0.143267 0.027074
v -0.613036 -0.128252 0.036877
v -0.592992 -0.105222 0.043877
v -0.611469 -0.076953 0.047548
v -0.612111 -0.105222 0.043877
v -0.611469 -0.046893 0.047548
v -0.593634 -0.076953 0.047548
v -0.612111 -0.018624 0.043877
v -0.593634 -0.046893 0.047548
v -0.592990 -0.018624 0.043877
v -0.586122 0.029129 0.014462
v -0.590137 -0.129572 0.037818
v -0.591706 -0.077187 0.048731
v -0.591057 -0.105957 0.044995
v -0.591712 -0.046658 0.048731
v -0.590137 0.005727 0.037818
v -0.591074 -0.017888 0.044995
v -0.624495 0.021474 0.014463
v -0.618981 0.029128 0.014463
v -0.624495 0.047616 0.014462
v -0.614964 -0.130433 0.038487
v -0.615794 -0.146635 0.028093
v -0.614039 -0.106335 0.045648
v -0.614965 -0.129572 0.037818
v -0.613391 -0.077188 0.048731
v -0.614029 -0.105958 0.044995
v -0.613396 -0.077284 0.049313
v -0.613396 -0.046658 0.048731
v -0.614039 -0.017511 0.045648
v -0.613396 -0.046561 0.049313
v -0.614045 -0.017888 0.044995
v -0.580564 0.020409 0.009903
v -0.624539 0.020409 0.013858
v -0.624539 0.020409 0.009903
v -0.613041 -0.135164 0.041980
v -0.612259 -0.108749 0.049489
v -0.611717 -0.078004 0.053142
v -0.611717 -0.045842 0.053142
v -0.612259 -0.015096 0.049489
v -0.613041 0.011319 0.041980
v -0.616581 0.038809 0.014462
v -0.608608 -0.138087 0.044138
v -0.608157 -0.110241 0.051862
v -0.607843 -0.078448 0.055507
v -0.607843 -0.045397 0.055507
v -0.608156 -0.013604 0.051862
v -0.608607 0.014242 0.044138
v -0.610652 0.045219 0.014462
v -0.621525 0.059598 0.014462
v -0.613506 0.068266 0.014462
v -0.618981 0.026209 0.014463
v -0.588998 0.026209 0.016198
v -0.580564 0.020409 0.013858
v -0.618981 -0.150054 0.014463
v -0.624539 -0.144255 0.013858
v -0.625480 -0.145273 0.013858
v -0.602551 0.072541 0.013858
v -0.579623 0.047757 0.013884
v -0.625480 0.021428 0.009903
v -0.616105 0.026209 0.016198
v -0.609157 0.041713 0.016168
v -0.602551 0.043628 0.016145
v -0.602551 -0.196386 0.013858
v -0.579623 -0.145273 0.009903
vn 0.1605 0.0043 -0.9870
vn 0.5209 -0.0052 -0.8536
vn 0.1604 -0.0043 -0.9870
vn 0.1454 0.4659 0.8728
vn -0.1603 0.0510 0.9857
vn -0.1364 0.5258 0.8396
vn -0.0697 -0.9908 0.1162
vn -0.0994 -0.9941 0.0439
vn -0.0000 -1.0000 -0.0000
vn -0.0247 -0.9881 0.1519
vn 0.0252 -0.9874 0.1565
vn 0.0963 -0.9944 -0.0440
vn 0.0967 -0.9944 0.0417
vn 0.0696 -0.9908 -0.1162
vn 0.0728 -0.9904 0.1178
vn 0.1365 0.5258 -0.8396
vn 0.1598 0.9505 -0.2665
vn 0.0493 0.9515 -0.3036
vn -0.0686 -0.9914 -0.1111
vn -0.0268 -0.9866 -0.1607
vn -0.0965 -0.9944 -0.0430
vn -0.1643 0.0045 -0.9864
vn -0.1643 -0.0045 -0.9864
vn 0.5209 0.0052 -0.8536
vn 0.9147 -0.0067 -0.4040
vn 0.9147 0.0067 -0.4041
vn 0.9183 -0.0066 0.3957
vn 0.9184 0.0067 0.3957
vn 0.5257 -0.0054 0.8507
vn 0.5257 0.0052 0.8507
vn 0.1643 -0.0044 0.9864
vn 0.1643 0.0045 0.9864
vn -0.1604 -0.0043 0.9870
vn -0.1605 0.0043 0.9870
vn -0.5209 -0.0052 0.8536
vn -0.5209 0.0052 0.8536
vn -0.9147 -0.0069 0.4040
vn -0.9147 0.0068 0.4041
vn -0.9183 -0.0066 -0.3959
vn -0.9183 0.0066 -0.3958
vn -0.5257 -0.0051 -0.8507
vn -0.5257 0.0051 -0.8507
vn 0.0247 -0.9881 -0.1518
vn 0.6684 0.6827 -0.2953
vn 0.4639 0.4554 -0.7599
vn -0.0563 0.9394 -0.3382
vn -0.1454 0.4659 -0.8728
vn 0.4464 0.5280 0.7225
vn 0.2256 0.9694 0.0972
vn 0.7673 0.5494 0.3308
vn 0.1517 0.9575 0.2454
vn 0.0563 0.9394 0.3382
vn -0.1493 0.9569 0.2490
vn -0.0494 0.9515 0.3036
vn -0.4427 0.5269 0.7255
vn -0.2305 0.9677 0.1018
vn -0.7182 0.6233 -0.3094
vn -0.7648 0.5485 0.3379
vn -0.4464 0.5280 -0.7225
vn -0.2101 0.9735 -0.0906
vn -0.1480 0.9596 -0.2395
vn 0.5200 0.0601 -0.8521
vn 0.1963 0.9767 -0.0867
vn 0.1602 0.0486 -0.9859
vn 0.9117 0.0808 -0.4027
vn 0.9158 0.0735 0.3947
vn -0.5246 0.0632 -0.8490
vn -0.5200 0.0630 0.8518
vn 0.5247 0.0603 0.8491
vn -0.1640 0.0511 -0.9851
vn -0.9123 0.0734 0.4029
vn 0.1640 0.0511 0.9851
vn -0.9156 0.0773 -0.3946
vn 0.1269 0.9684 -0.2145
vn 0.1869 0.9789 -0.0823
vn 0.1708 0.9825 0.0738
vn 0.1319 0.9694 0.2069
vn 0.0501 0.9578 0.2832
vn -0.0435 0.9573 0.2858
vn -0.1350 0.9660 0.2204
vn -0.1706 0.9825 0.0751
vn -0.1799 0.9810 -0.0726
vn -0.1355 0.9662 -0.2195
vn -0.0447 0.9574 -0.2854
vn 0.0444 0.9612 -0.2722
vn -0.0000 1.0000 -0.0000
vn -0.0457 -0.9534 0.2982
vn 0.0457 -0.9534 -0.2981
vn 0.0458 -0.9534 0.2981
vn -0.0000 -0.0000 -1.0000
vn -1.0000 -0.0000 -0.0000
vn -0.0458 0.9534 0.2981
vn 0.0457 0.9534 -0.2981
vn -0.0458 0.9534 -0.2981
vn 1.0000 -0.0000 -0.0000
vn -0.0000 -0.0000 1.0000
vn -0.0755 -0.9508 0.3005
vn 0.0158 -0.9552 -0.2956
vn 0.0157 -0.9552 0.2956
vn -1.0000 -0.0000 -0.0001
vn -1.0000 0.0001 -0.0000
vn 0.0143 0.9560 0.2931
vn 0.1050 0.9473 -0.3026
vn 0.0143 0.9560 -0.2932
vn 1.0000 0.0001 -0.0000
vn 0.0009 -0.9557 0.2942
vn 0.0920 -0.9490 -0.3016
vn 0.0919 -0.9490 0.3017
vn -1.0000 -0.0001 -0.0000
vn -0.1438 0.9413 0.3053
vn -0.0543 0.9556 -0.2895
vn -0.1438 0.9414 -0.3052
vn -0.0001 -0.0000 1.0000
vn 0.0458 0.9534 0.2981
vn -0.0458 -0.9534 -0.2981
vn 0.1050 0.9473 0.3026
vn -0.0755 -0.9508 -0.3004
vn -0.0543 0.9556 0.2895
vn 0.0009 -0.9557 -0.2943
vn -0.9596 0.0507 0.2766
vn -0.9596 -0.0507 -0.2766
vn -0.9596 -0.0507 0.2766
vn 0.9597 0.0506 -0.2766
vn -0.9596 0.0507 -0.2766
vn 0.9597 0.0506 0.2766
vn 0.0001 0.2499 0.9683
vn -0.0001 0.2426 0.9701
vn 0.9596 -0.0507 -0.2766
vn 0.9597 -0.0506 0.2766
vn -0.0000 -0.2426 0.9701
vn -0.0000 -0.2499 0.9683
vn -0.0000 -1.0000 0.0001
vn -0.9597 0.0506 0.2766
vn -0.9597 -0.0506 0.2766
vn 0.0001 1.0000 -0.0000
vn 0.9597 0.0507 -0.2766
vn -0.9597 0.0507 -0.2766
vn 0.9596 0.0507 0.2766
vn -0.0000 0.2844 0.9587
vn -0.0001 0.2909 0.9568
vn 0.9597 -0.0507 -0.2766
vn 0.9596 -0.0507 0.2766
vn 0.0001 -0.2909 0.9568
vn -0.0000 -0.2844 0.9587
vn 0.9596 0.0507 -0.2766
vn -0.0000 0.2888 0.9574
vn -0.0001 0.2838 0.9589
vn -0.0000 -0.2838 0.9589
vn -0.0000 -0.2888 0.9574
vn 0.8044 0.5940 -0.0001
vn 0.8044 0.5940 0.0001
vn 0.8045 0.5939 -0.0000
vn 0.0635 -0.9529 -0.2965
vn -0.0446 -0.9394 0.3398
vn -0.0446 -0.9395 -0.3398
vn -0.0449 0.0472 -0.9979
vn 0.8045 0.5940 -0.0000
vn 0.8044 0.5941 0.0002
vn -0.8045 -0.5940 0.0001
vn -0.8045 -0.5939 -0.0002
vn -0.8045 -0.5939 -0.0001
vn -0.8044 -0.5941 0.0001
vn -0.8044 -0.5940 0.0001
vn -0.8045 -0.5940 -0.0002
vn -0.0001 -0.0000 -1.0000
vn -0.0326 -0.9431 -0.3308
vn 0.0415 -0.9771 0.2086
vn -0.0326 -0.9431 0.3308
vn -0.9456 -0.0424 0.3226
vn -0.9586 0.0786 -0.2737
vn -0.9456 -0.0423 -0.3226
vn -0.0801 0.9522 0.2948
vn 0.0557 0.9398 -0.3372
vn -0.0800 0.9522 -0.2948
vn -0.0415 0.9771 0.2086
vn 0.0326 0.9431 -0.3308
vn -0.0416 0.9771 -0.2085
vn 0.9470 0.0650 -0.3146
vn 0.1362 0.0895 0.9866
vn 0.9470 0.0650 0.3146
vn 0.9552 -0.1250 -0.2684
vn 0.0344 -0.0739 -0.9967
vn -0.1295 -0.1239 0.9838
vn 0.9552 -0.1249 0.2684
vn 0.0814 -0.1746 0.9813
vn 0.0635 -0.9529 0.2965
vn -0.1382 -0.0861 0.9867
vn -0.8045 -0.5939 0.0001
vn -0.9586 0.0786 0.2737
vn -0.1264 0.1332 0.9830
vn 0.0558 0.9398 0.3372
vn 0.1342 0.1210 0.9835
vn 0.0001 -0.0000 -1.0000
vn 0.0416 -0.9771 -0.2085
vn -0.1169 -0.1234 0.9855
vn 0.2647 0.1276 0.9559
vn 0.8044 0.5940 -0.0000
vn -0.2471 -0.1146 0.9622
vn -0.8046 -0.5939 -0.0001
vn 0.1166 0.1236 0.9855
vn 0.0326 0.9431 0.3308
vn -0.5277 0.8450 0.0860
vn -0.5295 0.8483 -0.0000
vn 0.0156 0.0255 0.9996
vn -0.0342 -0.9994 0.0003
vn -0.0444 -0.9942 0.0977
vn -0.0341 -0.9893 0.1418
vn 0.0154 -0.0249 0.9996
vn -0.0000 -0.0313 0.9995
vn -0.0169 -0.0267 0.9995
vn -0.0293 -0.0154 0.9995
vn -0.0337 0.0001 0.9994
vn -0.0286 0.0153 0.9995
vn -0.0169 0.0267 0.9995
vn -0.0002 0.0307 0.9995
vn 0.0001 -0.0000 1.0000
vn 0.6966 -0.7175 -0.0000
vn 0.5182 -0.8509 0.0860
vn 0.5199 -0.8542 -0.0000
vn -0.0456 -0.9990 -0.0000
vn -0.0531 -0.9941 0.0950
vn 1.0000 0.0079 -0.0007
vn 0.9961 -0.0078 0.0877
vn 1.0000 -0.0080 -0.0000
vn 0.5179 0.8510 0.0877
vn 0.5200 0.8542 -0.0000
vn 0.6912 0.7084 0.1431
vn 0.6966 0.7175 -0.0004
vn -0.0473 0.9989 -0.0000
vn -0.0613 0.9936 0.0948
vn -0.0615 0.9981 -0.0000
vn -0.8792 0.4695 0.0813
vn -0.8821 0.4711 -0.0000
vn -0.9967 0.0003 0.0812
vn -0.8792 -0.4692 0.0828
vn -0.8820 -0.4712 -0.0000
vn -0.5277 -0.8451 0.0860
vn -0.5294 -0.8483 -0.0000
vn -0.0000 -0.9960 0.0894
vn -0.0322 0.9995 -0.0000
vn -0.0485 0.9940 0.0979
vn -0.0320 0.9894 0.1418
vn 0.6911 -0.7085 0.1431
vn 0.9961 0.0076 0.0876
vn -0.0002 0.9961 0.0879
vn -0.0533 -0.9986 0.0004
vn -0.0436 0.9573 0.2858
vn 0.0473 0.9575 0.2844
vn -0.0247 -0.9881 0.1518
vn 0.0697 -0.9908 -0.1162
vn 0.1598 0.9505 -0.2666
vn -0.0965 -0.9944 -0.0431
vn 0.9147 -0.0067 -0.4041
vn 0.9184 -0.0066 0.3957
vn 0.9184 0.0066 0.3956
vn 0.5257 -0.0053 0.8507
vn -0.1605 0.0042 0.9870
vn -0.9147 0.0070 0.4041
vn 0.0247 -0.9881 -0.1519
vn 0.2255 0.9694 0.0971
vn 0.1516 0.9575 0.2454
vn -0.1493 0.9570 0.2489
vn -0.2102 0.9735 -0.0906
vn -0.1479 0.9596 -0.2395
vn 0.1269 0.9684 -0.2146
vn 0.0441 0.9612 -0.2723
vn 0.1869 0.9789 -0.0825
vn 0.1708 0.9825 0.0736
vn -0.1356 0.9662 -0.2194
vn -0.1791 0.9808 -0.0773
vn -0.1347 0.9660 0.2208
vn -0.0447 0.9573 -0.2855
vn -0.1706 0.9825 0.0753
vn 0.1604 -0.0000 -0.9871
vn 0.5201 0.0601 -0.8520
vn 0.5210 -0.0000 -0.8535
vn -0.1643 -0.0000 -0.9864
vn -0.5256 -0.0000 -0.8507
vn -0.1641 0.0511 -0.9851
vn -0.9184 -0.0000 -0.3957
vn -0.5245 0.0632 -0.8490
vn -0.9147 -0.0000 0.4041
vn -0.9156 0.0772 -0.3945
vn -0.5210 -0.0000 0.8535
vn -0.1604 -0.0000 0.9871
vn -0.5200 0.0630 0.8519
vn 0.1643 -0.0000 0.9864
vn -0.1602 0.0511 0.9858
vn 0.5256 -0.0000 0.8507
vn 0.9184 -0.0000 0.3957
vn 0.9147 -0.0000 -0.4041
vn 0.9159 0.0736 0.3946
vn 0.9117 0.0808 -0.4028
vn -0.5277 0.8451 0.0860
vn -0.0000 0.0104 0.9999
vn 0.0155 0.0255 0.9996
vn -0.0246 -0.9997 -0.0000
vn -0.0456 -0.9942 0.0976
vn -0.0245 -0.9896 0.1421
vn 0.0002 -0.0113 0.9999
vn -0.0338 0.0002 0.9994
vn 0.6968 -0.7173 -0.0000
vn 0.5183 -0.8509 0.0860
vn -0.0458 -0.9990 -0.0000
vn -0.0507 -0.9940 0.0972
vn -0.0311 0.9948 0.0970
vn -0.0458 0.9989 -0.0000
vn -0.0313 0.9995 -0.0000
vn 1.0000 0.0081 -0.0003
vn 0.9961 -0.0079 0.0880
vn -0.0509 -0.9987 -0.0000
vn -0.0410 -0.9946 0.0953
vn 0.5179 0.8509 0.0877
vn 0.5198 0.8543 -0.0000
vn 0.6906 0.7088 0.1435
vn 0.6961 0.7179 -0.0002
vn -0.0971 0.9909 0.0931
vn -0.0974 0.9952 -0.0000
vn -0.8792 0.4695 0.0812
vn -0.9967 0.0004 0.0812
vn -0.8792 -0.4692 0.0827
vn -0.5295 -0.8483 -0.0000
vn -0.0423 0.9889 0.1422
vn -0.0426 0.9991 -0.0000
vn 0.6914 -0.7082 0.1430
vn 0.9963 0.0078 0.0861
vn -0.0002 0.9961 0.0878
vn -0.0456 0.9941 0.0988
vn -0.0410 -0.9992 -0.0004
vn 0.0004 0.0102 0.9999
vn -0.0190 -0.9998 0.0001
vn -0.0422 -0.9943 0.0976
vn -0.0191 -0.9896 0.1427
vn 0.0007 -0.0108 0.9999
vn -0.0338 0.0001 0.9994
vn 0.0058 0.0055 1.0000
vn 0.6969 -0.7172 -0.0000
vn -0.0007 -0.0164 0.9999
vn -0.0005 0.0139 0.9999
vn -0.0379 0.9946 0.0971
vn -0.0456 0.9990 -0.0000
vn -0.0381 0.9993 -0.0000
vn -0.0424 -0.9991 -0.0000
vn -0.0371 -0.9946 0.0970
vn -0.0376 -0.9993 -0.0000
vn -0.0488 -0.9939 0.0992
vn 1.0000 0.0080 -0.0000
vn 0.9963 -0.0079 0.0852
vn 1.0000 -0.0078 -0.0000
vn -0.0456 0.9942 0.0978
vn -0.0533 0.9986 -0.0000
vn -0.0490 -0.9988 -0.0000
vn -0.1212 -0.9884 0.0917
vn 0.5199 0.8542 -0.0000
vn 0.6907 0.7088 0.1433
vn 0.6961 0.7179 0.0001
vn -0.0531 0.9939 0.0972
vn -0.0363 0.9993 -0.0000
vn -0.8792 -0.4693 0.0828
vn -0.0390 0.9890 0.1429
vn -0.0392 0.9992 -0.0000
vn 0.6915 -0.7081 0.1429
vn -0.0364 0.9948 0.0952
vn 0.9961 0.0078 0.0881
vn 0.0054 -0.0055 1.0000
vn -0.1214 -0.9926 0.0003
vn -0.1602 0.0510 0.9858
vn -0.1604 -0.0000 0.9870
vn 0.0728 -0.9904 0.1179
vn -0.0964 -0.9944 -0.0431
vn 0.9147 0.0066 -0.4041
vn 0.9184 0.0066 0.3957
vn 0.5256 -0.0053 0.8507
vn -0.1604 0.0043 0.9870
vn -0.9147 -0.0068 0.4041
vn -0.9183 -0.0067 -0.3959
vn -0.5257 -0.0050 -0.8507
vn 0.1517 0.9575 0.2453
vn -0.1493 0.9569 0.2489
vn -0.1480 0.9596 -0.2394
vn 0.1604 -0.0000 -0.9870
vn 0.5210 -0.0000 -0.8536
vn 0.1963 0.9767 -0.0866
vn 0.1603 0.0486 -0.9859
vn 0.9118 0.0807 -0.4026
vn 0.9148 -0.0000 -0.4039
vn 0.9158 0.0735 0.3948
vn 0.9183 -0.0000 0.3958
vn -0.9183 -0.0000 -0.3958
vn -0.5199 0.0630 0.8519
vn -0.5210 -0.0000 0.8536
vn -0.9123 0.0734 0.4028
vn -0.9148 -0.0000 0.4039
vn -0.9156 0.0773 -0.3947
vn 0.1869 0.9789 -0.0824
vn 0.1708 0.9825 0.0739
vn 0.0500 0.9578 0.2832
vn -0.1348 0.9660 0.2205
vn 0.0443 0.9612 -0.2721
vn -0.0122 0.9553 0.2953
vn 0.0791 0.9504 -0.3006
vn -0.0122 0.9553 -0.2953
vn -0.0107 -0.9553 0.2954
vn 0.0804 -0.9503 -0.3008
vn 0.0804 -0.9503 0.3008
vn -0.0821 0.9501 0.3009
vn 0.0091 0.9554 -0.2951
vn -0.0821 0.9501 -0.3008
vn -0.0457 -0.9534 0.2981
vn 1.0000 -0.0000 0.0001
vn 0.0715 -0.9512 -0.3001
vn 0.0715 -0.9512 0.3001
vn 0.0791 0.9504 0.3007
vn -0.0198 -0.9550 -0.2960
vn -0.0199 -0.9550 0.2960
vn 0.0091 0.9554 0.2951
vn -0.0108 -0.9554 -0.2952
vn -0.5294 0.8484 -0.0000
vn -0.8641 0.4622 -0.1993
vn -0.8820 0.4712 -0.0000
vn 0.5177 0.8309 -0.2037
vn 0.5294 0.8483 -0.0000
vn 0.9766 0.0772 -0.2006
vn 0.8820 0.4712 -0.0000
vn 0.9969 0.0791 -0.0000
vn 0.8170 0.3939 -0.4211
vn 0.9378 0.2018 -0.2825
vn 0.9615 0.1716 -0.2146
vn -0.9969 0.0790 -0.0000
vn -0.9802 -0.0323 -0.1952
vn -0.9994 -0.0343 -0.0000
vn 0.8643 0.4617 -0.1998
vn 0.9783 -0.0325 -0.2048
vn 0.0001 -0.7107 -0.7035
vn 0.4369 -0.7296 -0.5261
vn 0.0009 -0.8206 -0.5716
vn -0.9378 0.2022 -0.2822
vn -0.8169 0.3941 -0.4211
vn -0.9620 0.1701 -0.2134
vn -0.8887 -0.3560 0.2888
vn -0.0259 0.0412 -0.9988
vn -0.0432 0.0232 -0.9988
vn -0.0195 0.0316 -0.9993
vn 0.8896 -0.3548 0.2877
vn 0.0893 -0.9956 -0.0282
vn -0.0842 -0.7328 0.6753
vn 0.0829 -0.7280 0.6805
vn -0.0731 -0.9674 -0.2425
vn -0.1031 -0.2254 -0.9688
vn -0.2000 0.1404 -0.9697
vn 0.4307 0.6370 -0.6394
vn 0.7977 0.4397 -0.4128
vn -0.5184 0.8305 -0.2038
vn -0.4368 0.7296 -0.5262
vn -0.0001 0.7107 -0.7035
vn -0.4307 0.6372 -0.6391
vn 0.5294 -0.8484 -0.0000
vn 0.8643 -0.4616 -0.1998
vn 0.8821 -0.4711 -0.0000
vn -0.5177 -0.8309 -0.2038
vn -0.9969 -0.0791 -0.0000
vn -0.8643 -0.4617 -0.1998
vn -0.9358 -0.1999 -0.2906
vn -0.8170 -0.3940 -0.4211
vn -0.7977 -0.4396 -0.4129
vn 0.9766 -0.0773 -0.2006
vn 0.9994 0.0343 -0.0000
vn 0.9969 -0.0792 -0.0000
vn -0.9800 0.0323 -0.1966
vn -0.9766 -0.0772 -0.2006
vn 0.0653 -0.4105 0.9095
vn -0.0677 -0.4104 0.9094
vn -0.4360 -0.7304 -0.5257
vn 0.8169 -0.3941 -0.4211
vn 0.9378 -0.2022 -0.2822
vn 0.7971 -0.4401 -0.4134
vn 0.8888 0.3560 0.2887
vn 0.9056 0.4106 -0.1065
vn -0.8896 0.3548 0.2877
vn -0.9035 0.4029 -0.1463
vn 0.0842 0.7328 0.6752
vn -0.0713 0.9689 -0.2368
vn 0.0884 0.9958 -0.0232
vn -0.4307 -0.6369 -0.6394
vn 0.5184 -0.8305 -0.2038
vn 0.4307 -0.6372 -0.6391
vn 0.0684 -0.0364 -0.9970
vn 0.0940 -0.0072 -0.9955
vn 0.0434 -0.0233 -0.9988
vn 0.0259 -0.0412 -0.9988
vn 0.0195 -0.0316 -0.9993
vn 0.0722 -0.0144 -0.9973
vn 0.1119 0.2075 -0.9718
vn -0.0764 -0.0140 -0.9970
vn -0.1036 0.2308 -0.9675
vn -0.1957 -0.1599 -0.9675
vn 0.0227 0.9997 -0.0000
vn -0.0213 0.9740 -0.2257
vn -0.0227 0.9997 -0.0000
vn -0.0694 -0.0368 -0.9969
vn -0.0938 -0.0072 -0.9956
vn -0.0261 -0.0416 -0.9988
vn -0.0434 -0.0233 -0.9988
vn -0.0000 -0.0428 -0.9991
vn -0.0195 -0.0316 -0.9993
vn -0.0000 -0.0321 -0.9995
vn -0.0000 -0.3841 -0.9233
vn -0.3604 -0.3539 -0.8631
vn -0.0000 -0.1857 -0.9826
vn -0.3347 -0.1719 -0.9265
vn -0.0000 -0.0555 -0.9985
vn -0.3264 -0.0514 -0.9438
vn -0.0000 0.0555 -0.9985
vn -0.3347 0.1719 -0.9265
vn -0.3279 0.0513 -0.9433
vn -0.3604 0.3538 -0.8631
vn -0.0000 0.1857 -0.9826
vn -0.0000 0.3842 -0.9232
vn -0.0000 0.0428 -0.9991
vn -0.0000 0.0321 -0.9995
vn -0.7577 -0.2323 -0.6098
vn -0.7363 -0.1125 -0.6672
vn -0.7294 0.0329 -0.6833
vn -0.7329 -0.0328 -0.6796
vn -0.7363 0.1125 -0.6672
vn -0.7577 0.2323 -0.6098
vn -0.0683 0.0362 -0.9970
vn -0.0920 0.0066 -0.9957
vn -0.9615 -0.1716 -0.2146
vn -0.9427 -0.0985 -0.3189
vn -0.9346 -0.0446 -0.3529
vn -0.9328 -0.0119 -0.3601
vn -0.9355 0.0441 -0.3506
vn -0.9334 0.0120 -0.3586
vn -0.9427 0.0985 -0.3189
vn -0.7971 0.4401 -0.4134
vn 0.9427 0.0985 -0.3189
vn 0.8105 -0.2674 0.5211
vn -0.0653 0.4105 0.9095
vn -0.0829 0.7280 0.6805
vn 0.0677 0.4104 0.9094
vn -0.0620 0.2089 0.9760
vn 0.0617 0.0646 0.9960
vn 0.0625 0.2064 0.9765
vn 0.0628 -0.0637 0.9960
vn -0.0629 0.0656 0.9959
vn 0.0620 -0.2089 0.9760
vn -0.0617 -0.0656 0.9959
vn -0.0625 -0.2064 0.9765
vn -0.0723 0.0144 -0.9973
vn -0.8105 0.2674 0.5211
vn -0.6960 0.0526 0.7161
vn -0.7372 0.1593 0.6567
vn -0.6967 -0.0529 0.7154
vn -0.8106 -0.2672 0.5210
vn -0.7368 -0.1593 0.6571
vn 0.1119 -0.2076 -0.9718
vn 0.0727 0.0142 -0.9973
vn 0.0940 0.0072 -0.9955
vn 0.9427 -0.0985 -0.3189
vn 0.9620 -0.1702 -0.2136
vn 0.9355 -0.0441 -0.3506
vn 0.8106 0.2671 0.5210
vn 0.6967 0.0529 0.7154
vn 0.7367 0.1593 0.6571
vn 0.9330 -0.0119 -0.3596
vn 0.6961 -0.0526 0.7160
vn 0.9347 0.0445 -0.3528
vn 0.9331 0.0120 -0.3593
vn 0.7372 -0.1592 0.6567
vn -0.0227 -0.9997 -0.0003
vn 0.0213 -0.9747 -0.2226
vn 0.0227 -0.9997 -0.0000
vn 0.7577 -0.2323 -0.6099
vn 0.7363 -0.1125 -0.6672
vn 0.7315 -0.0327 -0.6810
vn 0.7307 0.0332 -0.6818
vn 0.7363 0.1125 -0.6672
vn 0.7577 0.2323 -0.6098
vn 0.0694 0.0368 -0.9969
vn 0.3604 -0.3538 -0.8631
vn 0.3347 -0.1719 -0.9265
vn 0.3275 -0.0511 -0.9435
vn 0.3268 0.0515 -0.9437
vn 0.3348 0.1720 -0.9265
vn 0.3604 0.3538 -0.8631
vn 0.0260 0.0416 -0.9988
vn 0.0434 0.0232 -0.9988
vn 0.0195 0.0316 -0.9993
vn 0.2008 0.1396 -0.9696
vn -0.9055 -0.4107 -0.1065
vn -0.0216 -0.9740 -0.2256
vn 0.2007 -0.1396 -0.9697
vn 0.0213 0.9747 -0.2227
vn 0.9783 0.0324 -0.2047
vn -0.0000 0.9789 -0.2042
vn -0.9784 0.0784 -0.1912
vn 0.9994 -0.0345 -0.0004
vn 0.9057 -0.4105 -0.1060
vn 0.4361 0.7304 -0.5257
vn -0.0005 0.8206 -0.5716
vn -0.0000 -0.9789 -0.2042
vn -0.9994 0.0345 0.0005
vn 0.0968 -0.9944 0.0417
vn 0.0260 -0.9874 0.1561
vn -0.0246 -0.9881 0.1518
vn -0.0703 -0.9909 0.1151
vn -0.0994 -0.9941 0.0440
vn -0.0967 -0.9944 -0.0417
vn -0.0674 -0.9917 -0.1093
vn -0.0501 -0.9978 -0.0430
vn -0.7513 0.0580 -0.6575
vn -0.9989 -0.0457 0.0050
vn -0.7513 -0.0581 -0.6574
vn 0.0663 0.9916 -0.1110
vn 0.0500 0.9978 -0.0436
vn 0.0963 0.9944 -0.0440
vn 0.0970 0.9945 0.0403
vn 0.0713 0.9910 0.1135
vn 0.0268 0.9866 0.1607
vn -0.0246 0.9881 0.1519
vn -0.0697 0.9908 0.1161
vn -0.0994 0.9941 0.0440
vn -0.0965 0.9944 -0.0431
vn -0.0668 0.9917 -0.1103
vn -0.0501 0.9978 -0.0430
vn -0.1557 0.9878 0.0009
vn 0.7465 -0.0578 -0.6629
vn 0.9989 0.0458 -0.0053
vn 0.7465 0.0579 -0.6628
vn 0.0499 -0.9978 -0.0435
vn 0.5205 0.0301 -0.8533
vn -0.5251 0.0301 -0.8505
vn -0.9177 -0.0387 -0.3954
vn -0.9175 0.0386 -0.3960
vn -0.9140 -0.0397 0.4037
vn -0.9140 0.0397 0.4037
vn -0.5207 -0.0301 0.8532
vn -0.5204 0.0301 0.8534
vn -0.1604 -0.0247 0.9867
vn -0.1604 0.0247 0.9867
vn 0.1643 -0.0256 0.9861
vn 0.1643 0.0262 0.9861
vn 0.5254 -0.0311 0.8503
vn 0.5257 0.0302 0.8502
vn 0.9176 -0.0386 0.3956
vn 0.9179 0.0386 0.3949
vn 0.9141 -0.0386 -0.4037
vn 0.9138 0.0386 -0.4043
vn 0.5207 -0.0301 -0.8532
vn -0.1556 -0.9878 0.0008
vn 0.1556 -0.9878 -0.0007
vn -0.5254 -0.0301 -0.8503
vn 0.0664 -0.9916 -0.1110
vn 0.1556 0.9878 -0.0008
vn -0.9990 0.0455 0.0050
vn 0.9990 -0.0455 -0.0050
vn 0.1030 -0.9927 -0.0628
vn 0.1086 -0.9937 0.0294
vn 0.1000 -0.9818 0.1617
vn 0.0186 -0.9844 0.1750
vn -0.0189 -0.9930 0.1164
vn -0.0696 -0.9880 0.1375
vn -0.1369 -0.9887 0.0605
vn -0.1032 -0.9927 -0.0617
vn -0.0684 -0.9884 -0.1353
vn -0.0570 -0.9972 -0.0490
vn -0.7515 0.0462 -0.6581
vn -0.9997 -0.0234 0.0050
vn -0.7496 -0.0876 -0.6561
vn 0.0679 0.9884 -0.1360
vn 0.0473 0.9980 -0.0413
vn 0.1030 0.9927 -0.0628
vn 0.1085 0.9937 0.0295
vn 0.0846 0.9899 0.1136
vn 0.0366 0.9749 0.2198
vn -0.0189 0.9930 0.1163
vn -0.0695 0.9880 0.1376
vn -0.1369 0.9887 0.0605
vn -0.1032 0.9927 -0.0617
vn -0.0684 0.9884 -0.1353
vn -0.0570 0.9972 -0.0489
vn -0.1592 0.9873 0.0008
vn 0.7468 -0.0461 -0.6635
vn 0.9997 0.0235 -0.0054
vn 0.7448 0.0874 -0.6615
vn 0.0473 -0.9980 -0.0413
vn 0.4604 0.0329 -0.8871
vn -0.1592 -0.9873 0.0007
vn 0.2701 -0.9628 -0.0015
vn 0.8619 0.0422 -0.5053
vn 0.5890 -0.0355 -0.8073
vn 0.9587 0.0449 0.2809
vn 0.9595 -0.0449 -0.2780
vn 0.5875 0.0355 0.8085
vn 0.8605 -0.0422 0.5076
vn 0.2193 0.0204 0.9754
vn 0.4610 -0.0228 0.8871
vn -0.1080 0.0370 0.9935
vn 0.1136 -0.0286 0.9931
vn -0.4604 0.0329 0.8871
vn -0.2136 -0.0380 0.9762
vn -0.8586 0.0291 0.5118
vn -0.5891 -0.0355 0.8073
vn -0.9622 0.0450 -0.2688
vn -0.9589 -0.0311 0.2822
vn -0.5938 0.0356 -0.8038
vn -0.8661 -0.0424 -0.4981
vn -0.4649 -0.0330 -0.8848
vn 0.0679 -0.9884 -0.1360
vn 0.2701 0.9628 -0.0013
vn -0.9989 0.0457 0.0050
vn 0.9989 -0.0457 -0.0050
vn 0.0964 -0.9944 -0.0441
vn -0.0968 -0.9944 -0.0417
vn -0.0675 -0.9917 -0.1093
vn -0.0501 -0.9978 -0.0431
vn -0.7512 0.0581 -0.6575
vn -0.9989 -0.0457 0.0047
vn -0.7513 -0.0580 -0.6574
vn 0.0499 0.9978 -0.0435
vn 0.0963 0.9944 -0.0441
vn 0.0969 0.9945 0.0403
vn 0.0713 0.9910 0.1134
vn 0.0268 0.9867 0.1606
vn -0.0246 0.9881 0.1517
vn -0.0696 0.9908 0.1161
vn -0.0994 0.9941 0.0439
vn -0.0667 0.9917 -0.1103
vn -0.1556 0.9878 0.0006
vn 0.7465 -0.0578 -0.6628
vn 0.9989 0.0457 -0.0051
vn 0.7465 0.0578 -0.6628
vn 0.0499 -0.9978 -0.0436
vn 0.5205 0.0301 -0.8534
vn -0.5251 0.0302 -0.8505
vn -0.9177 -0.0386 -0.3954
vn -0.9174 0.0387 -0.3961
vn -0.9140 -0.0398 0.4037
vn -0.9140 0.0398 0.4037
vn -0.5205 0.0301 0.8533
vn 0.1643 0.0264 0.9861
vn 0.5253 -0.0311 0.8503
vn 0.5256 0.0302 0.8502
vn 0.9179 0.0387 0.3950
vn 0.9141 -0.0386 -0.4038
vn -0.1557 -0.9878 0.0008
vn 0.1556 -0.9878 -0.0008
vn -0.5254 -0.0302 -0.8503
vn -0.9989 0.0456 0.0050
vn 0.9989 -0.0458 -0.0050
vn 0.5295 0.8483 -0.0000
vn 0.8641 0.4622 0.1994
vn -0.5177 0.8309 0.2037
vn -0.9766 0.0772 0.2006
vn -0.9969 0.0791 -0.0000
vn -0.8170 0.3940 0.4211
vn -0.9378 0.2018 0.2825
vn -0.9615 0.1715 0.2146
vn 0.9969 0.0790 -0.0000
vn 0.9802 -0.0324 0.1953
vn 0.9994 -0.0344 -0.0000
vn -0.8643 0.4617 0.1998
vn -0.9783 -0.0324 0.2048
vn -0.0001 -0.7107 0.7035
vn -0.4369 -0.7296 0.5261
vn -0.0009 -0.8206 0.5716
vn 0.9378 0.2022 0.2822
vn 0.8169 0.3941 0.4211
vn 0.9620 0.1702 0.2134
vn 0.8888 -0.3559 -0.2887
vn 0.0259 0.0412 0.9988
vn 0.0432 0.0233 0.9988
vn 0.0195 0.0316 0.9993
vn -0.8896 -0.3548 -0.2875
vn -0.0893 -0.9956 0.0282
vn 0.0842 -0.7327 -0.6753
vn -0.0829 -0.7280 -0.6805
vn 0.0731 -0.9674 0.2425
vn 0.1031 -0.2254 0.9688
vn 0.2000 0.1404 0.9697
vn -0.4307 0.6370 0.6394
vn -0.7977 0.4396 0.4129
vn 0.5184 0.8305 0.2038
vn 0.4369 0.7296 0.5262
vn 0.0001 0.7107 0.7035
vn 0.4307 0.6372 0.6391
vn -0.5294 -0.8484 -0.0000
vn -0.8643 -0.4617 0.1998
vn 0.5177 -0.8309 0.2038
vn 0.9969 -0.0791 -0.0000
vn 0.8643 -0.4616 0.1998
vn 0.9357 -0.1998 0.2906
vn 0.8170 -0.3940 0.4211
vn 0.7976 -0.4397 0.4129
vn -0.9766 -0.0774 0.2006
vn -0.9994 0.0343 -0.0000
vn 0.9800 0.0323 0.1965
vn 0.9766 -0.0772 0.2006
vn -0.0653 -0.4105 -0.9095
vn 0.0677 -0.4104 -0.9094
vn 0.4360 -0.7304 0.5257
vn -0.8169 -0.3941 0.4211
vn -0.9378 -0.2022 0.2822
vn -0.7971 -0.4401 0.4134
vn -0.8887 0.3560 -0.2888
vn -0.9056 0.4107 0.1065
vn 0.8896 0.3548 -0.2877
vn 0.9035 0.4029 0.1464
vn -0.0842 0.7328 -0.6752
vn 0.0714 0.9689 0.2368
vn -0.0884 0.9958 0.0232
vn 0.4307 -0.6369 0.6394
vn -0.5184 -0.8305 0.2038
vn -0.4307 -0.6372 0.6391
vn -0.0684 -0.0363 0.9970
vn -0.0940 -0.0073 0.9955
vn -0.0434 -0.0233 0.9988
vn -0.0259 -0.0412 0.9988
vn -0.0195 -0.0316 0.9993
vn -0.0722 -0.0144 0.9973
vn -0.1119 0.2075 0.9718
vn 0.0764 -0.0139 0.9970
vn 0.1036 0.2308 0.9675
vn 0.1957 -0.1599 0.9675
vn 0.0213 0.9740 0.2257
vn 0.0226 0.9997 -0.0000
vn 0.0694 -0.0368 0.9969
vn 0.0938 -0.0072 0.9956
vn 0.0261 -0.0416 0.9988
vn 0.0434 -0.0233 0.9988
vn -0.0000 -0.0428 0.9991
vn 0.0195 -0.0316 0.9993
vn -0.0000 -0.0321 0.9995
vn -0.0000 -0.3842 0.9233
vn 0.3604 -0.3539 0.8631
vn -0.0000 -0.1857 0.9826
vn 0.3347 -0.1719 0.9265
vn -0.0000 -0.0555 0.9985
vn 0.3264 -0.0514 0.9438
vn -0.0000 0.0556 0.9985
vn 0.3347 0.1719 0.9265
vn 0.3280 0.0513 0.9433
vn 0.3604 0.3537 0.8631
vn -0.0000 0.1857 0.9826
vn -0.0000 0.3842 0.9233
vn -0.0000 0.0428 0.9991
vn -0.0001 0.0321 0.9995
vn 0.7577 -0.2323 0.6098
vn 0.7363 -0.1125 0.6672
vn 0.7295 0.0329 0.6832
vn 0.7329 -0.0328 0.6796
vn 0.7363 0.1125 0.6672
vn 0.7577 0.2323 0.6098
vn 0.0682 0.0362 0.9970
vn 0.0920 0.0066 0.9957
vn 0.9615 -0.1715 0.2146
vn 0.9426 -0.0985 0.3190
vn 0.9346 -0.0446 0.3529
vn 0.9328 -0.0119 0.3601
vn 0.9355 0.0441 0.3506
vn 0.9334 0.0120 0.3586
vn 0.9427 0.0985 0.3189
vn 0.7971 0.4400 0.4135
vn -0.9427 0.0985 0.3189
vn -0.8105 -0.2674 -0.5212
vn 0.0653 0.4106 -0.9095
vn 0.0829 0.7280 -0.6806
vn -0.0678 0.4104 -0.9094
vn 0.0620 0.2089 -0.9760
vn -0.0617 0.0646 -0.9960
vn -0.0625 0.2063 -0.9765
vn -0.0628 -0.0637 -0.9960
vn 0.0628 0.0656 -0.9959
vn -0.0620 -0.2089 -0.9760
vn 0.0617 -0.0655 -0.9959
vn 0.0625 -0.2063 -0.9765
vn 0.0723 0.0144 0.9973
vn 0.8105 0.2674 -0.5211
vn 0.6961 0.0526 -0.7160
vn 0.7372 0.1593 -0.6567
vn 0.6966 -0.0529 -0.7155
vn 0.8106 -0.2672 -0.5210
vn 0.7368 -0.1593 -0.6571
vn -0.1119 -0.2076 0.9718
vn -0.0727 0.0143 0.9973
vn -0.0940 0.0072 0.9956
vn -0.9427 -0.0985 0.3188
vn -0.9620 -0.1701 0.2136
vn -0.9355 -0.0441 0.3506
vn -0.8106 0.2672 -0.5211
vn -0.6967 0.0529 -0.7154
vn -0.7367 0.1593 -0.6572
vn -0.9331 -0.0118 0.3595
vn -0.6961 -0.0526 -0.7160
vn -0.9347 0.0445 0.3526
vn -0.9331 0.0120 0.3594
vn -0.7372 -0.1593 -0.6567
vn 0.0227 -0.9997 -0.0004
vn -0.0213 -0.9747 0.2226
vn -0.0227 -0.9997 -0.0000
vn -0.7577 -0.2323 0.6098
vn -0.7363 -0.1125 0.6672
vn -0.7315 -0.0327 0.6810
vn -0.7308 0.0332 0.6818
vn -0.7363 0.1125 0.6672
vn -0.7578 0.2323 0.6098
vn -0.0694 0.0368 0.9969
vn -0.3605 -0.3538 0.8631
vn -0.3347 -0.1719 0.9265
vn -0.3275 -0.0511 0.9435
vn -0.3268 0.0515 0.9437
vn -0.3347 0.1719 0.9265
vn -0.3604 0.3538 0.8631
vn -0.0261 0.0416 0.9988
vn -0.0434 0.0232 0.9988
vn -0.0195 0.0316 0.9993
vn -0.2008 0.1396 0.9696
vn 0.9055 -0.4108 0.1065
vn 0.0216 -0.9740 0.2256
vn -0.2006 -0.1396 0.9697
vn -0.0213 0.9747 0.2227
vn -0.9783 0.0325 0.2047
vn -0.0000 0.9789 0.2042
vn 0.9784 0.0784 0.1912
vn -0.9994 -0.0345 -0.0004
vn -0.9057 -0.4105 0.1060
vn -0.4361 0.7304 0.5257
vn 0.0005 0.8205 0.5716
vn -0.0000 -0.9789 0.2042
vn 0.9994 0.0345 -0.0005
vt 0.329594 0.791379
vt 0.327626 0.760924
vt 0.329594 0.760924
vt 0.498921 0.071159
vt 0.496565 0.070114
vt 0.498921 0.070114
vt 0.425376 0.697317
vt 0.426954 0.696408
vt 0.427861 0.699806
vt 0.424465 0.698892
vt 0.424463 0.700713
vt 0.428768 0.703205
vt 0.426947 0.703202
vt 0.430346 0.702296
vt 0.425371 0.702291
vt 0.798796 0.634765
vt 0.800765 0.635305
vt 0.799189 0.636213
vt 0.430351 0.697322
vt 0.431259 0.698899
vt 0.428775 0.696410
vt 0.307948 0.791379
vt 0.305980 0.760924
vt 0.307948 0.760924
vt 0.327626 0.791379
vt 0.325658 0.760924
vt 0.325658 0.791379
vt 0.323690 0.760924
vt 0.323690 0.791379
vt 0.321722 0.760924
vt 0.321722 0.791379
vt 0.319755 0.760924
vt 0.319755 0.791379
vt 0.317787 0.760924
vt 0.317787 0.791379
vt 0.315819 0.760924
vt 0.315819 0.791379
vt 0.313851 0.760924
vt 0.313851 0.791379
vt 0.311883 0.760924
vt 0.311883 0.791379
vt 0.309916 0.760924
vt 0.309916 0.791379
vt 0.431258 0.700720
vt 0.800227 0.633345
vt 0.799702 0.634247
vt 0.797369 0.636211
vt 0.797753 0.634761
vt 0.799713 0.631397
vt 0.801678 0.631910
vt 0.800231 0.632302
vt 0.798811 0.630872
vt 0.800770 0.630333
vt 0.797768 0.630868
vt 0.799195 0.629422
vt 0.795799 0.630328
vt 0.797376 0.629420
vt 0.796863 0.631386
vt 0.794888 0.631903
vt 0.796334 0.633330
vt 0.796337 0.632287
vt 0.796852 0.634236
vt 0.794886 0.633723
vt 0.795794 0.635300
vt 0.498921 0.076387
vt 0.496565 0.075341
vt 0.498921 0.075341
vt 0.801676 0.633730
vt 0.498921 0.064886
vt 0.496565 0.063841
vt 0.498921 0.063841
vt 0.496565 0.074296
vt 0.498921 0.074296
vt 0.496565 0.073250
vt 0.498921 0.073250
vt 0.498921 0.066977
vt 0.496565 0.065932
vt 0.498921 0.065932
vt 0.496565 0.069068
vt 0.498921 0.069068
vt 0.496565 0.072205
vt 0.498921 0.072205
vt 0.496565 0.064886
vt 0.496565 0.068023
vt 0.498921 0.068023
vt 0.496565 0.071159
vt 0.496565 0.066977
vt 0.799293 0.636589
vt 0.801044 0.635578
vt 0.802055 0.633827
vt 0.802055 0.631805
vt 0.801044 0.630054
vt 0.799293 0.629044
vt 0.797271 0.629044
vt 0.795520 0.630054
vt 0.794510 0.631805
vt 0.794510 0.633827
vt 0.795520 0.635578
vt 0.797271 0.636589
vt 0.431636 0.700818
vt 0.430624 0.702570
vt 0.428872 0.703581
vt 0.426850 0.703581
vt 0.424086 0.700818
vt 0.425098 0.702570
vt 0.424086 0.698795
vt 0.425098 0.697042
vt 0.428872 0.696031
vt 0.426850 0.696031
vt 0.430624 0.697042
vt 0.431636 0.698795
vt 0.908933 0.387675
vt 0.909102 0.386627
vt 0.909482 0.386724
vt 0.909105 0.385732
vt 0.909482 0.385625
vt 0.908933 0.384674
vt 0.908659 0.384955
vt 0.907885 0.384505
vt 0.907982 0.384125
vt 0.906990 0.384502
vt 0.906883 0.384125
vt 0.906213 0.384947
vt 0.905932 0.384674
vt 0.905763 0.385721
vt 0.905383 0.385625
vt 0.905383 0.386724
vt 0.905760 0.386617
vt 0.906205 0.387394
vt 0.905932 0.387675
vt 0.906979 0.387844
vt 0.906883 0.388224
vt 0.907982 0.388224
vt 0.907875 0.387847
vt 0.908652 0.387401
vt 0.907432 0.386174
vt 0.305980 0.791379
vt 0.496565 0.076387
vt 0.004344 0.968352
vt 0.051692 0.957704
vt 0.051692 0.968352
vt 0.140922 0.503698
vt 0.193873 0.875632
vt 0.140717 0.874400
vt 0.967691 0.510941
vt 0.978338 0.955341
vt 0.967690 0.955342
vt 0.550040 0.968351
vt 0.502693 0.957703
vt 0.550040 0.957703
vt 0.499389 0.957704
vt 0.054996 0.968352
vt 0.054996 0.957703
vt 0.006628 0.503699
vt 0.059579 0.875632
vt 0.006422 0.874401
vt 0.950826 0.552262
vt 0.940177 0.504887
vt 0.950826 0.504887
vt 0.642958 0.381820
vt 0.695479 0.007234
vt 0.696091 0.381927
vt 0.004247 0.997655
vt 0.455532 0.987007
vt 0.455532 0.997655
vt 0.950824 0.001049
vt 0.940176 0.048484
vt 0.940176 0.001049
vt 0.940176 0.051883
vt 0.950826 0.501631
vt 0.940177 0.501631
vt 0.575696 0.007236
vt 0.628217 0.381823
vt 0.575084 0.381930
vt 0.320810 0.706681
vt 0.368212 0.696033
vt 0.368211 0.706681
vt 0.492871 0.517801
vt 0.865125 0.465359
vt 0.866165 0.518429
vt 0.978333 0.448783
vt 0.967686 0.001040
vt 0.978333 0.001040
vt 0.978333 0.452244
vt 0.967685 0.499838
vt 0.967686 0.452244
vt 0.458593 0.997657
vt 0.909040 0.987010
vt 0.909040 0.997657
vt 0.844681 0.381813
vt 0.897123 0.009560
vt 0.897751 0.382854
vt 0.194869 0.880062
vt 0.199452 0.876414
vt 0.194078 0.504930
vt 0.195227 0.500362
vt 0.199452 0.504157
vt 0.005273 0.878968
vt 0.001049 0.875174
vt 0.005632 0.499269
vt 0.001049 0.502917
vt 0.139568 0.878968
vt 0.135344 0.875174
vt 0.139926 0.499269
vt 0.135343 0.502916
vt 0.060574 0.880062
vt 0.065158 0.876415
vt 0.060933 0.500363
vt 0.065157 0.504157
vt 0.059784 0.504931
vt 0.697151 0.386245
vt 0.701272 0.382758
vt 0.696588 0.002575
vt 0.701292 0.006631
vt 0.574024 0.386248
vt 0.569902 0.382760
vt 0.574587 0.002578
vt 0.569883 0.006634
vt 0.641855 0.386520
vt 0.637122 0.382532
vt 0.641254 0.001059
vt 0.642314 0.005411
vt 0.637122 0.004476
vt 0.629319 0.386522
vt 0.634053 0.382535
vt 0.629920 0.001062
vt 0.634053 0.004478
vt 0.628861 0.005413
vt 0.869799 0.464255
vt 0.865775 0.459527
vt 0.488787 0.464678
vt 0.484394 0.463617
vt 0.487711 0.459492
vt 0.843577 0.386487
vt 0.838849 0.382463
vt 0.842938 0.001084
vt 0.844000 0.005477
vt 0.838814 0.004401
vt 0.870490 0.519486
vt 0.867051 0.523595
vt 0.488261 0.518922
vt 0.492408 0.523595
vt 0.898808 0.387179
vt 0.902918 0.383740
vt 0.898244 0.004951
vt 0.902917 0.009098
vt 0.502693 0.968351
vt 0.001040 0.957703
vt 0.004344 0.957703
vt 0.978338 0.507637
vt 0.967691 0.507637
vt 0.950824 0.048484
vt 0.940177 0.555614
vt 0.940177 0.552262
vt 0.001040 0.987007
vt 0.001040 0.997655
vt 0.371590 0.706681
vt 0.978333 0.499838
vt 0.967685 0.502977
vt 0.317582 0.696033
vt 0.320810 0.696033
vt 0.978338 0.510941
vt 0.499389 0.968351
vt 0.004247 0.987007
vt 0.950824 0.051883
vt 0.967686 0.448783
vt 0.458593 0.987009
vt 0.001040 0.968352
vt 0.950826 0.555614
vt 0.371590 0.696033
vt 0.978333 0.502978
vt 0.317582 0.706681
vt 0.207142 0.607982
vt 0.246524 0.881728
vt 0.207000 0.881464
vt 0.926414 0.044180
vt 0.937102 0.355248
vt 0.926415 0.355248
vt 0.926414 0.004360
vt 0.937102 0.040863
vt 0.926414 0.040863
vt 0.937102 0.398381
vt 0.926415 0.709418
vt 0.926415 0.398381
vt 0.247417 0.885779
vt 0.251151 0.882478
vt 0.246666 0.608246
vt 0.247573 0.604041
vt 0.251150 0.607446
vt 0.583326 0.584354
vt 0.586547 0.580898
vt 0.587264 0.585264
vt 0.869361 0.584556
vt 0.865562 0.585407
vt 0.866251 0.580897
vt 0.206093 0.885669
vt 0.202515 0.882265
vt 0.206249 0.603931
vt 0.202515 0.607232
vt 0.583048 0.622199
vt 0.586846 0.621348
vt 0.586158 0.625858
vt 0.869082 0.622400
vt 0.865861 0.625857
vt 0.865144 0.621490
vt 0.926415 0.395064
vt 0.937102 0.001044
vt 0.937102 0.004360
vt 0.926415 0.358564
vt 0.937102 0.358564
vt 0.937102 0.395064
vt 0.859485 0.591143
vt 0.592924 0.615612
vt 0.593149 0.591172
vt 0.859259 0.615582
vt 0.937102 0.044180
vt 0.937102 0.709418
vt 0.926414 0.001044
vt 0.588300 0.572636
vt 0.862404 0.533202
vt 0.862140 0.572778
vt 0.912648 0.044237
vt 0.923349 0.355711
vt 0.912648 0.355711
vt 0.912648 0.004365
vt 0.923350 0.040916
vt 0.912648 0.040916
vt 0.923349 0.398900
vt 0.912649 0.710342
vt 0.912648 0.398900
vt 0.866460 0.532308
vt 0.863155 0.528570
vt 0.588565 0.533060
vt 0.584354 0.532151
vt 0.587763 0.528570
vt 0.305953 0.601027
vt 0.309129 0.597646
vt 0.309879 0.601872
vt 0.574298 0.601152
vt 0.570523 0.602006
vt 0.571207 0.597646
vt 0.866350 0.573686
vt 0.862941 0.577268
vt 0.584244 0.573530
vt 0.587550 0.577268
vt 0.306088 0.639330
vt 0.309863 0.638476
vt 0.309179 0.642837
vt 0.574433 0.639456
vt 0.571257 0.642837
vt 0.570507 0.638611
vt 0.923349 0.395579
vt 0.912648 0.395579
vt 0.923350 0.001044
vt 0.923350 0.004365
vt 0.912648 0.359031
vt 0.923349 0.359031
vt 0.314361 0.606575
vt 0.565981 0.606577
vt 0.314405 0.633906
vt 0.566025 0.633907
vt 0.923350 0.044237
vt 0.923350 0.710342
vt 0.912648 0.001044
vt 0.298422 0.608252
vt 0.258709 0.881794
vt 0.258851 0.607987
vt 0.667072 0.913740
vt 0.355633 0.924440
vt 0.355633 0.913740
vt 0.706939 0.913740
vt 0.670392 0.924440
vt 0.670392 0.913740
vt 0.312449 0.924440
vt 0.001041 0.913741
vt 0.312449 0.913740
vt 0.257957 0.603932
vt 0.254219 0.607237
vt 0.257801 0.886004
vt 0.254219 0.882595
vt 0.306196 0.678460
vt 0.309381 0.675097
vt 0.310116 0.679328
vt 0.575230 0.678628
vt 0.571448 0.679465
vt 0.572145 0.675097
vt 0.299331 0.604042
vt 0.302912 0.607451
vt 0.299175 0.886114
vt 0.298281 0.882059
vt 0.302912 0.882809
vt 0.305987 0.716755
vt 0.309768 0.715919
vt 0.309071 0.720287
vt 0.575020 0.716923
vt 0.571835 0.720287
vt 0.571100 0.716056
vt 0.315769 0.924440
vt 0.315769 0.913740
vt 0.710259 0.924440
vt 0.706939 0.924440
vt 0.352313 0.913740
vt 0.352313 0.924440
vt 0.566834 0.684056
vt 0.314383 0.711328
vt 0.314597 0.684060
vt 0.566619 0.711323
vt 0.667072 0.924440
vt 0.001041 0.924440
vt 0.710259 0.913740
vt 0.232823 0.907729
vt 0.053495 0.896998
vt 0.232823 0.896998
vt 0.254039 0.907729
vt 0.287760 0.896998
vt 0.287760 0.907729
vt 0.819434 0.840155
vt 0.803544 0.858630
vt 0.782087 0.841078
vt 0.964626 0.248535
vt 0.953895 0.031547
vt 0.964626 0.031547
vt 0.964626 0.303028
vt 0.953895 0.484830
vt 0.953894 0.303028
vt 0.292003 0.896998
vt 0.494554 0.907730
vt 0.292003 0.907729
vt 0.581790 0.874596
vt 0.581615 0.679900
vt 0.619043 0.704714
vt 0.953894 0.298785
vt 0.964626 0.250577
vt 0.964626 0.298785
vt 0.964626 0.489274
vt 0.953895 0.512066
vt 0.953895 0.489274
vt 0.964626 0.001046
vt 0.953895 0.027304
vt 0.953895 0.001046
vt 0.001044 0.896998
vt 0.049252 0.907730
vt 0.001044 0.907730
vt 0.622402 0.883687
vt 0.620776 0.888340
vt 0.618831 0.884940
vt 0.712103 0.689120
vt 0.713991 0.685795
vt 0.715643 0.690346
vt 0.611120 0.899029
vt 0.607367 0.899367
vt 0.608977 0.896379
vt 0.578130 0.873714
vt 0.580200 0.878021
vt 0.672207 0.700027
vt 0.674329 0.695777
vt 0.675872 0.699164
vt 0.704622 0.675496
vt 0.702544 0.678067
vt 0.700986 0.675156
vt 0.822963 0.838901
vt 0.821370 0.843487
vt 0.665630 0.696170
vt 0.667538 0.692902
vt 0.669138 0.697410
vt 0.805677 0.861283
vt 0.801910 0.861626
vt 0.652390 0.675521
vt 0.650293 0.678073
vt 0.648751 0.675152
vt 0.625473 0.695600
vt 0.627745 0.691246
vt 0.629308 0.694711
vt 0.778246 0.840155
vt 0.780443 0.844604
vt 0.781718 0.633967
vt 0.778246 0.630593
vt 0.780602 0.629301
vt 0.665725 0.877939
vt 0.669083 0.877168
vt 0.667135 0.881190
vt 0.628986 0.904493
vt 0.627945 0.909312
vt 0.625473 0.908021
vt 0.819189 0.658774
vt 0.820494 0.655517
vt 0.822533 0.659482
vt 0.620351 0.701452
vt 0.622402 0.705428
vt 0.675565 0.896158
vt 0.674608 0.900854
vt 0.672207 0.899609
vt 0.712392 0.869564
vt 0.715767 0.868790
vt 0.713804 0.872829
vt 0.578296 0.676599
vt 0.580584 0.675356
vt 0.237267 0.907729
vt 0.964626 0.484830
vt 0.964626 0.027304
vt 0.964626 0.512066
vt 0.953895 0.515396
vt 0.250709 0.907729
vt 0.254039 0.896998
vt 0.953894 0.248535
vt 0.496597 0.907730
vt 0.494554 0.896999
vt 0.496597 0.896999
vt 0.049252 0.896998
vt 0.053495 0.907730
vt 0.237267 0.896998
vt 0.706325 0.866470
vt 0.681713 0.884254
vt 0.681790 0.702070
vt 0.701807 0.686289
vt 0.706143 0.691436
vt 0.649482 0.686366
vt 0.659690 0.698419
vt 0.659683 0.874854
vt 0.635110 0.892620
vt 0.635218 0.697623
vt 0.953894 0.250577
vt 0.964626 0.515396
vt 0.250709 0.896998
vt 0.564828 0.945140
vt 0.567958 0.949263
vt 0.564828 0.949263
vt 0.933646 0.934612
vt 0.938471 0.938836
vt 0.930819 0.944385
vt 0.822733 0.957636
vt 0.677471 0.953514
vt 0.822733 0.953513
vt 0.922803 0.939275
vt 0.927446 0.934821
vt 0.921417 0.944177
vt 0.922718 0.948998
vt 0.926286 0.952454
vt 0.931110 0.953602
vt 0.935838 0.952130
vt 0.939150 0.948455
vt 0.940123 0.943592
vt 0.936312 0.815045
vt 0.913626 0.715582
vt 0.944903 0.715540
vt 0.823177 0.957636
vt 0.826065 0.953513
vt 0.826065 0.957636
vt 0.677471 0.957635
vt 0.558563 0.953513
vt 0.940168 0.629376
vt 0.944291 0.657409
vt 0.940168 0.657409
vt 0.571088 0.945140
vt 0.571088 0.949263
vt 0.573976 0.945140
vt 0.573976 0.949263
vt 0.719664 0.949263
vt 0.838625 0.945141
vt 0.838625 0.949262
vt 0.561698 0.945140
vt 0.561698 0.949263
vt 0.558568 0.945140
vt 0.558568 0.949263
vt 0.835457 0.953513
vt 0.838587 0.957636
vt 0.835457 0.957636
vt 0.832326 0.953513
vt 0.832326 0.957636
vt 0.829196 0.953513
vt 0.829196 0.957636
vt 0.574421 0.949263
vt 0.719664 0.945141
vt 0.934910 0.933503
vt 0.935087 0.934870
vt 0.926179 0.933748
vt 0.926038 0.935115
vt 0.945815 0.715463
vt 0.945112 0.714876
vt 0.912654 0.715512
vt 0.913400 0.714876
vt 0.940724 0.943546
vt 0.938986 0.938492
vt 0.574421 0.945140
vt 0.921494 0.815527
vt 0.923467 0.815415
vt 0.823177 0.953513
vt 0.922254 0.938952
vt 0.920807 0.944178
vt 0.922202 0.949307
vt 0.926002 0.952982
vt 0.931135 0.954200
vt 0.936164 0.952631
vt 0.939686 0.948719
vt 0.944291 0.657743
vt 0.944291 0.629376
vt 0.940168 0.629044
vt 0.944291 0.629044
vt 0.938281 0.815133
vt 0.567958 0.945140
vt 0.558563 0.957635
vt 0.838587 0.953513
vt 0.940168 0.657743
vt 0.448377 0.809079
vt 0.417923 0.811047
vt 0.417923 0.809079
vt 0.476967 0.244703
vt 0.477412 0.245480
vt 0.475740 0.245923
vt 0.414764 0.697320
vt 0.416342 0.696411
vt 0.417249 0.699810
vt 0.413852 0.698896
vt 0.413850 0.700717
vt 0.418156 0.703208
vt 0.416335 0.703206
vt 0.419734 0.702300
vt 0.414759 0.702294
vt 0.479753 0.492426
vt 0.481722 0.492966
vt 0.480145 0.493874
vt 0.419739 0.697325
vt 0.420647 0.698903
vt 0.418163 0.696413
vt 0.448377 0.830725
vt 0.417923 0.832692
vt 0.417923 0.830725
vt 0.448377 0.811047
vt 0.417923 0.813015
vt 0.448377 0.813015
vt 0.417923 0.814982
vt 0.448377 0.814983
vt 0.417923 0.816950
vt 0.448377 0.816950
vt 0.417923 0.818918
vt 0.448377 0.818918
vt 0.417923 0.820886
vt 0.448377 0.820886
vt 0.417923 0.822854
vt 0.448377 0.822854
vt 0.417923 0.824821
vt 0.448377 0.824821
vt 0.417923 0.826789
vt 0.448377 0.826789
vt 0.417923 0.828757
vt 0.448377 0.828757
vt 0.420645 0.700724
vt 0.481183 0.491007
vt 0.480658 0.491908
vt 0.478326 0.493872
vt 0.478710 0.492422
vt 0.480669 0.489058
vt 0.482635 0.489571
vt 0.481187 0.489964
vt 0.479768 0.488533
vt 0.481727 0.487995
vt 0.478725 0.488529
vt 0.480152 0.487083
vt 0.476756 0.487990
vt 0.478333 0.487081
vt 0.477819 0.489047
vt 0.475844 0.489564
vt 0.477290 0.490992
vt 0.477294 0.489949
vt 0.477808 0.491897
vt 0.475842 0.491384
vt 0.476751 0.492961
vt 0.475287 0.247592
vt 0.474512 0.247142
vt 0.482633 0.491391
vt 0.476182 0.247595
vt 0.476959 0.247150
vt 0.474070 0.245470
vt 0.474520 0.244696
vt 0.476193 0.244253
vt 0.477409 0.246376
vt 0.474067 0.246365
vt 0.475297 0.244250
vt 0.908341 0.256424
vt 0.905985 0.255378
vt 0.908341 0.255378
vt 0.908341 0.244923
vt 0.905985 0.243878
vt 0.908341 0.243878
vt 0.908341 0.245969
vt 0.905985 0.244923
vt 0.908341 0.247014
vt 0.905985 0.245969
vt 0.908341 0.248060
vt 0.905985 0.247014
vt 0.908341 0.249105
vt 0.905985 0.248060
vt 0.908341 0.250151
vt 0.905985 0.249105
vt 0.908341 0.251196
vt 0.905985 0.250151
vt 0.908341 0.252242
vt 0.905985 0.251196
vt 0.908341 0.253287
vt 0.905985 0.252242
vt 0.908341 0.254333
vt 0.905985 0.253287
vt 0.905985 0.254333
vt 0.480250 0.494250
vt 0.482001 0.493240
vt 0.483012 0.491489
vt 0.483012 0.489467
vt 0.482001 0.487716
vt 0.480250 0.486705
vt 0.478228 0.486705
vt 0.476477 0.487716
vt 0.475466 0.489467
vt 0.475466 0.491489
vt 0.476477 0.493240
vt 0.478228 0.494250
vt 0.421024 0.700821
vt 0.420012 0.702573
vt 0.418260 0.703585
vt 0.416237 0.703585
vt 0.413474 0.700821
vt 0.414485 0.702573
vt 0.413474 0.698798
vt 0.414485 0.697046
vt 0.418260 0.696035
vt 0.416237 0.696035
vt 0.420012 0.697046
vt 0.421024 0.698798
vt 0.474239 0.247423
vt 0.475190 0.247972
vt 0.476289 0.247972
vt 0.477240 0.247423
vt 0.477789 0.246472
vt 0.477789 0.245374
vt 0.477240 0.244422
vt 0.476289 0.243873
vt 0.475190 0.243873
vt 0.474239 0.244422
vt 0.473690 0.245374
vt 0.473690 0.246472
vt 0.448377 0.832693
vt 0.905985 0.256424
vt 0.817334 0.965865
vt 0.814314 0.961888
vt 0.817334 0.961888
vt 0.736378 0.900975
vt 0.740806 0.905697
vt 0.731795 0.910901
vt 0.568405 0.970267
vt 0.624203 0.974244
vt 0.568405 0.974244
vt 0.722983 0.905300
vt 0.727644 0.900685
vt 0.721470 0.910548
vt 0.722770 0.915749
vt 0.726483 0.919583
vt 0.731608 0.921047
vt 0.736776 0.919759
vt 0.740609 0.916065
vt 0.742087 0.910940
vt 0.740781 0.734647
vt 0.717962 0.675827
vt 0.752258 0.675785
vt 0.567976 0.970267
vt 0.565189 0.974244
vt 0.565189 0.970267
vt 0.624203 0.970267
vt 0.771140 0.974244
vt 0.752248 0.965866
vt 0.605438 0.961888
vt 0.752248 0.961888
vt 0.507828 0.624865
vt 0.480781 0.628841
vt 0.480781 0.624865
vt 0.771140 0.970267
vt 0.823286 0.974244
vt 0.729605 0.827353
vt 0.736547 0.827331
vt 0.811294 0.965865
vt 0.811294 0.961888
vt 0.808507 0.965865
vt 0.808507 0.961888
vt 0.553110 0.965865
vt 0.553110 0.961888
vt 0.820354 0.965865
vt 0.820354 0.961888
vt 0.823373 0.965865
vt 0.823373 0.961888
vt 0.556130 0.974244
vt 0.553110 0.970267
vt 0.556130 0.970267
vt 0.559150 0.974244
vt 0.559150 0.970267
vt 0.562169 0.974244
vt 0.562169 0.970267
vt 0.808079 0.965865
vt 0.808079 0.961888
vt 0.737396 0.900029
vt 0.737625 0.901185
vt 0.726650 0.899698
vt 0.726375 0.900852
vt 0.753117 0.675737
vt 0.752517 0.675099
vt 0.717085 0.675744
vt 0.717741 0.675099
vt 0.742733 0.910948
vt 0.741386 0.905384
vt 0.723746 0.735267
vt 0.725021 0.735176
vt 0.567976 0.974244
vt 0.722397 0.904957
vt 0.720818 0.910541
vt 0.722209 0.916067
vt 0.726157 0.920137
vt 0.731602 0.921689
vt 0.737090 0.920318
vt 0.741162 0.916393
vt 0.480458 0.628841
vt 0.507828 0.628842
vt 0.508143 0.624865
vt 0.508143 0.628842
vt 0.737949 0.827366
vt 0.742058 0.734783
vt 0.728210 0.827372
vt 0.814314 0.965865
vt 0.605438 0.965865
vt 0.823286 0.970267
vt 0.553110 0.974244
vt 0.480458 0.624865
vt 0.998954 0.006852
vt 0.995128 0.009757
vt 0.995128 0.006852
vt 0.530520 0.735372
vt 0.535503 0.731001
vt 0.541037 0.741092
vt 0.610903 0.595557
vt 0.637156 0.599382
vt 0.610903 0.599382
vt 0.535035 0.750989
vt 0.530121 0.746376
vt 0.540793 0.752521
vt 0.546477 0.751026
vt 0.550654 0.746925
vt 0.552247 0.741302
vt 0.550847 0.735634
vt 0.546826 0.731407
vt 0.541235 0.729720
vt 0.343260 0.749361
vt 0.306604 0.723994
vt 0.343574 0.729735
vt 0.610489 0.595557
vt 0.607810 0.599382
vt 0.607810 0.595557
vt 0.478099 0.743344
vt 0.411251 0.735642
vt 0.477996 0.737408
vt 0.998954 0.042026
vt 0.995128 0.135769
vt 0.995128 0.042026
vt 0.637156 0.595557
vt 0.730926 0.599382
vt 0.730926 0.595557
vt 0.830701 0.599382
vt 0.940173 0.679596
vt 0.943998 0.705611
vt 0.940173 0.705611
vt 0.998954 0.135769
vt 0.995128 0.235642
vt 0.830700 0.595556
vt 0.856143 0.599382
vt 0.998954 0.012662
vt 0.995128 0.012662
vt 0.998954 0.015342
vt 0.995128 0.015342
vt 0.998953 0.235642
vt 0.995128 0.260916
vt 0.998954 0.003947
vt 0.995128 0.003947
vt 0.998954 0.001043
vt 0.995128 0.001043
vt 0.599096 0.599382
vt 0.596192 0.595556
vt 0.599096 0.595556
vt 0.602001 0.599382
vt 0.602001 0.595557
vt 0.604905 0.599382
vt 0.604905 0.595557
vt 0.998954 0.015754
vt 0.995128 0.015754
vt 0.529664 0.734563
vt 0.530654 0.734245
vt 0.529235 0.747167
vt 0.530220 0.747522
vt 0.306530 0.723340
vt 0.305985 0.723820
vt 0.306566 0.755696
vt 0.306486 0.756333
vt 0.305985 0.755894
vt 0.541256 0.729017
vt 0.535183 0.730370
vt 0.343344 0.750177
vt 0.610489 0.599382
vt 0.534684 0.751628
vt 0.540797 0.753233
vt 0.546830 0.751638
vt 0.551262 0.747280
vt 0.552950 0.741309
vt 0.551461 0.735292
vt 0.547190 0.730805
vt 0.943998 0.705910
vt 0.943998 0.679596
vt 0.940173 0.679285
vt 0.943998 0.679285
vt 0.411317 0.734472
vt 0.343663 0.728915
vt 0.478092 0.744340
vt 0.411276 0.745506
vt 0.411326 0.746682
vt 0.477997 0.736406
vt 0.998954 0.009757
vt 0.856143 0.595556
vt 0.998953 0.260916
vt 0.596192 0.599382
vt 0.940173 0.705910
vt 0.481897 0.830721
vt 0.451442 0.832689
vt 0.451442 0.830721
vt 0.395484 0.114088
vt 0.394439 0.116444
vt 0.394439 0.114088
vt 0.435992 0.697319
vt 0.437569 0.696410
vt 0.438476 0.699808
vt 0.435080 0.698895
vt 0.435078 0.700715
vt 0.439383 0.703207
vt 0.437563 0.703204
vt 0.440961 0.702298
vt 0.435987 0.702293
vt 0.447138 0.700316
vt 0.446599 0.702286
vt 0.445691 0.700709
vt 0.440966 0.697324
vt 0.441875 0.698902
vt 0.439390 0.696412
vt 0.481897 0.828753
vt 0.451442 0.828753
vt 0.481897 0.809075
vt 0.451442 0.811043
vt 0.451442 0.809075
vt 0.481897 0.811043
vt 0.451442 0.813011
vt 0.481897 0.813011
vt 0.451442 0.814979
vt 0.481897 0.814979
vt 0.451442 0.816946
vt 0.481897 0.816946
vt 0.451442 0.818914
vt 0.481897 0.818914
vt 0.451442 0.820882
vt 0.481897 0.820882
vt 0.451442 0.822850
vt 0.481897 0.822850
vt 0.451442 0.824817
vt 0.481897 0.824817
vt 0.451442 0.826785
vt 0.481897 0.826785
vt 0.441873 0.700722
vt 0.448558 0.701747
vt 0.447657 0.701222
vt 0.445692 0.698889
vt 0.447142 0.699273
vt 0.450507 0.701233
vt 0.449993 0.703199
vt 0.449601 0.701751
vt 0.451032 0.700331
vt 0.451570 0.702291
vt 0.451036 0.699289
vt 0.452482 0.700716
vt 0.451575 0.697320
vt 0.452483 0.698896
vt 0.450518 0.698383
vt 0.450000 0.696408
vt 0.448573 0.697854
vt 0.449616 0.697858
vt 0.447668 0.698372
vt 0.448180 0.696406
vt 0.446604 0.697314
vt 0.388166 0.114088
vt 0.387120 0.116444
vt 0.387120 0.114088
vt 0.448174 0.703197
vt 0.389211 0.114088
vt 0.388166 0.116444
vt 0.399666 0.114088
vt 0.398621 0.116444
vt 0.398621 0.114088
vt 0.397575 0.116444
vt 0.397575 0.114088
vt 0.391302 0.114088
vt 0.390257 0.116444
vt 0.390257 0.114088
vt 0.393393 0.116444
vt 0.393393 0.114088
vt 0.396530 0.116444
vt 0.396530 0.114088
vt 0.389211 0.116444
vt 0.392348 0.116444
vt 0.392348 0.114088
vt 0.395484 0.116444
vt 0.391302 0.116444
vt 0.445314 0.700813
vt 0.446325 0.702564
vt 0.448076 0.703575
vt 0.450098 0.703575
vt 0.451849 0.702564
vt 0.452860 0.700813
vt 0.452860 0.698792
vt 0.451849 0.697041
vt 0.450098 0.696030
vt 0.448076 0.696030
vt 0.446325 0.697041
vt 0.445314 0.698792
vt 0.442251 0.700820
vt 0.441240 0.702572
vt 0.439488 0.703583
vt 0.437465 0.703583
vt 0.434701 0.700820
vt 0.435713 0.702572
vt 0.434701 0.698797
vt 0.435713 0.697045
vt 0.439488 0.696033
vt 0.437465 0.696033
vt 0.441240 0.697045
vt 0.442251 0.698797
vt 0.349786 0.385580
vt 0.349956 0.384532
vt 0.350336 0.384629
vt 0.349959 0.383637
vt 0.350336 0.383530
vt 0.349786 0.382579
vt 0.349513 0.382860
vt 0.348739 0.382410
vt 0.348835 0.382030
vt 0.347843 0.382407
vt 0.347737 0.382030
vt 0.347067 0.382853
vt 0.346786 0.382579
vt 0.346617 0.383627
vt 0.346237 0.383530
vt 0.346237 0.384629
vt 0.346614 0.384522
vt 0.347059 0.385299
vt 0.346786 0.385580
vt 0.347833 0.385749
vt 0.347737 0.386129
vt 0.348835 0.386129
vt 0.348729 0.385752
vt 0.349506 0.385307
vt 0.348286 0.384080
vt 0.481897 0.832689
vt 0.399666 0.116444
vt 0.508215 0.382221
vt 0.561007 0.005744
vt 0.561404 0.379597
vt 0.981405 0.004291
vt 0.992053 0.456491
vt 0.981405 0.456491
vt 0.001048 0.928393
vt 0.048422 0.939041
vt 0.001049 0.939041
vt 0.051780 0.939041
vt 0.500945 0.928392
vt 0.500945 0.939041
vt 0.504705 0.448834
vt 0.881182 0.396042
vt 0.878559 0.449231
vt 0.004290 0.953699
vt 0.051668 0.943051
vt 0.051668 0.953699
vt 0.710184 0.005872
vt 0.762703 0.380359
vt 0.709548 0.380761
vt 0.992049 0.911330
vt 0.981400 0.461579
vt 0.992049 0.461579
vt 0.555500 0.953699
vt 0.508119 0.943051
vt 0.555500 0.943051
vt 0.504875 0.943051
vt 0.055028 0.953699
vt 0.055028 0.943051
vt 0.829923 0.005775
vt 0.777404 0.380262
vt 0.776768 0.005373
vt 0.543963 0.972353
vt 0.496615 0.983001
vt 0.496615 0.972353
vt 0.576854 0.534126
vt 0.206941 0.587056
vt 0.208162 0.533921
vt 0.953890 0.523495
vt 0.964539 0.965110
vt 0.953890 0.965110
vt 0.001049 0.972353
vt 0.048396 0.983001
vt 0.001049 0.983001
vt 0.051700 0.983001
vt 0.493311 0.972353
vt 0.493311 0.983001
vt 0.073786 0.503698
vt 0.126716 0.873611
vt 0.073581 0.872390
vt 0.562565 0.384149
vt 0.566800 0.380279
vt 0.562104 0.001050
vt 0.566815 0.005040
vt 0.883110 0.450392
vt 0.879240 0.454628
vt 0.500011 0.449931
vt 0.504002 0.454642
vt 0.507208 0.386695
vt 0.502583 0.383092
vt 0.506717 0.001191
vt 0.507783 0.005521
vt 0.502583 0.004679
vt 0.885657 0.395035
vt 0.882053 0.390410
vt 0.500152 0.394544
vt 0.503641 0.390410
vt 0.504482 0.395611
vt 0.763806 0.385049
vt 0.768524 0.381053
vt 0.763340 0.005375
vt 0.764400 0.001049
vt 0.768525 0.004521
vt 0.831026 0.001085
vt 0.835744 0.005081
vt 0.831620 0.385085
vt 0.830561 0.380759
vt 0.835745 0.381613
vt 0.708489 0.385086
vt 0.704364 0.381610
vt 0.709081 0.001185
vt 0.704364 0.005185
vt 0.775708 0.001049
vt 0.771584 0.004525
vt 0.776301 0.384950
vt 0.771584 0.380949
vt 0.202517 0.588050
vt 0.206159 0.592617
vt 0.575634 0.587260
vt 0.580196 0.588405
vt 0.576408 0.592617
vt 0.072436 0.876952
vt 0.068224 0.873164
vt 0.072791 0.499274
vt 0.068224 0.502915
vt 0.203600 0.532776
vt 0.207388 0.528564
vt 0.581278 0.533131
vt 0.577637 0.528564
vt 0.127710 0.878035
vt 0.132277 0.874393
vt 0.128065 0.500356
vt 0.132277 0.504144
vt 0.126920 0.504918
vt 0.504291 0.939041
vt 0.504291 0.928392
vt 0.048422 0.928393
vt 0.551658 0.928392
vt 0.554921 0.939041
vt 0.551658 0.939041
vt 0.992053 0.001041
vt 0.981405 0.001041
vt 0.508119 0.953699
vt 0.001043 0.943051
vt 0.004290 0.943051
vt 0.992049 0.914693
vt 0.981402 0.911330
vt 0.048396 0.972353
vt 0.547267 0.983001
vt 0.543963 0.983001
vt 0.964538 0.520191
vt 0.953890 0.520191
vt 0.992053 0.004291
vt 0.051780 0.928393
vt 0.504875 0.953699
vt 0.964538 0.523495
vt 0.051700 0.972353
vt 0.554921 0.928392
vt 0.001042 0.953699
vt 0.981402 0.914693
vt 0.547267 0.972353
vt 0.872738 0.522241
vt 0.871777 0.525549
vt 0.870366 0.524634
vt 0.879240 0.523687
vt 0.877223 0.520748
vt 0.880353 0.522333
vt 0.881753 0.528348
vt 0.882549 0.524993
vt 0.883348 0.528174
vt 0.368545 0.626104
vt 0.373493 0.629647
vt 0.368278 0.627901
vt 0.869304 0.527847
vt 0.871235 0.533986
vt 0.869553 0.534083
vt 0.881056 0.525735
vt 0.881264 0.534098
vt 0.325495 0.623225
vt 0.318994 0.625504
vt 0.318759 0.623472
vt 0.373876 0.617222
vt 0.368719 0.620400
vt 0.368576 0.618566
vt 0.368537 0.618178
vt 0.874524 0.528722
vt 0.872065 0.525721
vt 0.873834 0.523888
vt 0.368204 0.628278
vt 0.371715 0.610632
vt 0.368428 0.617502
vt 0.367331 0.611744
vt 0.873874 0.533093
vt 0.871555 0.533857
vt 0.872722 0.532720
vt 0.368698 0.624669
vt 0.374613 0.627440
vt 0.875705 0.520911
vt 0.873647 0.523607
vt 0.375398 0.621433
vt 0.368794 0.623262
vt 0.368783 0.621850
vt 0.772629 0.632263
vt 0.769248 0.631432
vt 0.770037 0.630047
vt 0.771191 0.638950
vt 0.774144 0.636909
vt 0.772555 0.640066
vt 0.766693 0.643078
vt 0.769137 0.640778
vt 0.769884 0.642275
vt 0.320383 0.617210
vt 0.325561 0.620340
vt 0.319404 0.619458
vt 0.766639 0.630686
vt 0.760745 0.629372
vt 0.766917 0.629059
vt 0.760762 0.640994
vt 0.766519 0.641480
vt 0.362339 0.612777
vt 0.362984 0.617862
vt 0.318868 0.621432
vt 0.325751 0.626081
vt 0.320799 0.629649
vt 0.319661 0.627447
vt 0.326096 0.628262
vt 0.321038 0.630057
vt 0.325734 0.618091
vt 0.320580 0.616795
vt 0.326884 0.611678
vt 0.321099 0.616202
vt 0.322446 0.610541
vt 0.325502 0.621803
vt 0.774032 0.635351
vt 0.771201 0.633313
vt 0.325594 0.624640
vt 0.764739 0.632918
vt 0.766600 0.631014
vt 0.769079 0.631724
vt 0.766107 0.634240
vt 0.770920 0.633504
vt 0.762726 0.632435
vt 0.760999 0.631362
vt 0.762675 0.639642
vt 0.760901 0.640681
vt 0.761869 0.639562
vt 0.759114 0.630922
vt 0.760599 0.640698
vt 0.759114 0.641073
vt 0.764714 0.639221
vt 0.766487 0.641150
vt 0.766091 0.637919
vt 0.768976 0.640487
vt 0.766619 0.636082
vt 0.770899 0.638748
vt 0.771953 0.636113
vt 0.331280 0.623089
vt 0.331273 0.621787
vt 0.337292 0.623021
vt 0.337288 0.621768
vt 0.343814 0.622980
vt 0.343814 0.621762
vt 0.350553 0.623008
vt 0.357055 0.621793
vt 0.350555 0.621790
vt 0.363044 0.621830
vt 0.357050 0.623043
vt 0.363035 0.623125
vt 0.876369 0.528226
vt 0.876423 0.522917
vt 0.331271 0.620451
vt 0.337286 0.620492
vt 0.350559 0.620555
vt 0.343816 0.620534
vt 0.357060 0.620520
vt 0.363046 0.620502
vt 0.873183 0.530088
vt 0.871288 0.528241
vt 0.325696 0.618482
vt 0.331286 0.618771
vt 0.337291 0.618917
vt 0.343825 0.619038
vt 0.357060 0.618945
vt 0.350564 0.619048
vt 0.363032 0.618834
vt 0.374856 0.619464
vt 0.362877 0.627381
vt 0.362867 0.627695
vt 0.331338 0.617792
vt 0.325839 0.617404
vt 0.331893 0.612623
vt 0.337323 0.618011
vt 0.343998 0.613910
vt 0.337659 0.613375
vt 0.350503 0.613973
vt 0.343838 0.618167
vt 0.356732 0.613568
vt 0.350553 0.618189
vt 0.357031 0.618045
vt 0.872677 0.532106
vt 0.331288 0.618450
vt 0.343824 0.618812
vt 0.337290 0.618656
vt 0.350565 0.618824
vt 0.363032 0.618515
vt 0.357062 0.618686
vt 0.880941 0.533955
vt 0.879911 0.532196
vt 0.881425 0.528379
vt 0.331436 0.627362
vt 0.326021 0.627884
vt 0.337349 0.627111
vt 0.331446 0.627677
vt 0.343828 0.627158
vt 0.337349 0.627370
vt 0.343828 0.626935
vt 0.350530 0.627153
vt 0.356986 0.627118
vt 0.350529 0.626929
vt 0.356986 0.627375
vt 0.871133 0.535760
vt 0.880966 0.534264
vt 0.881346 0.535760
vt 0.331365 0.625710
vt 0.337324 0.625545
vt 0.343822 0.625433
vt 0.350541 0.625444
vt 0.357014 0.625557
vt 0.362949 0.625734
vt 0.879497 0.530148
vt 0.331319 0.624386
vt 0.337307 0.624273
vt 0.343818 0.624200
vt 0.350548 0.624223
vt 0.357033 0.624290
vt 0.362995 0.624416
vt 0.878199 0.528765
vt 0.880766 0.525895
vt 0.879039 0.523977
vt 0.878685 0.533138
vt 0.879846 0.532803
vt 0.373136 0.616220
vt 0.374722 0.616409
vt 0.373665 0.616806
vt 0.871536 0.534166
vt 0.761703 0.638403
vt 0.321624 0.630632
vt 0.319986 0.630529
vt 0.760685 0.631338
vt 0.760856 0.631026
vt 0.876427 0.522521
vt 0.870972 0.528160
vt 0.881694 0.535671
vt 0.870764 0.535663
vt 0.374981 0.617004
vt 0.374310 0.630523
vt 0.373258 0.630056
vt 0.374605 0.629933
vt 0.375768 0.627796
vt 0.375272 0.625498
vt 0.376508 0.625725
vt 0.375507 0.623470
vt 0.376814 0.623508
vt 0.772356 0.636112
vt 0.759202 0.641417
vt 0.317763 0.625735
vt 0.318513 0.627805
vt 0.319689 0.629939
vt 0.761764 0.633619
vt 0.319604 0.616161
vt 0.319264 0.616978
vt 0.318232 0.619173
vt 0.317621 0.621281
vt 0.317449 0.623515
vt 0.762122 0.632484
vt 0.368040 0.628936
vt 0.372675 0.630632
vt 0.326260 0.628917
vt 0.376014 0.619181
vt 0.376635 0.621279
vt 0.362795 0.628350
vt 0.356943 0.628023
vt 0.350514 0.627799
vt 0.337391 0.628017
vt 0.343844 0.627807
vt 0.331517 0.628334
vt 0.882864 0.534226
vt 0.760634 0.642596
vt 0.759207 0.630581
vt 0.685086 0.681964
vt 0.683494 0.682731
vt 0.682836 0.679350
vt 0.681736 0.682616
vt 0.680264 0.681648
vt 0.679461 0.680078
vt 0.679539 0.678315
vt 0.680480 0.676817
vt 0.682046 0.675976
vt 0.683853 0.676004
vt 0.685760 0.676995
vt 0.216873 0.602686
vt 0.214714 0.597648
vt 0.216873 0.597648
vt 0.494484 0.302735
vt 0.491139 0.301718
vt 0.492130 0.299812
vt 0.491110 0.303525
vt 0.491952 0.305091
vt 0.493450 0.306032
vt 0.495213 0.306110
vt 0.496783 0.305307
vt 0.497751 0.303835
vt 0.497865 0.302077
vt 0.497099 0.300485
vt 0.495645 0.299445
vt 0.493541 0.299096
vt 0.492413 0.296919
vt 0.238507 0.597648
vt 0.240667 0.602686
vt 0.238507 0.602686
vt 0.686475 0.678406
vt 0.236540 0.602686
vt 0.218840 0.602686
vt 0.220807 0.597648
vt 0.220807 0.602686
vt 0.222773 0.597648
vt 0.222773 0.602686
vt 0.224740 0.597648
vt 0.224740 0.602686
vt 0.226707 0.597648
vt 0.226707 0.602686
vt 0.228674 0.597648
vt 0.228674 0.602686
vt 0.230640 0.597648
vt 0.230640 0.602686
vt 0.232607 0.597648
vt 0.232607 0.602686
vt 0.234574 0.597648
vt 0.234574 0.602686
vt 0.236540 0.597648
vt 0.688014 0.675960
vt 0.688652 0.677278
vt 0.218840 0.597648
vt 0.686126 0.680510
vt 0.686827 0.678663
vt 0.686478 0.680655
vt 0.685333 0.682252
vt 0.683570 0.683101
vt 0.679985 0.681903
vt 0.681620 0.682975
vt 0.679092 0.680162
vt 0.679177 0.678206
vt 0.681951 0.675604
vt 0.680218 0.676542
vt 0.683946 0.675625
vt 0.685770 0.676557
vt 0.491691 0.299801
vt 0.490760 0.301626
vt 0.490739 0.303620
vt 0.491677 0.305353
vt 0.493340 0.306395
vt 0.495297 0.306479
vt 0.497038 0.305586
vt 0.498110 0.303952
vt 0.498236 0.302001
vt 0.497387 0.300238
vt 0.495790 0.299094
vt 0.493797 0.298744
vt 0.491095 0.297557
vt 0.492756 0.296740
vt 0.214714 0.602686
vt 0.240667 0.597648
vt 0.490739 0.297720
vt 0.688831 0.677621
vt 0.687851 0.675604
vt 0.498120 0.193723
vt 0.498887 0.195315
vt 0.495506 0.195974
vt 0.498772 0.197074
vt 0.497804 0.198546
vt 0.496234 0.199348
vt 0.494471 0.199270
vt 0.492973 0.198329
vt 0.492131 0.196764
vt 0.492160 0.194957
vt 0.493151 0.193050
vt 0.410194 0.078565
vt 0.415232 0.076405
vt 0.415232 0.078565
vt 0.558441 0.616735
vt 0.555095 0.615718
vt 0.556086 0.613811
vt 0.555066 0.617525
vt 0.555908 0.619091
vt 0.557406 0.620031
vt 0.559169 0.620109
vt 0.560739 0.619307
vt 0.561707 0.617835
vt 0.561822 0.616076
vt 0.561055 0.614485
vt 0.559601 0.613444
vt 0.557497 0.613096
vt 0.556368 0.610919
vt 0.415232 0.100198
vt 0.410194 0.102358
vt 0.410194 0.100198
vt 0.494562 0.192335
vt 0.410194 0.098231
vt 0.492116 0.190796
vt 0.493434 0.190157
vt 0.410194 0.096265
vt 0.415232 0.098231
vt 0.410194 0.094298
vt 0.415232 0.096265
vt 0.410194 0.092331
vt 0.415232 0.094298
vt 0.410194 0.090365
vt 0.415232 0.092331
vt 0.410194 0.088398
vt 0.415232 0.090365
vt 0.410194 0.086431
vt 0.415232 0.088398
vt 0.410194 0.084465
vt 0.415232 0.086431
vt 0.410194 0.082498
vt 0.415232 0.084465
vt 0.410194 0.080531
vt 0.415232 0.082498
vt 0.415232 0.080531
vt 0.496666 0.192683
vt 0.494819 0.191983
vt 0.496811 0.192332
vt 0.498408 0.193477
vt 0.499257 0.195240
vt 0.498059 0.198825
vt 0.499131 0.197190
vt 0.496318 0.199717
vt 0.494361 0.199633
vt 0.491760 0.196858
vt 0.492698 0.198592
vt 0.491781 0.194864
vt 0.492712 0.193039
vt 0.555647 0.613800
vt 0.554716 0.615625
vt 0.554695 0.617619
vt 0.555633 0.619353
vt 0.557296 0.620394
vt 0.559253 0.620478
vt 0.560994 0.619586
vt 0.562066 0.617951
vt 0.562192 0.616001
vt 0.561343 0.614238
vt 0.559746 0.613093
vt 0.557753 0.612744
vt 0.555051 0.611557
vt 0.556711 0.610740
vt 0.410194 0.076405
vt 0.415232 0.102358
vt 0.554695 0.611720
vt 0.493777 0.189979
vt 0.491760 0.190959
vt 0.478286 0.262443
vt 0.477519 0.260851
vt 0.480900 0.260193
vt 0.477634 0.259093
vt 0.478602 0.257621
vt 0.480172 0.256819
vt 0.481935 0.256897
vt 0.483432 0.257837
vt 0.484274 0.259403
vt 0.484245 0.261209
vt 0.483254 0.263116
vt 0.410194 0.049256
vt 0.415231 0.047097
vt 0.415231 0.049256
vt 0.493191 0.448589
vt 0.496536 0.449605
vt 0.495545 0.451512
vt 0.496565 0.447798
vt 0.495723 0.446233
vt 0.494226 0.445293
vt 0.492463 0.445214
vt 0.490893 0.446017
vt 0.489925 0.447489
vt 0.489810 0.449247
vt 0.490577 0.450839
vt 0.492031 0.451879
vt 0.494134 0.452227
vt 0.495263 0.454404
vt 0.415231 0.070885
vt 0.410194 0.073045
vt 0.410194 0.070885
vt 0.481843 0.263831
vt 0.410194 0.068919
vt 0.410194 0.051223
vt 0.415231 0.053189
vt 0.410194 0.053189
vt 0.415231 0.055155
vt 0.410194 0.055155
vt 0.415231 0.057121
vt 0.410194 0.057121
vt 0.415231 0.059088
vt 0.410194 0.059088
vt 0.415231 0.061054
vt 0.410194 0.061054
vt 0.415231 0.063020
vt 0.410194 0.063020
vt 0.415231 0.064987
vt 0.410194 0.064987
vt 0.415231 0.066953
vt 0.410194 0.066953
vt 0.415231 0.068919
vt 0.484289 0.265370
vt 0.482972 0.266008
vt 0.415231 0.051223
vt 0.479740 0.263483
vt 0.481587 0.264183
vt 0.479594 0.263834
vt 0.477998 0.262689
vt 0.477149 0.260927
vt 0.478347 0.257342
vt 0.477275 0.258976
vt 0.480088 0.256450
vt 0.482044 0.256534
vt 0.484645 0.259308
vt 0.483707 0.257575
vt 0.484624 0.261302
vt 0.483693 0.263127
vt 0.495984 0.451522
vt 0.496915 0.449698
vt 0.496936 0.447704
vt 0.495998 0.445971
vt 0.494335 0.444930
vt 0.492379 0.444846
vt 0.490638 0.445738
vt 0.489566 0.447372
vt 0.489440 0.449322
vt 0.490289 0.451085
vt 0.491885 0.452229
vt 0.493878 0.452578
vt 0.496580 0.453766
vt 0.494920 0.454582
vt 0.410194 0.047097
vt 0.415231 0.073045
vt 0.496936 0.453603
vt 0.482628 0.266186
vt 0.484645 0.265207
s 1
f 1/1/1 2/2/2 3/3/3
f 4/4/4 5/5/5 6/6/6
f 7/7/7 8/8/8 9/9/9
f 10/10/10 7/7/7 9/9/9
f 11/11/11 10/10/10 9/9/9
f 12/12/12 13/13/13 9/9/9
f 14/14/14 12/12/12 9/9/9
f 15/15/15 11/11/11 9/9/9
f 13/13/13 15/15/15 9/9/9
f 16/16/16 17/17/17 18/18/18
f 19/19/19 20/20/20 9/9/9
f 21/21/21 19/19/19 9/9/9
f 8/8/8 21/21/21 9/9/9
f 22/22/22 3/23/3 23/24/23
f 24/25/24 25/26/25 2/2/2
f 26/27/26 27/28/27 25/26/25
f 28/29/28 29/30/29 27/28/27
f 30/31/30 31/32/31 29/30/29
f 32/33/32 33/34/33 31/32/31
f 34/35/34 35/36/35 33/34/33
f 36/37/36 37/38/37 35/36/35
f 38/39/38 39/40/39 37/38/37
f 40/41/40 41/42/41 39/40/39
f 42/43/42 23/24/23 41/42/41
f 43/44/43 14/14/14 9/9/9
f 44/45/44 17/17/17 45/46/45
f 16/16/16 46/47/46 47/48/47
f 48/49/48 49/50/49 50/51/50
f 4/52/4 51/53/51 48/49/48
f 6/54/6 52/55/52 4/52/4
f 6/54/6 53/56/53 54/57/54
f 55/58/55 56/59/56 53/56/53
f 57/60/57 56/59/56 58/61/58
f 59/62/59 60/63/60 57/60/57
f 47/48/47 61/64/61 59/62/59
f 16/65/16 62/66/62 45/67/45
f 44/45/44 49/50/49 63/68/63
f 47/69/47 64/70/64 16/71/16
f 45/67/45 65/72/65 44/73/44
f 44/73/44 66/74/66 50/75/50
f 57/76/57 67/77/67 59/78/59
f 6/6/6 68/79/68 55/80/55
f 50/75/50 69/81/69 48/82/48
f 59/78/59 70/83/70 47/69/47
f 55/80/55 71/84/71 58/85/58
f 48/82/48 72/86/72 4/4/4
f 58/85/58 73/87/73 57/76/57
f 1/88/1 17/17/17 24/89/24
f 24/89/24 63/68/63 26/90/26
f 26/90/26 49/50/49 28/91/28
f 28/91/28 51/53/51 30/92/30
f 30/92/30 52/55/52 32/93/32
f 34/94/34 52/55/52 54/57/54
f 34/94/34 53/56/53 36/95/36
f 36/95/36 56/59/56 38/96/38
f 40/97/40 56/59/56 60/63/60
f 42/98/42 60/63/60 61/64/61
f 42/98/42 46/47/46 22/99/22
f 1/88/1 46/47/46 18/18/18
f 3/100/3 14/14/14 43/44/43
f 2/101/2 12/12/12 14/14/14
f 25/102/25 13/13/13 12/12/12
f 27/103/27 15/15/15 13/13/13
f 31/104/31 15/15/15 29/105/29
f 33/106/33 11/11/11 31/104/31
f 33/106/33 7/7/7 10/10/10
f 35/107/35 8/8/8 7/7/7
f 39/108/39 8/8/8 37/109/37
f 41/110/41 21/21/21 39/108/39
f 41/110/41 20/20/20 19/19/19
f 3/100/3 20/20/20 23/111/23
f 64/112/64 74/113/74 62/114/62
f 62/114/62 75/115/75 65/116/65
f 66/117/66 75/115/75 76/118/76
f 66/117/66 77/119/77 69/120/69
f 69/120/69 78/121/78 72/122/72
f 72/122/72 79/123/79 5/124/5
f 5/124/5 80/125/80 68/126/68
f 71/127/71 80/125/80 81/128/81
f 71/127/71 82/129/82 73/130/73
f 73/130/73 83/131/83 67/132/67
f 70/133/70 83/131/83 84/134/84
f 64/112/64 84/134/84 85/135/85
f 20/20/20 43/44/43 9/9/9
f 74/113/74 85/135/85 86/136/86
f 85/135/85 84/134/84 86/136/86
f 84/134/84 83/131/83 86/136/86
f 83/131/83 82/129/82 86/136/86
f 82/129/82 81/128/81 86/136/86
f 81/128/81 80/125/80 86/136/86
f 80/125/80 79/123/79 86/136/86
f 79/123/79 78/121/78 86/136/86
f 78/121/78 77/119/77 86/136/86
f 77/119/77 76/118/76 86/136/86
f 76/118/76 75/115/75 86/136/86
f 75/115/75 74/113/74 86/136/86
f 1/1/1 24/25/24 2/2/2
f 4/4/4 72/86/72 5/5/5
f 16/16/16 45/46/45 17/17/17
f 22/22/22 1/137/1 3/23/3
f 24/25/24 26/27/26 25/26/25
f 26/27/26 28/29/28 27/28/27
f 28/29/28 30/31/30 29/30/29
f 30/31/30 32/33/32 31/32/31
f 32/33/32 34/35/34 33/34/33
f 34/35/34 36/37/36 35/36/35
f 36/37/36 38/39/38 37/38/37
f 38/39/38 40/41/40 39/40/39
f 40/41/40 42/43/42 41/42/41
f 42/43/42 22/22/22 23/24/23
f 44/45/44 63/68/63 17/17/17
f 16/16/16 18/18/18 46/47/46
f 48/49/48 51/53/51 49/50/49
f 4/52/4 52/55/52 51/53/51
f 6/54/6 54/57/54 52/55/52
f 6/54/6 55/58/55 53/56/53
f 55/58/55 58/61/58 56/59/56
f 57/60/57 60/63/60 56/59/56
f 59/62/59 61/64/61 60/63/60
f 47/48/47 46/47/46 61/64/61
f 16/65/16 64/138/64 62/66/62
f 44/45/44 50/51/50 49/50/49
f 47/69/47 70/83/70 64/70/64
f 45/67/45 62/66/62 65/72/65
f 44/73/44 65/72/65 66/74/66
f 57/76/57 73/87/73 67/77/67
f 6/6/6 5/5/5 68/79/68
f 50/75/50 66/74/66 69/81/69
f 59/78/59 67/77/67 70/83/70
f 55/80/55 68/79/68 71/84/71
f 48/82/48 69/81/69 72/86/72
f 58/85/58 71/84/71 73/87/73
f 1/88/1 18/18/18 17/17/17
f 24/89/24 17/17/17 63/68/63
f 26/90/26 63/68/63 49/50/49
f 28/91/28 49/50/49 51/53/51
f 30/92/30 51/53/51 52/55/52
f 34/94/34 32/93/32 52/55/52
f 34/94/34 54/57/54 53/56/53
f 36/95/36 53/56/53 56/59/56
f 40/97/40 38/96/38 56/59/56
f 42/98/42 40/97/40 60/63/60
f 42/98/42 61/64/61 46/47/46
f 1/88/1 22/99/22 46/47/46
f 3/100/3 2/101/2 14/14/14
f 2/101/2 25/102/25 12/12/12
f 25/102/25 27/103/27 13/13/13
f 27/103/27 29/105/29 15/15/15
f 31/104/31 11/11/11 15/15/15
f 33/106/33 10/10/10 11/11/11
f 33/106/33 35/107/35 7/7/7
f 35/107/35 37/109/37 8/8/8
f 39/108/39 21/21/21 8/8/8
f 41/110/41 19/19/19 21/21/21
f 41/110/41 23/111/23 20/20/20
f 3/100/3 43/44/43 20/20/20
f 64/112/64 85/135/85 74/113/74
f 62/114/62 74/113/74 75/115/75
f 66/117/66 65/116/65 75/115/75
f 66/117/66 76/118/76 77/119/77
f 69/120/69 77/119/77 78/121/78
f 72/122/72 78/121/78 79/123/79
f 5/124/5 79/123/79 80/125/80
f 71/127/71 68/126/68 80/125/80
f 71/127/71 81/128/81 82/129/82
f 73/130/73 82/129/82 83/131/83
f 70/133/70 67/132/67 83/131/83
f 64/112/64 70/133/70 84/134/84
f 87/139/87 88/140/88 89/141/89
f 90/142/90 91/143/90 92/144/90
f 93/145/91 94/146/91 95/147/91
f 96/148/92 97/149/93 98/150/94
f 99/151/95 100/152/95 101/153/95
f 102/154/96 103/155/96 104/156/96
f 105/157/97 106/158/98 107/159/99
f 108/160/90 109/161/90 110/162/90
f 111/163/91 112/164/100 113/165/101
f 114/166/102 115/167/103 116/168/104
f 117/169/105 118/170/95 119/171/95
f 120/172/96 121/173/96 122/174/96
f 123/175/106 124/176/107 125/177/108
f 126/178/90 127/179/90 128/180/90
f 129/181/91 130/182/91 131/183/109
f 132/184/110 133/185/111 134/186/112
f 135/187/105 136/188/95 137/189/95
f 138/190/113 139/191/96 140/192/96
f 88/193/88 91/143/90 101/194/95
f 141/195/90 97/196/93 99/197/95
f 89/198/89 100/199/95 104/156/96
f 142/200/114 102/154/96 143/201/95
f 144/202/115 94/203/91 92/144/90
f 98/204/94 90/142/90 145/205/91
f 87/206/87 103/155/96 95/207/91
f 96/208/92 93/209/91 146/210/96
f 106/211/98 110/162/90 119/212/95
f 109/161/90 115/213/103 117/214/105
f 107/215/99 118/216/95 122/174/96
f 147/217/116 120/172/96 148/218/95
f 149/219/117 112/220/100 108/160/90
f 116/221/104 150/222/90 151/223/91
f 105/224/97 121/173/96 113/225/101
f 114/226/102 111/227/91 152/228/96
f 124/229/107 127/179/90 137/230/95
f 153/231/90 133/232/111 135/233/105
f 125/234/108 136/235/95 138/190/113
f 154/236/118 155/237/96 156/238/95
f 157/239/119 130/240/91 128/180/90
f 134/241/112 126/178/90 158/242/91
f 123/243/106 140/192/96 131/244/109
f 132/245/110 129/246/91 139/191/96
f 88/140/88 100/152/95 89/141/89
f 141/195/90 101/194/95 91/143/90
f 142/247/114 99/151/95 97/149/93
f 104/156/96 143/201/95 102/154/96
f 89/198/89 103/155/96 87/206/87
f 96/208/92 102/154/96 142/200/114
f 95/207/91 146/210/96 93/209/91
f 87/139/87 94/248/91 144/249/115
f 98/250/94 93/145/91 96/251/92
f 92/144/90 145/205/91 90/142/90
f 144/202/115 91/143/90 88/193/88
f 97/196/93 90/142/90 98/204/94
f 106/158/98 118/170/95 107/159/99
f 110/162/90 117/214/105 119/212/95
f 147/252/116 117/169/105 115/167/103
f 122/174/96 148/218/95 120/172/96
f 105/224/97 122/174/96 121/173/96
f 147/217/116 152/228/96 120/172/96
f 113/225/101 152/228/96 111/227/91
f 105/157/97 112/253/100 149/254/117
f 116/255/104 111/163/91 114/256/102
f 150/222/90 112/220/100 151/223/91
f 149/219/117 110/162/90 106/211/98
f 115/213/103 150/222/90 116/221/104
f 124/176/107 136/257/95 125/177/108
f 153/231/90 137/230/95 127/179/90
f 154/258/118 135/259/105 133/185/111
f 155/237/96 136/235/95 156/238/95
f 125/234/108 140/192/96 123/243/106
f 132/245/110 155/237/96 154/236/118
f 129/246/91 140/192/96 139/191/96
f 123/175/106 130/260/91 157/261/119
f 134/186/112 129/181/91 132/184/110
f 128/180/90 158/242/91 126/178/90
f 124/229/107 128/180/90 127/179/90
f 134/241/112 153/231/90 126/178/90
f 87/139/87 144/249/115 88/140/88
f 90/142/90 141/195/90 91/143/90
f 93/145/91 145/262/91 94/146/91
f 96/148/92 142/247/114 97/149/93
f 99/151/95 143/263/95 100/152/95
f 102/154/96 146/210/96 103/155/96
f 105/157/97 149/254/117 106/158/98
f 108/160/90 150/222/90 109/161/90
f 111/163/91 151/264/91 112/164/100
f 114/166/102 147/252/116 115/167/103
f 117/169/105 148/265/95 118/170/95
f 120/172/96 152/228/96 121/173/96
f 123/175/106 157/261/119 124/176/107
f 126/178/90 153/231/90 127/179/90
f 129/181/91 158/266/91 130/182/91
f 132/184/110 154/258/118 133/185/111
f 135/187/105 156/267/95 136/188/95
f 138/190/113 155/237/96 139/191/96
f 88/140/88 101/153/95 100/152/95
f 141/195/90 99/197/95 101/194/95
f 142/247/114 143/263/95 99/151/95
f 104/156/96 100/199/95 143/201/95
f 89/198/89 104/156/96 103/155/96
f 96/208/92 146/210/96 102/154/96
f 95/207/91 103/155/96 146/210/96
f 87/139/87 95/268/91 94/248/91
f 98/250/94 145/262/91 93/145/91
f 92/144/90 94/203/91 145/205/91
f 144/202/115 92/144/90 91/143/90
f 97/196/93 141/195/90 90/142/90
f 106/158/98 119/171/95 118/170/95
f 110/162/90 109/161/90 117/214/105
f 147/252/116 148/265/95 117/169/105
f 122/174/96 118/216/95 148/218/95
f 105/224/97 107/215/99 122/174/96
f 147/217/116 114/226/102 152/228/96
f 113/225/101 121/173/96 152/228/96
f 105/157/97 113/269/101 112/253/100
f 116/255/104 151/264/91 111/163/91
f 150/222/90 108/160/90 112/220/100
f 149/219/117 108/160/90 110/162/90
f 115/213/103 109/161/90 150/222/90
f 124/176/107 137/270/95 136/257/95
f 153/231/90 135/233/105 137/230/95
f 154/258/118 156/271/95 135/259/105
f 155/237/96 138/190/113 136/235/95
f 125/234/108 138/190/113 140/192/96
f 132/245/110 139/191/96 155/237/96
f 129/246/91 131/244/109 140/192/96
f 123/175/106 131/272/109 130/260/91
f 134/186/112 158/266/91 129/181/91
f 128/180/90 130/240/91 158/242/91
f 124/229/107 157/239/119 128/180/90
f 134/241/112 133/232/111 153/231/90
f 159/273/90 160/274/90 161/275/90
f 162/276/9 163/277/9 164/278/9
f 165/279/120 166/280/121 167/281/122
f 168/282/86 169/283/86 170/284/86
f 171/285/123 160/274/90 168/286/86
f 172/287/90 173/288/124 174/289/86
f 175/290/125 170/291/86 176/292/126
f 165/293/120 177/294/127 169/295/86
f 178/296/128 163/297/9 161/275/90
f 166/298/121 159/273/90 179/299/9
f 180/300/129 181/301/130 164/302/9
f 167/303/122 162/304/9 182/305/131
f 175/306/125 168/282/86 170/284/86
f 172/287/90 168/286/86 160/274/90
f 165/279/120 174/307/86 173/308/124
f 176/292/126 169/295/86 177/294/127
f 175/290/125 181/301/130 180/300/129
f 165/293/120 182/305/131 177/294/127
f 164/302/9 182/305/131 162/304/9
f 180/309/129 163/277/9 178/310/128
f 166/280/121 162/276/9 167/281/122
f 161/275/90 179/299/9 159/273/90
f 178/296/128 160/274/90 171/285/123
f 173/288/124 159/273/90 166/298/121
f 180/309/129 171/311/123 175/306/125
f 183/312/96 176/292/126 177/294/127
f 184/313/96 176/292/126 185/314/96
f 186/315/96 177/294/127 182/305/131
f 184/313/96 182/305/131 181/301/130
f 159/273/90 172/287/90 160/274/90
f 162/276/9 179/316/9 163/277/9
f 165/279/120 173/308/124 166/280/121
f 168/282/86 174/317/86 169/283/86
f 175/306/125 171/311/123 168/282/86
f 172/287/90 174/289/86 168/286/86
f 165/279/120 169/318/86 174/307/86
f 176/292/126 170/291/86 169/295/86
f 175/290/125 176/292/126 181/301/130
f 165/293/120 167/303/122 182/305/131
f 164/302/9 181/301/130 182/305/131
f 180/309/129 164/278/9 163/277/9
f 166/280/121 179/316/9 162/276/9
f 161/275/90 163/297/9 179/299/9
f 178/296/128 161/275/90 160/274/90
f 173/288/124 172/287/90 159/273/90
f 180/309/129 178/310/128 171/311/123
f 183/312/96 185/314/96 176/292/126
f 184/313/96 181/301/130 176/292/126
f 186/315/96 183/312/96 177/294/127
f 184/313/96 186/315/96 182/305/131
f 187/319/90 188/320/90 189/321/90
f 190/322/9 191/323/9 192/324/132
f 193/325/133 194/326/121 195/327/134
f 196/328/86 197/329/86 198/330/135
f 199/331/136 188/320/90 196/332/86
f 200/333/90 201/334/137 202/335/86
f 203/336/138 198/337/135 204/338/139
f 193/339/133 205/340/140 197/341/86
f 206/342/141 191/343/9 189/321/90
f 194/344/121 187/319/90 207/345/9
f 208/346/142 209/347/143 192/348/132
f 195/349/134 190/350/9 210/351/144
f 199/352/136 198/330/135 203/353/138
f 200/333/90 196/332/86 188/320/90
f 193/325/133 202/354/86 201/355/137
f 204/338/139 197/341/86 205/340/140
f 203/336/138 209/347/143 208/346/142
f 193/339/133 210/351/144 205/340/140
f 192/348/132 210/351/144 190/350/9
f 208/356/142 191/323/9 206/357/141
f 194/326/121 190/322/9 195/327/134
f 189/321/90 207/345/9 187/319/90
f 199/331/136 189/321/90 188/320/90
f 201/334/137 187/319/90 194/344/121
f 208/356/142 199/352/136 203/353/138
f 211/358/96 205/340/140 212/359/96
f 213/360/96 204/338/139 211/358/96
f 214/361/96 205/340/140 210/351/144
f 214/361/96 209/347/143 213/360/96
f 187/319/90 200/333/90 188/320/90
f 190/322/9 207/362/9 191/323/9
f 193/325/133 201/355/137 194/326/121
f 196/328/86 202/363/86 197/329/86
f 199/352/136 196/328/86 198/330/135
f 200/333/90 202/335/86 196/332/86
f 193/325/133 197/364/86 202/354/86
f 204/338/139 198/337/135 197/341/86
f 203/336/138 204/338/139 209/347/143
f 193/339/133 195/349/134 210/351/144
f 192/348/132 209/347/143 210/351/144
f 208/356/142 192/324/132 191/323/9
f 194/326/121 207/362/9 190/322/9
f 189/321/90 191/343/9 207/345/9
f 199/331/136 206/342/141 189/321/90
f 201/334/137 200/333/90 187/319/90
f 208/356/142 206/357/141 199/352/136
f 211/358/96 204/338/139 205/340/140
f 213/360/96 209/347/143 204/338/139
f 214/361/96 212/359/96 205/340/140
f 214/361/96 210/351/144 209/347/143
f 215/365/90 216/366/90 217/367/90
f 218/368/9 219/369/132 220/370/132
f 221/371/133 222/372/121 223/373/122
f 224/374/86 225/375/86 226/376/86
f 227/377/145 217/367/90 224/378/86
f 216/366/90 228/379/124 229/380/86
f 230/381/138 226/382/86 231/383/146
f 221/384/133 232/385/147 225/386/86
f 233/387/128 219/388/132 215/365/90
f 222/389/121 234/390/90 235/391/9
f 236/392/142 237/393/148 220/394/132
f 223/395/122 218/396/9 238/397/149
f 227/398/145 226/376/86 230/399/138
f 216/366/90 224/378/86 217/367/90
f 221/371/133 229/400/86 228/401/124
f 231/383/146 225/386/86 232/385/147
f 230/381/138 237/393/148 236/392/142
f 221/384/133 238/397/149 232/385/147
f 220/394/132 238/397/149 218/396/9
f 236/402/142 219/369/132 233/403/128
f 222/372/121 218/368/9 223/373/122
f 215/365/90 235/391/9 234/390/90
f 233/387/128 217/367/90 227/377/145
f 228/379/124 234/390/90 222/389/121
f 236/402/142 227/398/145 230/399/138
f 239/404/96 231/383/146 232/385/147
f 240/405/96 231/383/146 241/406/96
f 242/407/96 232/385/147 238/397/149
f 240/405/96 238/397/149 237/393/148
f 215/365/90 234/390/90 216/366/90
f 218/368/9 235/408/9 219/369/132
f 221/371/133 228/401/124 222/372/121
f 224/374/86 229/409/86 225/375/86
f 227/398/145 224/374/86 226/376/86
f 216/366/90 229/380/86 224/378/86
f 221/371/133 225/410/86 229/400/86
f 231/383/146 226/382/86 225/386/86
f 230/381/138 231/383/146 237/393/148
f 221/384/133 223/395/122 238/397/149
f 220/394/132 237/393/148 238/397/149
f 236/402/142 220/370/132 219/369/132
f 222/372/121 235/408/9 218/368/9
f 215/365/90 219/388/132 235/391/9
f 233/387/128 215/365/90 217/367/90
f 228/379/124 216/366/90 234/390/90
f 236/402/142 233/403/128 227/398/145
f 239/404/96 241/406/96 231/383/146
f 240/405/96 237/393/148 231/383/146
f 242/407/96 239/404/96 232/385/147
f 240/405/96 242/407/96 238/397/149
f 243/411/150 244/412/151 245/413/152
f 246/414/153 247/415/154 248/416/155
f 249/417/90 250/418/156 251/419/90
f 252/420/157 253/421/150 254/422/158
f 255/423/159 256/424/160 257/425/161
f 258/426/162 259/427/163 260/428/164
f 261/429/90 262/430/165 263/431/90
f 264/432/166 265/433/167 266/434/168
f 267/435/169 268/436/170 269/437/171
f 270/438/172 271/439/173 272/440/174
f 273/441/175 274/442/176 275/443/177
f 243/444/150 276/445/178 277/446/90
f 278/447/179 279/448/180 245/449/152
f 280/450/181 246/451/153 281/452/182
f 260/453/164 261/429/90 248/454/155
f 258/455/162 247/456/154 282/457/183
f 283/458/184 284/459/185 285/460/186
f 249/417/90 256/461/160 269/462/171
f 286/463/187 267/464/169 287/465/188
f 268/466/170 272/467/174 250/418/156
f 288/468/189 289/469/190 270/470/172
f 254/471/158 290/472/191 291/473/192
f 253/474/150 251/419/90 271/475/173
f 292/476/193 293/477/152 294/478/194
f 295/479/195 255/480/159 266/481/168
f 296/482/196 265/483/167 252/484/157
f 297/485/90 264/486/166 257/487/161
f 263/431/90 274/488/176 298/489/197
f 299/490/198 273/491/175 300/492/199
f 301/493/200 244/494/151 302/495/201
f 262/430/165 259/496/163 275/497/177
f 301/493/200 245/449/152 244/494/151
f 245/413/152 276/498/178 243/411/150
f 276/445/178 281/452/182 277/446/90
f 262/430/165 260/453/164 259/496/163
f 258/455/162 299/490/198 300/492/199
f 284/459/185 279/448/180 278/447/179
f 281/452/182 248/454/155 261/429/90
f 247/456/154 284/459/185 282/457/183
f 248/416/155 258/426/162 260/428/164
f 250/418/156 269/462/171 268/466/170
f 267/464/169 289/469/190 288/468/189
f 287/499/188 269/437/171 256/424/160
f 292/476/193 253/474/150 293/477/152
f 250/418/156 271/475/173 251/419/90
f 290/500/191 253/421/150 271/439/173
f 290/472/191 289/469/190 291/473/192
f 288/501/189 272/502/174 268/436/170
f 280/503/181 285/504/186 246/414/153
f 287/465/188 295/479/195 286/463/187
f 296/482/196 254/471/158 291/473/192
f 297/485/90 256/461/160 249/417/90
f 266/434/168 257/425/161 264/432/166
f 265/433/167 293/505/152 252/420/157
f 264/486/166 292/476/193 294/478/194
f 296/482/196 266/481/168 265/483/167
f 263/431/90 243/444/150 277/446/90
f 275/506/177 300/507/199 273/508/175
f 302/509/201 298/510/197 274/442/176
f 262/430/165 274/488/176 263/431/90
f 302/495/201 299/490/198 301/493/200
f 279/511/180 280/503/181 276/498/178
f 303/512/96 278/447/179 301/493/200
f 304/513/96 282/457/183 305/514/96
f 306/515/96 278/447/179 307/516/96
f 306/515/96 282/457/183 284/459/185
f 308/517/96 286/463/187 309/518/96
f 308/517/96 291/473/192 289/469/190
f 310/519/96 286/463/187 295/479/195
f 311/520/96 291/473/192 312/521/96
f 311/520/96 295/479/195 296/482/196
f 304/513/96 301/493/200 299/490/198
f 243/411/150 298/510/197 244/412/151
f 246/414/153 285/504/186 247/415/154
f 251/419/90 292/476/193 297/485/90
f 297/485/90 249/417/90 251/419/90
f 252/420/157 293/505/152 253/421/150
f 255/423/159 287/499/188 256/424/160
f 258/426/162 300/507/199 259/427/163
f 263/431/90 277/446/90 261/429/90
f 277/446/90 281/452/182 261/429/90
f 264/432/166 294/522/194 265/433/167
f 267/435/169 288/501/189 268/436/170
f 270/438/172 290/500/191 271/439/173
f 273/441/175 302/509/201 274/442/176
f 301/493/200 278/447/179 245/449/152
f 245/413/152 279/511/180 276/498/178
f 276/445/178 280/450/181 281/452/182
f 262/430/165 261/429/90 260/453/164
f 258/455/162 282/457/183 299/490/198
f 284/459/185 283/458/184 279/448/180
f 281/452/182 246/451/153 248/454/155
f 247/456/154 285/460/186 284/459/185
f 248/416/155 247/415/154 258/426/162
f 250/418/156 249/417/90 269/462/171
f 267/464/169 286/463/187 289/469/190
f 287/499/188 267/435/169 269/437/171
f 292/476/193 251/419/90 253/474/150
f 250/418/156 272/467/174 271/475/173
f 290/500/191 254/422/158 253/421/150
f 290/472/191 270/470/172 289/469/190
f 288/501/189 270/523/172 272/502/174
f 280/503/181 283/524/184 285/504/186
f 287/465/188 255/480/159 295/479/195
f 296/482/196 252/484/157 254/471/158
f 297/485/90 257/487/161 256/461/160
f 266/434/168 255/423/159 257/425/161
f 265/433/167 294/522/194 293/505/152
f 264/486/166 297/485/90 292/476/193
f 296/482/196 295/479/195 266/481/168
f 263/431/90 298/489/197 243/444/150
f 275/506/177 259/427/163 300/507/199
f 302/509/201 244/412/151 298/510/197
f 262/430/165 275/497/177 274/488/176
f 302/495/201 273/491/175 299/490/198
f 279/511/180 283/524/184 280/503/181
f 303/512/96 307/516/96 278/447/179
f 304/513/96 299/490/198 282/457/183
f 306/515/96 284/459/185 278/447/179
f 306/515/96 305/514/96 282/457/183
f 308/517/96 289/469/190 286/463/187
f 308/517/96 312/521/96 291/473/192
f 310/519/96 309/518/96 286/463/187
f 311/520/96 296/482/196 291/473/192
f 311/520/96 310/519/96 295/479/195
f 304/513/96 303/512/96 301/493/200
f 313/525/202 314/526/86 315/527/203
f 316/528/96 317/529/204 318/530/96
f 319/531/205 320/532/206 321/533/207
f 322/534/208 323/535/96 318/530/96
f 324/536/209 322/534/208 318/530/96
f 325/537/210 324/536/209 318/530/96
f 326/538/211 325/537/210 318/530/96
f 327/539/212 326/538/211 318/530/96
f 328/540/213 327/539/212 318/530/96
f 329/541/214 328/540/213 318/530/96
f 330/542/215 329/541/214 318/530/96
f 331/543/96 332/544/96 333/545/216
f 334/546/217 335/547/218 336/548/219
f 323/535/96 316/528/96 318/530/96
f 337/549/220 338/550/221 320/532/206
f 339/551/222 340/552/223 341/553/224
f 314/526/86 342/554/225 343/555/226
f 343/555/226 344/556/227 345/557/228
f 346/558/229 347/559/230 348/560/231
f 349/561/232 315/527/203 350/562/233
f 351/563/234 350/562/233 352/564/91
f 353/565/235 352/566/91 354/567/236
f 355/568/237 354/567/236 356/569/238
f 357/570/239 356/569/238 358/571/9
f 336/548/219 357/570/239 358/571/9
f 323/535/96 331/543/96 316/528/96
f 359/572/240 360/573/241 346/558/229
f 316/528/96 361/574/242 344/575/227
f 321/576/207 323/535/96 362/577/243
f 347/578/230 333/545/216 363/579/244
f 332/544/96 338/580/221 340/581/223
f 364/582/245 317/529/204 342/583/225
f 344/575/227 317/529/204 316/528/96
f 359/572/240 344/556/227 361/584/242
f 320/585/206 332/544/96 365/586/216
f 334/546/217 321/533/207 362/587/243
f 362/577/243 322/534/208 335/588/218
f 335/588/218 324/536/209 357/589/239
f 355/590/237 324/536/209 325/537/210
f 353/591/235 325/537/210 326/538/211
f 351/592/234 326/538/211 327/539/212
f 349/593/232 327/539/212 328/540/213
f 349/593/232 329/541/214 313/594/202
f 313/594/202 330/542/215 364/582/245
f 338/595/221 341/553/224 340/552/223
f 363/596/244 348/597/231 347/598/230
f 340/581/223 333/545/216 332/544/96
f 360/599/241 333/545/216 347/578/230
f 321/576/207 365/586/216 323/535/96
f 361/574/242 331/543/96 360/599/241
f 317/529/204 330/542/215 318/530/96
f 313/525/202 364/600/245 314/526/86
f 319/531/205 337/549/220 320/532/206
f 331/543/96 365/586/216 332/544/96
f 334/546/217 362/587/243 335/547/218
f 337/549/220 366/601/246 338/550/221
f 339/551/222 363/596/244 340/552/223
f 314/526/86 364/600/245 342/554/225
f 343/555/226 342/554/225 344/556/227
f 346/558/229 360/573/241 347/559/230
f 349/561/232 313/525/202 315/527/203
f 351/563/234 349/561/232 350/562/233
f 353/565/235 351/602/234 352/566/91
f 355/568/237 353/565/235 354/567/236
f 357/570/239 355/568/237 356/569/238
f 336/548/219 335/547/218 357/570/239
f 323/535/96 365/586/216 331/543/96
f 359/572/240 361/584/242 360/573/241
f 364/582/245 330/542/215 317/529/204
f 344/575/227 342/583/225 317/529/204
f 359/572/240 345/557/228 344/556/227
f 320/585/206 338/580/221 332/544/96
f 334/546/217 319/531/205 321/533/207
f 362/577/243 323/535/96 322/534/208
f 335/588/218 322/534/208 324/536/209
f 355/590/237 357/589/239 324/536/209
f 353/591/235 355/590/237 325/537/210
f 351/592/234 353/591/235 326/538/211
f 349/593/232 351/592/234 327/539/212
f 349/593/232 328/540/213 329/541/214
f 313/594/202 329/541/214 330/542/215
f 338/595/221 366/603/246 341/553/224
f 363/596/244 339/551/222 348/597/231
f 340/581/223 363/579/244 333/545/216
f 360/599/241 331/543/96 333/545/216
f 321/576/207 320/585/206 365/586/216
f 361/574/242 316/528/96 331/543/96
f 367/604/1 368/605/2 369/606/3
f 370/607/247 371/608/248 372/609/86
f 373/610/7 374/611/8 375/612/9
f 376/613/249 373/610/7 375/612/9
f 377/614/11 376/613/249 375/612/9
f 378/615/12 379/616/13 375/612/9
f 380/617/250 378/615/12 375/612/9
f 381/618/15 377/614/11 375/612/9
f 379/616/13 381/618/15 375/612/9
f 382/619/86 383/620/251 384/621/18
f 385/622/19 386/623/20 375/612/9
f 387/624/252 385/622/19 375/612/9
f 374/611/8 387/624/252 375/612/9
f 388/625/22 369/626/3 389/627/23
f 390/628/24 391/629/253 368/605/2
f 392/630/26 393/631/254 391/629/253
f 394/632/255 395/633/256 393/631/254
f 396/634/30 397/635/31 395/633/256
f 398/636/32 399/637/33 397/635/31
f 400/638/257 401/639/35 399/637/33
f 402/640/36 403/641/37 401/639/35
f 404/642/258 405/643/39 403/641/37
f 406/644/40 407/645/41 405/643/39
f 408/646/42 389/627/23 407/645/41
f 409/647/259 380/617/250 375/612/9
f 410/648/86 383/620/251 411/649/86
f 382/619/86 412/650/46 413/651/86
f 414/652/86 415/653/260 416/654/86
f 417/655/86 418/656/261 414/652/86
f 419/657/86 420/658/52 417/655/86
f 419/657/86 421/659/262 422/660/54
f 423/661/86 424/662/56 421/659/262
f 425/663/86 424/662/56 426/664/86
f 427/665/86 428/666/263 425/663/86
f 413/651/86 429/667/264 427/665/86
f 430/668/265 431/669/266 372/609/86
f 410/648/86 415/653/260 432/670/63
f 433/671/267 430/668/265 372/609/86
f 434/672/268 433/671/267 372/609/86
f 435/673/269 436/674/270 372/609/86
f 437/675/271 370/607/247 372/609/86
f 438/676/77 434/672/268 372/609/86
f 439/677/272 435/673/269 372/609/86
f 440/678/273 437/675/271 372/609/86
f 371/608/248 438/676/77 372/609/86
f 431/669/266 439/677/272 372/609/86
f 436/674/270 440/678/273 372/609/86
f 382/679/274 441/680/275 411/681/276
f 413/682/277 442/683/64 382/684/274
f 427/685/278 443/686/279 413/682/277
f 425/687/280 444/688/281 427/685/278
f 426/689/282 445/690/283 425/687/280
f 423/691/284 446/692/71 426/689/282
f 419/693/285 447/694/286 423/691/284
f 417/695/287 448/696/288 419/693/285
f 414/697/289 449/698/72 417/695/287
f 416/699/290 450/700/69 414/697/289
f 410/701/291 451/702/292 416/699/290
f 411/681/276 452/703/293 410/701/291
f 367/704/1 383/620/251 390/705/24
f 390/705/24 432/670/63 392/706/26
f 392/706/26 415/653/260 394/707/255
f 394/707/255 418/656/261 396/708/30
f 396/708/30 420/658/52 398/709/32
f 400/710/257 420/658/52 422/660/54
f 400/710/257 421/659/262 402/711/36
f 402/711/36 424/662/56 404/712/258
f 406/713/40 424/662/56 428/666/263
f 408/714/42 428/666/263 429/667/264
f 408/714/42 412/650/46 388/715/22
f 367/704/1 412/650/46 384/621/18
f 369/716/3 380/617/250 409/647/259
f 368/717/2 378/615/12 380/617/250
f 391/718/253 379/616/13 378/615/12
f 393/719/254 381/618/15 379/616/13
f 397/720/31 381/618/15 395/721/256
f 399/722/33 377/614/11 397/720/31
f 399/722/33 373/610/7 376/613/249
f 401/723/35 374/611/8 373/610/7
f 405/724/39 374/611/8 403/725/37
f 407/726/41 387/624/252 405/724/39
f 407/726/41 386/623/20 385/622/19
f 369/716/3 386/623/20 389/727/23
f 442/728/64 430/668/265 441/729/275
f 441/729/275 433/671/267 452/730/293
f 451/731/292 433/671/267 434/672/268
f 451/731/292 438/676/77 450/732/69
f 450/732/69 371/608/248 449/733/72
f 449/733/72 370/607/247 448/734/288
f 448/734/288 437/675/271 447/735/286
f 446/736/71 437/675/271 440/678/273
f 446/736/71 436/674/270 445/737/283
f 445/737/283 435/673/269 444/738/281
f 443/739/279 435/673/269 439/677/272
f 442/728/64 439/677/272 431/669/266
f 386/623/20 409/647/259 375/612/9
f 367/604/1 390/628/24 368/605/2
f 382/619/86 411/649/86 383/620/251
f 388/625/22 367/740/1 369/626/3
f 390/628/24 392/630/26 391/629/253
f 392/630/26 394/632/255 393/631/254
f 394/632/255 396/634/30 395/633/256
f 396/634/30 398/636/32 397/635/31
f 398/636/32 400/638/257 399/637/33
f 400/638/257 402/640/36 401/639/35
f 402/640/36 404/642/258 403/641/37
f 404/642/258 406/644/40 405/643/39
f 406/644/40 408/646/42 407/645/41
f 408/646/42 388/625/22 389/627/23
f 410/648/86 432/670/63 383/620/251
f 382/619/86 384/621/18 412/650/46
f 414/652/86 418/656/261 415/653/260
f 417/655/86 420/658/52 418/656/261
f 419/657/86 422/660/54 420/658/52
f 419/657/86 423/661/86 421/659/262
f 423/661/86 426/664/86 424/662/56
f 425/663/86 428/666/263 424/662/56
f 427/665/86 429/667/264 428/666/263
f 413/651/86 412/650/46 429/667/264
f 410/648/86 416/654/86 415/653/260
f 382/679/274 442/741/64 441/680/275
f 413/682/277 443/686/279 442/683/64
f 427/685/278 444/688/281 443/686/279
f 425/687/280 445/690/283 444/688/281
f 426/689/282 446/692/71 445/690/283
f 423/691/284 447/694/286 446/692/71
f 419/693/285 448/696/288 447/694/286
f 417/695/287 449/698/72 448/696/288
f 414/697/289 450/700/69 449/698/72
f 416/699/290 451/702/292 450/700/69
f 410/701/291 452/703/293 451/702/292
f 411/681/276 441/680/275 452/703/293
f 367/704/1 384/621/18 383/620/251
f 390/705/24 383/620/251 432/670/63
f 392/706/26 432/670/63 415/653/260
f 394/707/255 415/653/260 418/656/261
f 396/708/30 418/656/261 420/658/52
f 400/710/257 398/709/32 420/658/52
f 400/710/257 422/660/54 421/659/262
f 402/711/36 421/659/262 424/662/56
f 406/713/40 404/712/258 424/662/56
f 408/714/42 406/713/40 428/666/263
f 408/714/42 429/667/264 412/650/46
f 367/704/1 388/715/22 412/650/46
f 369/716/3 368/717/2 380/617/250
f 368/717/2 391/718/253 378/615/12
f 391/718/253 393/719/254 379/616/13
f 393/719/254 395/721/256 381/618/15
f 397/720/31 377/614/11 381/618/15
f 399/722/33 376/613/249 377/614/11
f 399/722/33 401/723/35 373/610/7
f 401/723/35 403/725/37 374/611/8
f 405/724/39 387/624/252 374/611/8
f 407/726/41 385/622/19 387/624/252
f 407/726/41 389/727/23 386/623/20
f 369/716/3 409/647/259 386/623/20
f 442/728/64 431/669/266 430/668/265
f 441/729/275 430/668/265 433/671/267
f 451/731/292 452/730/293 433/671/267
f 451/731/292 434/672/268 438/676/77
f 450/732/69 438/676/77 371/608/248
f 449/733/72 371/608/248 370/607/247
f 448/734/288 370/607/247 437/675/271
f 446/736/71 447/735/286 437/675/271
f 446/736/71 440/678/273 436/674/270
f 445/737/283 436/674/270 435/673/269
f 443/739/279 444/738/281 435/673/269
f 442/728/64 443/739/279 439/677/272
f 453/742/294 454/743/86 455/744/203
f 456/745/295 457/746/296 458/747/96
f 459/748/297 460/749/298 461/750/299
f 462/751/208 463/752/300 458/747/96
f 464/753/209 462/751/208 458/747/96
f 465/754/210 464/753/209 458/747/96
f 466/755/211 465/754/210 458/747/96
f 467/756/301 466/755/211 458/747/96
f 468/757/213 467/756/301 458/747/96
f 469/758/214 468/757/213 458/747/96
f 470/759/215 469/758/214 458/747/96
f 471/760/96 472/761/96 473/762/96
f 474/763/302 475/764/303 476/765/219
f 463/752/300 456/745/295 458/747/96
f 477/766/304 478/767/305 460/749/298
f 479/768/306 480/769/307 481/770/308
f 482/771/309 483/772/310 484/773/224
f 485/774/311 486/775/312 478/767/305
f 487/776/96 471/760/96 488/777/96
f 454/743/86 489/778/313 490/779/314
f 490/779/314 491/780/315 492/781/316
f 480/769/307 493/782/317 494/783/318
f 495/784/319 455/744/203 496/785/233
f 497/786/320 496/785/233 498/787/91
f 499/788/321 498/789/91 500/790/236
f 501/791/237 500/790/236 502/792/322
f 503/793/239 502/792/322 504/794/9
f 476/765/219 503/793/239 504/794/9
f 456/745/295 487/776/96 488/777/96
f 505/795/323 481/770/308 506/796/324
f 505/797/323 491/798/315 456/745/295
f 461/799/299 463/752/300 507/800/325
f 493/801/317 473/762/96 508/802/326
f 472/761/96 486/803/312 483/804/310
f 509/805/327 457/746/296 489/806/313
f 478/807/305 472/761/96 510/808/96
f 474/763/302 461/750/299 507/809/325
f 507/800/325 462/751/208 475/810/303
f 475/810/303 464/753/209 503/811/239
f 501/812/237 464/753/209 465/754/210
f 499/813/321 465/754/210 466/755/211
f 497/814/320 466/755/211 467/756/301
f 495/815/319 467/756/301 468/757/213
f 495/815/319 469/758/214 453/816/294
f 453/816/294 470/759/215 509/805/327
f 486/817/312 484/773/224 483/772/310
f 508/818/326 494/819/318 493/820/317
f 483/804/310 473/762/96 472/761/96
f 505/797/323 488/777/96 479/821/306
f 511/822/328 488/777/96 471/760/96
f 461/799/299 487/776/96 463/752/300
f 506/796/324 491/780/315 505/795/323
f 460/823/298 510/808/96 487/776/96
f 511/822/328 473/762/96 493/801/317
f 491/798/315 457/746/296 456/745/295
f 457/746/296 470/759/215 458/747/96
f 453/742/294 509/824/327 454/743/86
f 459/748/297 477/766/304 460/749/298
f 471/760/96 510/808/96 472/761/96
f 474/763/302 507/809/325 475/764/303
f 477/766/304 485/774/311 478/767/305
f 479/768/306 511/825/328 480/769/307
f 482/771/309 508/818/326 483/772/310
f 485/774/311 512/826/329 486/775/312
f 487/776/96 510/808/96 471/760/96
f 454/743/86 509/824/327 489/778/313
f 490/779/314 489/778/313 491/780/315
f 480/769/307 511/825/328 493/782/317
f 495/784/319 453/742/294 455/744/203
f 497/786/320 495/784/319 496/785/233
f 499/788/321 497/827/320 498/789/91
f 501/791/237 499/788/321 500/790/236
f 503/793/239 501/791/237 502/792/322
f 476/765/219 475/764/303 503/793/239
f 456/745/295 463/752/300 487/776/96
f 505/795/323 479/768/306 481/770/308
f 509/805/327 470/759/215 457/746/296
f 478/807/305 486/803/312 472/761/96
f 474/763/302 459/748/297 461/750/299
f 507/800/325 463/752/300 462/751/208
f 475/810/303 462/751/208 464/753/209
f 501/812/237 503/811/239 464/753/209
f 499/813/321 501/812/237 465/754/210
f 497/814/320 499/813/321 466/755/211
f 495/815/319 497/814/320 467/756/301
f 495/815/319 468/757/213 469/758/214
f 453/816/294 469/758/214 470/759/215
f 486/817/312 512/828/329 484/773/224
f 508/818/326 482/771/309 494/819/318
f 483/804/310 508/802/326 473/762/96
f 505/797/323 456/745/295 488/777/96
f 511/822/328 479/821/306 488/777/96
f 461/799/299 460/823/298 487/776/96
f 506/796/324 492/781/316 491/780/315
f 460/823/298 478/807/305 510/808/96
f 511/822/328 471/760/96 473/762/96
f 491/798/315 489/806/313 457/746/296
f 513/829/294 514/830/86 515/831/203
f 516/832/330 517/833/296 518/834/96
f 519/835/331 520/836/332 521/837/333
f 522/838/208 523/839/334 518/834/96
f 524/840/209 522/838/208 518/834/96
f 525/841/210 524/840/209 518/834/96
f 526/842/211 525/841/210 518/834/96
f 527/843/335 526/842/211 518/834/96
f 528/844/213 527/843/335 518/834/96
f 529/845/214 528/844/213 518/834/96
f 530/846/215 529/845/214 518/834/96
f 531/847/96 532/848/336 533/849/96
f 534/850/337 535/851/218 536/852/219
f 523/839/334 516/832/330 518/834/96
f 537/853/338 538/854/96 539/855/339
f 540/856/340 541/857/341 542/858/342
f 543/859/343 544/860/344 520/836/332
f 538/854/96 531/847/96 533/849/96
f 545/861/345 546/862/346 544/860/344
f 547/863/347 548/864/348 549/865/349
f 550/866/350 551/867/351 541/857/341
f 552/868/352 553/869/353 546/862/346
f 514/830/86 554/870/313 555/871/354
f 555/871/354 556/872/355 557/873/356
f 558/874/357 559/875/358 551/867/351
f 560/876/319 515/831/203 561/877/233
f 562/878/320 561/877/233 563/879/91
f 564/880/359 563/881/91 565/882/236
f 566/883/237 565/882/236 567/884/322
f 568/885/239 567/884/322 569/886/9
f 536/852/219 568/885/239 569/886/9
f 516/832/330 537/853/338 539/855/339
f 570/887/360 542/858/342 571/888/361
f 516/832/330 570/889/360 556/890/355
f 521/891/333 523/839/334 572/892/362
f 573/893/363 532/848/336 574/894/364
f 575/895/365 553/896/353 548/897/348
f 576/898/327 517/833/296 554/899/313
f 556/890/355 517/833/296 516/832/330
f 571/888/361 556/872/355 570/887/360
f 546/900/346 575/895/365 531/847/96
f 534/850/337 521/837/333 572/901/362
f 572/892/362 522/838/208 535/902/218
f 535/902/218 524/840/209 568/903/239
f 566/904/237 524/840/209 525/841/210
f 564/905/359 525/841/210 526/842/211
f 562/906/320 526/842/211 527/843/335
f 560/907/319 527/843/335 528/844/213
f 560/907/319 529/845/214 513/908/294
f 513/908/294 530/846/215 576/898/327
f 553/909/353 549/865/349 548/864/348
f 574/910/364 559/911/358 573/912/363
f 574/894/364 575/895/365 548/897/348
f 550/913/350 533/849/96 558/914/357
f 520/915/332 577/916/96 537/853/338
f 521/891/333 537/853/338 523/839/334
f 558/914/357 532/848/336 573/893/363
f 546/900/346 577/916/96 544/917/344
f 570/889/360 539/855/339 540/918/340
f 550/913/350 539/855/339 538/854/96
f 517/833/296 530/846/215 518/834/96
f 513/829/294 576/919/327 514/830/86
f 519/835/331 543/859/343 520/836/332
f 531/847/96 575/895/365 532/848/336
f 534/850/337 572/901/362 535/851/218
f 537/853/338 577/916/96 538/854/96
f 540/856/340 550/866/350 541/857/341
f 543/859/343 545/861/345 544/860/344
f 538/854/96 577/916/96 531/847/96
f 545/861/345 552/868/352 546/862/346
f 547/863/347 574/910/364 548/864/348
f 550/866/350 558/874/357 551/867/351
f 552/868/352 578/920/366 553/869/353
f 514/830/86 576/919/327 554/870/313
f 555/871/354 554/870/313 556/872/355
f 558/874/357 573/921/363 559/875/358
f 560/876/319 513/829/294 515/831/203
f 562/878/320 560/876/319 561/877/233
f 564/880/359 562/922/320 563/881/91
f 566/883/237 564/880/359 565/882/236
f 568/885/239 566/883/237 567/884/322
f 536/852/219 535/851/218 568/885/239
f 516/832/330 523/839/334 537/853/338
f 570/887/360 540/856/340 542/858/342
f 576/898/327 530/846/215 517/833/296
f 556/890/355 554/899/313 517/833/296
f 571/888/361 557/873/356 556/872/355
f 546/900/346 553/896/353 575/895/365
f 534/850/337 519/835/331 521/837/333
f 572/892/362 523/839/334 522/838/208
f 535/902/218 522/838/208 524/840/209
f 566/904/237 568/903/239 524/840/209
f 564/905/359 566/904/237 525/841/210
f 562/906/320 564/905/359 526/842/211
f 560/907/319 562/906/320 527/843/335
f 560/907/319 528/844/213 529/845/214
f 513/908/294 529/845/214 530/846/215
f 553/909/353 578/923/366 549/865/349
f 574/910/364 547/863/347 559/911/358
f 574/894/364 532/848/336 575/895/365
f 550/913/350 538/854/96 533/849/96
f 520/915/332 544/917/344 577/916/96
f 521/891/333 520/915/332 537/853/338
f 558/914/357 533/849/96 532/848/336
f 546/900/346 531/847/96 577/916/96
f 570/889/360 516/832/330 539/855/339
f 550/913/350 540/918/340 539/855/339
f 579/924/1 580/925/2 581/926/3
f 582/927/287 583/928/367 584/929/368
f 585/930/7 586/931/8 587/932/9
f 588/933/249 585/930/7 587/932/9
f 589/934/11 588/933/249 587/932/9
f 590/935/12 591/936/13 587/932/9
f 592/937/14 590/935/12 587/932/9
f 593/938/369 589/934/11 587/932/9
f 591/936/13 593/938/369 587/932/9
f 594/939/86 595/940/17 596/941/18
f 597/942/19 598/943/20 587/932/9
f 599/944/370 597/942/19 587/932/9
f 586/931/8 599/944/370 587/932/9
f 600/945/22 581/926/3 601/946/23
f 602/947/24 603/948/253 580/949/2
f 604/950/371 605/951/254 603/948/253
f 606/952/372 607/953/373 605/951/254
f 608/954/30 609/955/31 607/953/373
f 610/956/32 611/957/33 609/955/31
f 612/958/374 613/959/35 611/957/33
f 614/960/36 615/961/375 613/959/35
f 616/962/38 617/963/376 615/961/375
f 618/964/40 619/965/377 617/963/376
f 620/966/42 601/946/23 619/965/377
f 621/967/43 592/937/14 587/932/9
f 622/968/86 595/940/17 623/969/86
f 594/939/86 624/970/46 625/971/86
f 626/972/86 627/973/49 628/974/86
f 582/975/86 629/976/378 626/972/86
f 584/977/86 630/978/52 582/975/86
f 584/977/86 631/979/379 632/980/54
f 633/981/86 634/982/56 631/979/379
f 635/983/86 634/982/56 636/984/86
f 637/985/86 638/986/60 635/983/86
f 625/971/86 639/987/380 637/985/86
f 594/988/381 640/989/62 623/990/382
f 622/968/86 627/973/49 641/991/383
f 625/992/277 642/993/384 594/988/381
f 623/994/382 643/995/385 622/996/386
f 622/996/386 644/997/387 628/998/388
f 635/999/389 645/1000/67 637/1001/278
f 584/929/368 646/1002/390 633/1003/391
f 628/998/388 647/1004/69 626/1005/289
f 637/1001/278 648/1006/70 625/992/277
f 633/1003/391 649/1007/392 636/1008/393
f 626/1005/289 650/1009/72 582/927/287
f 636/1008/393 651/1010/394 635/999/389
f 579/1011/1 595/940/17 602/1012/24
f 602/1012/24 641/991/383 604/1013/371
f 604/1013/371 627/973/49 606/1014/372
f 606/1014/372 629/976/378 608/1015/30
f 608/1015/30 630/978/52 610/1016/32
f 612/1017/374 630/978/52 632/980/54
f 612/1017/374 631/979/379 614/1018/36
f 614/1018/36 634/982/56 616/1019/38
f 618/1020/40 634/982/56 638/986/60
f 620/1021/42 638/986/60 639/987/380
f 620/1021/42 624/970/46 600/1022/22
f 579/1011/1 624/970/46 596/941/18
f 581/1023/3 592/937/14 621/967/43
f 580/1024/2 590/935/12 592/937/14
f 603/1025/253 591/936/13 590/935/12
f 605/1026/254 593/938/369 591/936/13
f 609/1027/31 593/938/369 607/1028/373
f 611/1029/33 589/934/11 609/1027/31
f 611/1029/33 585/930/7 588/933/249
f 613/1030/35 586/931/8 585/930/7
f 617/1031/376 586/931/8 615/1032/375
f 619/1033/377 599/944/370 617/1031/376
f 619/1033/377 598/943/20 597/942/19
f 581/1023/3 598/943/20 601/1034/23
f 642/1035/384 652/1036/265 640/1037/62
f 640/1037/62 653/1038/395 643/1039/385
f 644/1040/387 653/1038/395 654/1041/396
f 644/1040/387 655/1042/77 647/1043/69
f 647/1043/69 656/1044/397 650/1045/72
f 650/1045/72 657/1046/79 583/1047/367
f 583/1047/367 658/1048/398 646/1049/390
f 649/1050/392 658/1048/398 659/1051/273
f 649/1050/392 660/1052/82 651/1053/394
f 651/1053/394 661/1054/83 645/1055/67
f 648/1056/70 661/1054/83 662/1057/84
f 642/1035/384 662/1057/84 663/1058/399
f 598/943/20 621/967/43 587/932/9
f 652/1036/265 663/1058/399 664/1059/86
f 663/1058/399 662/1057/84 664/1059/86
f 662/1057/84 661/1054/83 664/1059/86
f 661/1054/83 660/1052/82 664/1059/86
f 660/1052/82 659/1051/273 664/1059/86
f 659/1051/273 658/1048/398 664/1059/86
f 658/1048/398 657/1046/79 664/1059/86
f 657/1046/79 656/1044/397 664/1059/86
f 656/1044/397 655/1042/77 664/1059/86
f 655/1042/77 654/1041/396 664/1059/86
f 654/1041/396 653/1038/395 664/1059/86
f 653/1038/395 652/1036/265 664/1059/86
f 579/924/1 602/1060/24 580/925/2
f 582/927/287 650/1009/72 583/928/367
f 594/939/86 623/969/86 595/940/17
f 600/945/22 579/924/1 581/926/3
f 602/947/24 604/950/371 603/948/253
f 604/950/371 606/952/372 605/951/254
f 606/952/372 608/954/30 607/953/373
f 608/954/30 610/956/32 609/955/31
f 610/956/32 612/958/374 611/957/33
f 612/958/374 614/960/36 613/959/35
f 614/960/36 616/962/38 615/961/375
f 616/962/38 618/964/40 617/963/376
f 618/964/40 620/966/42 619/965/377
f 620/966/42 600/945/22 601/946/23
f 622/968/86 641/991/383 595/940/17
f 594/939/86 596/941/18 624/970/46
f 626/972/86 629/976/378 627/973/49
f 582/975/86 630/978/52 629/976/378
f 584/977/86 632/980/54 630/978/52
f 584/977/86 633/981/86 631/979/379
f 633/981/86 636/984/86 634/982/56
f 635/983/86 638/986/60 634/982/56
f 637/985/86 639/987/380 638/986/60
f 625/971/86 624/970/46 639/987/380
f 594/988/381 642/993/384 640/989/62
f 622/968/86 628/974/86 627/973/49
f 625/992/277 648/1006/70 642/993/384
f 623/994/382 640/1061/62 643/995/385
f 622/996/386 643/995/385 644/997/387
f 635/999/389 651/1010/394 645/1000/67
f 584/929/368 583/928/367 646/1002/390
f 628/998/388 644/997/387 647/1004/69
f 637/1001/278 645/1000/67 648/1006/70
f 633/1003/391 646/1002/390 649/1007/392
f 626/1005/289 647/1004/69 650/1009/72
f 636/1008/393 649/1007/392 651/1010/394
f 579/1011/1 596/941/18 595/940/17
f 602/1012/24 595/940/17 641/991/383
f 604/1013/371 641/991/383 627/973/49
f 606/1014/372 627/973/49 629/976/378
f 608/1015/30 629/976/378 630/978/52
f 612/1017/374 610/1016/32 630/978/52
f 612/1017/374 632/980/54 631/979/379
f 614/1018/36 631/979/379 634/982/56
f 618/1020/40 616/1019/38 634/982/56
f 620/1021/42 618/1020/40 638/986/60
f 620/1021/42 639/987/380 624/970/46
f 579/1011/1 600/1022/22 624/970/46
f 581/1023/3 580/1024/2 592/937/14
f 580/1024/2 603/1025/253 590/935/12
f 603/1025/253 605/1026/254 591/936/13
f 605/1026/254 607/1028/373 593/938/369
f 609/1027/31 589/934/11 593/938/369
f 611/1029/33 588/933/249 589/934/11
f 611/1029/33 613/1030/35 585/930/7
f 613/1030/35 615/1032/375 586/931/8
f 617/1031/376 599/944/370 586/931/8
f 619/1033/377 597/942/19 599/944/370
f 619/1033/377 601/1034/23 598/943/20
f 581/1023/3 621/967/43 598/943/20
f 642/1035/384 663/1058/399 652/1036/265
f 640/1037/62 652/1036/265 653/1038/395
f 644/1040/387 643/1039/385 653/1038/395
f 644/1040/387 654/1041/396 655/1042/77
f 647/1043/69 655/1042/77 656/1044/397
f 650/1045/72 656/1044/397 657/1046/79
f 583/1047/367 657/1046/79 658/1048/398
f 649/1050/392 646/1049/390 658/1048/398
f 649/1050/392 659/1051/273 660/1052/82
f 651/1053/394 660/1052/82 661/1054/83
f 648/1056/70 645/1055/67 661/1054/83
f 642/1035/384 648/1056/70 662/1057/84
f 665/1062/90 666/1063/90 667/1064/90
f 668/1065/91 669/1066/109 670/1067/101
f 671/1068/400 672/1069/401 673/1070/402
f 674/1071/95 675/1072/95 676/1073/95
f 677/1074/96 678/1075/96 679/1076/96
f 680/1077/403 681/1078/404 682/1079/405
f 683/1080/90 684/1081/90 685/1082/90
f 686/1083/100 687/1084/91 688/1085/91
f 689/1086/406 690/1087/407 691/1088/408
f 692/1089/95 693/1090/105 694/1091/105
f 695/1092/96 696/1093/96 697/1094/96
f 698/1095/409 699/1096/88 700/1097/89
f 701/1098/90 702/1099/90 703/1100/90
f 704/1101/100 705/1102/91 706/1103/91
f 707/1104/92 708/1105/93 709/1106/94
f 710/1107/410 711/1108/95 712/1109/95
f 713/1110/96 714/1111/96 715/1112/96
f 716/1113/411 667/1064/90 676/1114/95
f 666/1063/90 672/1115/401 674/1116/95
f 717/1117/412 675/1118/95 679/1076/96
f 718/1119/413 677/1074/96 719/1120/95
f 720/1121/414 669/1122/109 665/1062/90
f 673/1123/402 721/1124/90 722/1125/100
f 723/1126/415 678/1075/96 670/1127/101
f 671/1128/400 668/1129/91 724/1130/96
f 681/1131/404 684/1081/90 694/1132/105
f 725/1133/90 690/1134/407 692/1135/95
f 682/1136/405 693/1137/105 695/1092/96
f 726/1138/416 727/1139/96 728/1140/95
f 729/1141/417 687/1142/91 685/1082/90
f 691/1143/408 683/1080/90 730/1144/91
f 680/1145/403 697/1094/96 688/1146/91
f 689/1147/406 686/1148/100 696/1093/96
f 699/1149/88 702/1099/90 712/1150/95
f 731/1151/90 708/1152/93 710/1153/410
f 700/1154/89 711/1155/95 715/1112/96
f 732/1156/114 713/1110/96 733/1157/95
f 734/1158/115 705/1159/91 703/1100/90
f 709/1160/94 701/1098/90 735/1161/91
f 698/1162/409 714/1111/96 706/1163/91
f 707/1164/92 704/1165/100 736/1166/96
f 716/1167/411 675/1072/95 717/1168/412
f 667/1064/90 674/1116/95 676/1114/95
f 718/1169/413 674/1071/95 672/1069/401
f 679/1076/96 719/1120/95 677/1074/96
f 717/1117/412 678/1075/96 723/1126/415
f 718/1119/413 724/1130/96 677/1074/96
f 670/1127/101 724/1130/96 668/1129/91
f 723/1170/415 669/1171/109 720/1172/414
f 673/1173/402 668/1065/91 671/1174/400
f 721/1124/90 669/1122/109 722/1125/100
f 716/1113/411 665/1062/90 667/1064/90
f 672/1115/401 721/1124/90 673/1123/402
f 682/1079/405 694/1091/105 693/1090/105
f 725/1133/90 694/1132/105 684/1081/90
f 726/1175/416 692/1089/95 690/1087/407
f 727/1139/96 693/1137/105 728/1140/95
f 682/1136/405 697/1094/96 680/1145/403
f 689/1147/406 727/1139/96 726/1138/416
f 686/1148/100 697/1094/96 696/1093/96
f 680/1077/403 687/1176/91 729/1177/417
f 689/1178/406 730/1179/91 686/1083/100
f 685/1082/90 730/1144/91 683/1080/90
f 681/1131/404 685/1082/90 684/1081/90
f 691/1143/408 725/1133/90 683/1080/90
f 699/1096/88 711/1108/95 700/1097/89
f 731/1151/90 712/1150/95 702/1099/90
f 732/1180/114 710/1107/410 708/1105/93
f 715/1112/96 733/1157/95 713/1110/96
f 700/1154/89 714/1111/96 698/1162/409
f 707/1164/92 713/1110/96 732/1156/114
f 706/1163/91 736/1166/96 704/1165/100
f 698/1095/409 705/1181/91 734/1182/115
f 709/1183/94 704/1101/100 707/1184/92
f 703/1100/90 735/1161/91 701/1098/90
f 734/1158/115 702/1099/90 699/1149/88
f 708/1152/93 701/1098/90 709/1160/94
f 723/1170/415 716/1167/411 717/1168/412
f 665/1062/90 721/1124/90 666/1063/90
f 668/1065/91 722/1185/100 669/1066/109
f 671/1068/400 718/1169/413 672/1069/401
f 674/1071/95 719/1186/95 675/1072/95
f 677/1074/96 724/1130/96 678/1075/96
f 680/1077/403 729/1177/417 681/1078/404
f 683/1080/90 725/1133/90 684/1081/90
f 686/1083/100 730/1179/91 687/1084/91
f 689/1086/406 726/1175/416 690/1087/407
f 692/1089/95 728/1187/95 693/1090/105
f 695/1092/96 727/1139/96 696/1093/96
f 698/1095/409 734/1182/115 699/1096/88
f 701/1098/90 731/1151/90 702/1099/90
f 704/1101/100 735/1188/91 705/1102/91
f 707/1104/92 732/1180/114 708/1105/93
f 710/1107/410 733/1189/95 711/1108/95
f 713/1110/96 736/1166/96 714/1111/96
f 716/1167/411 676/1073/95 675/1072/95
f 667/1064/90 666/1063/90 674/1116/95
f 718/1169/413 719/1186/95 674/1071/95
f 679/1076/96 675/1118/95 719/1120/95
f 717/1117/412 679/1076/96 678/1075/96
f 718/1119/413 671/1128/400 724/1130/96
f 670/1127/101 678/1075/96 724/1130/96
f 723/1170/415 670/1190/101 669/1171/109
f 673/1173/402 722/1185/100 668/1065/91
f 721/1124/90 665/1062/90 669/1122/109
f 716/1113/411 720/1121/414 665/1062/90
f 672/1115/401 666/1063/90 721/1124/90
f 682/1079/405 681/1078/404 694/1091/105
f 725/1133/90 692/1135/95 694/1132/105
f 726/1175/416 728/1187/95 692/1089/95
f 727/1139/96 695/1092/96 693/1137/105
f 682/1136/405 695/1092/96 697/1094/96
f 689/1147/406 696/1093/96 727/1139/96
f 686/1148/100 688/1146/91 697/1094/96
f 680/1077/403 688/1191/91 687/1176/91
f 689/1178/406 691/1192/408 730/1179/91
f 685/1082/90 687/1142/91 730/1144/91
f 681/1131/404 729/1141/417 685/1082/90
f 691/1143/408 690/1134/407 725/1133/90
f 699/1096/88 712/1109/95 711/1108/95
f 731/1151/90 710/1153/410 712/1150/95
f 732/1180/114 733/1189/95 710/1107/410
f 715/1112/96 711/1155/95 733/1157/95
f 700/1154/89 715/1112/96 714/1111/96
f 707/1164/92 736/1166/96 713/1110/96
f 706/1163/91 714/1111/96 736/1166/96
f 698/1095/409 706/1193/91 705/1181/91
f 709/1183/94 735/1188/91 704/1101/100
f 703/1100/90 705/1159/91 735/1161/91
f 734/1158/115 703/1100/90 702/1099/90
f 708/1152/93 731/1151/90 701/1098/90
f 723/1170/415 720/1172/414 716/1167/411
f 737/1194/418 738/1195/419 739/1196/420
f 740/1197/421 741/1198/86 742/1199/422
f 743/1200/423 744/1201/424 745/1202/425
f 746/1203/426 747/1204/427 748/1205/428
f 749/1206/429 750/1207/430 751/1208/431
f 752/1209/432 742/1199/422 744/1201/424
f 745/1202/425 753/1210/433 743/1200/423
f 754/1211/434 755/1212/435 756/1213/436
f 738/1195/419 749/1206/429 739/1196/420
f 757/1214/437 758/1215/438 759/1216/439
f 760/1217/440 757/1214/437 759/1216/439
f 761/1218/441 762/1219/442 763/1220/443
f 747/1204/427 764/1221/444 748/1205/428
f 765/1222/445 766/1223/446 767/1224/447
f 768/1225/448 769/1226/449 770/1227/450
f 771/1228/451 772/1229/452 746/1203/426
f 741/1230/86 773/1231/453 737/1194/418
f 774/1232/454 775/1233/455 776/1234/456
f 777/1235/457 778/1236/458 779/1237/459
f 780/1238/460 781/1239/9 782/1240/322
f 783/1241/461 784/1242/462 785/1243/236
f 786/1244/463 787/1245/464 788/1246/465
f 789/1247/466 790/1248/467 791/1249/468
f 784/1242/462 782/1240/322 785/1243/236
f 783/1241/461 792/1250/469 793/1251/470
f 794/1252/471 766/1223/446 795/1253/472
f 779/1237/459 789/1247/466 791/1249/468
f 796/1254/473 754/1211/434 756/1213/436
f 797/1255/474 798/1256/475 799/1257/476
f 798/1256/475 800/1258/477 801/1259/478
f 802/1260/479 786/1244/463 803/1261/480
f 804/1262/481 805/1263/482 806/1264/483
f 788/1246/465 807/1265/484 796/1254/473
f 781/1266/9 808/1267/485 777/1235/457
f 809/1268/486 799/1257/476 755/1212/435
f 810/1269/487 811/1270/488 812/1271/489
f 813/1272/490 812/1271/489 814/1273/491
f 815/1274/492 816/1275/493 811/1270/488
f 817/1276/494 818/1277/495 819/1278/496
f 820/1279/497 821/1280/498 822/1281/499
f 823/1282/500 824/1283/501 817/1276/494
f 825/1284/502 826/1285/503 823/1282/500
f 827/1286/504 828/1287/505 825/1284/502
f 827/1286/504 814/1273/491 829/1288/506
f 807/1265/484 830/1289/507 754/1211/434
f 831/1290/508 832/1291/509 830/1289/507
f 833/1292/510 834/1293/511 832/1291/509
f 835/1294/512 836/1295/513 834/1293/511
f 837/1296/514 836/1295/513 838/1297/515
f 839/1298/516 840/1299/517 837/1296/514
f 776/1234/456 841/1300/518 839/1298/516
f 842/1301/519 763/1220/443 843/1302/520
f 787/1245/464 831/1290/508 807/1265/484
f 844/1303/521 833/1292/510 831/1290/508
f 845/1304/522 835/1294/512 833/1292/510
f 846/1305/523 835/1294/512 847/1306/524
f 848/1307/525 838/1297/515 846/1305/523
f 849/1308/526 837/1296/514 848/1307/525
f 758/1215/438 839/1298/516 849/1308/526
f 850/1309/527 851/1310/528 762/1219/442
f 852/1311/529 844/1303/521 787/1245/464
f 853/1312/530 845/1304/522 844/1303/521
f 854/1313/531 847/1306/524 845/1304/522
f 855/1314/532 846/1305/523 847/1306/524
f 856/1315/533 846/1305/523 857/1316/534
f 858/1317/535 848/1307/525 856/1315/533
f 759/1216/439 849/1308/526 858/1317/535
f 859/1318/536 776/1234/456 758/1215/438
f 860/1319/537 764/1221/444 861/1320/538
f 804/1262/481 862/1321/539 863/1322/540
f 864/1323/541 865/1324/542 862/1321/539
f 866/1325/543 865/1324/542 867/1326/544
f 868/1327/545 869/1328/546 866/1325/543
f 870/1329/547 871/1330/548 868/1327/545
f 870/1329/547 795/1253/472 872/1331/549
f 873/1332/550 769/1226/449 851/1310/528
f 802/1260/479 853/1312/530 852/1311/529
f 874/1333/551 854/1313/531 853/1312/530
f 875/1334/552 854/1313/531 876/1335/553
f 875/1334/552 857/1316/534 855/1314/532
f 877/1336/554 856/1315/533 857/1316/534
f 878/1337/555 856/1315/533 879/1338/556
f 760/1217/440 858/1317/535 878/1337/555
f 880/1339/557 881/1340/558 882/1341/559
f 883/1342/560 800/1258/477 884/1343/561
f 885/1344/562 886/1345/563 883/1342/560
f 885/1344/562 887/1346/564 888/1347/565
f 889/1348/566 890/1349/567 887/1346/564
f 891/1350/568 890/1349/567 892/1351/569
f 891/1350/568 861/1320/538 893/1352/570
f 894/1353/571 895/1354/572 896/1355/573
f 897/1356/574 884/1343/561 797/1255/474
f 898/1357/575 883/1342/560 897/1356/574
f 899/1358/576 885/1344/562 898/1357/575
f 900/1359/577 889/1348/566 899/1358/576
f 900/1359/577 891/1350/568 892/1351/569
f 901/1360/578 860/1319/537 891/1350/568
f 902/1361/579 748/1205/428 860/1319/537
f 903/1362/580 882/1341/559 881/1340/558
f 904/1363/581 797/1255/474 809/1268/486
f 905/1364/582 897/1356/574 904/1363/581
f 906/1365/583 898/1357/575 905/1364/582
f 907/1366/584 899/1358/576 906/1365/583
f 907/1366/584 901/1360/578 900/1359/577
f 908/1367/585 902/1361/579 901/1360/578
f 909/1368/586 746/1203/426 902/1361/579
f 910/1369/587 911/1370/588 903/1362/580
f 830/1289/507 809/1268/486 754/1211/434
f 832/1291/509 904/1363/581 830/1289/507
f 834/1293/511 905/1364/582 832/1291/509
f 836/1295/513 906/1365/583 834/1293/511
f 836/1295/513 908/1367/585 907/1366/584
f 840/1299/517 909/1368/586 908/1367/585
f 841/1300/518 771/1228/451 909/1368/586
f 842/1301/519 912/1371/589 910/1369/587
f 765/1372/445 913/1373/590 880/1339/557
f 768/1374/448 770/1375/450 914/1376/591
f 915/1377/592 750/1207/430 769/1226/449
f 880/1339/557 753/1210/433 895/1354/572
f 805/1378/482 819/1278/496 818/1277/495
f 806/1379/483 916/1380/593 801/1259/478
f 917/1381/594 918/1382/595 816/1275/493
f 818/1277/495 792/1250/469 821/1280/498
f 919/1383/596 763/1220/443 773/1231/453
f 773/1231/453 762/1219/442 738/1195/419
f 920/1384/597 762/1219/442 851/1310/528
f 880/1339/557 915/1377/592 769/1226/449
f 851/1310/528 750/1207/430 920/1384/597
f 882/1341/559 753/1210/433 880/1339/557
f 921/1385/598 895/1354/572 753/1210/433
f 915/1377/592 751/1386/431 750/1207/430
f 743/1200/423 911/1370/588 752/1209/432
f 740/1197/421 911/1370/588 912/1371/589
f 919/1383/596 912/1371/589 843/1302/520
f 873/1387/550 859/1318/536 757/1214/437
f 768/1225/448 880/1339/557 769/1226/449
f 757/1214/437 770/1375/450 873/1387/550
f 747/1204/427 913/1388/590 922/1389/599
f 881/1390/558 772/1229/452 903/1391/580
f 903/1391/580 923/1392/600 910/1393/587
f 910/1393/587 924/1394/601 842/1395/519
f 925/1396/602 814/1273/491 808/1267/485
f 808/1267/485 812/1271/489 778/1236/458
f 789/1247/466 812/1271/489 811/1270/488
f 816/1275/493 821/1280/498 917/1381/594
f 811/1270/488 918/1382/595 789/1247/466
f 824/1283/501 792/1250/469 818/1277/495
f 926/1397/603 821/1280/498 792/1250/469
f 820/1279/497 918/1382/595 917/1381/594
f 793/1251/470 826/1285/503 784/1242/462
f 780/1238/460 826/1285/503 828/1287/505
f 925/1396/602 828/1287/505 829/1288/506
f 813/1398/490 756/1213/436 755/1212/435
f 810/1399/487 755/1212/435 799/1257/476
f 815/1400/492 799/1257/476 798/1256/475
f 805/1378/482 816/1275/493 806/1401/483
f 798/1256/475 916/1380/593 815/1400/492
f 786/1244/463 819/1402/496 803/1261/480
f 817/1403/494 788/1246/465 823/1404/500
f 823/1404/500 796/1254/473 825/1405/502
f 825/1405/502 756/1213/436 827/1406/504
f 806/1401/483 816/1275/493 916/1407/593
f 767/1408/447 922/1389/599 765/1409/445
f 914/1376/591 766/1223/446 768/1374/448
f 863/1322/540 803/1261/480 805/1263/482
f 801/1259/478 804/1410/481 806/1379/483
f 850/1411/527 774/1232/454 859/1318/536
f 761/1412/441 924/1394/601 774/1232/454
f 878/1337/555 766/1223/446 760/1217/440
f 879/1338/556 795/1253/472 878/1337/555
f 877/1336/554 872/1331/549 879/1338/556
f 877/1336/554 869/1328/546 871/1330/548
f 875/1334/552 865/1324/542 869/1328/546
f 876/1335/553 862/1321/539 865/1324/542
f 874/1333/551 863/1322/540 862/1321/539
f 767/1408/447 861/1320/538 764/1221/444
f 794/1413/471 893/1352/570 861/1320/538
f 870/1414/547 890/1349/567 893/1352/570
f 868/1415/545 887/1346/564 890/1349/567
f 867/1416/544 887/1346/564 866/1417/543
f 864/1418/541 888/1347/565 867/1416/544
f 804/1410/481 886/1345/563 864/1418/541
f 775/1233/455 923/1392/600 771/1228/451
f 765/1409/445 922/1389/599 913/1388/590
f 805/1263/482 803/1261/480 819/1402/496
f 737/1194/418 773/1231/453 738/1195/419
f 740/1197/421 919/1383/596 741/1198/86
f 743/1200/423 752/1209/432 744/1201/424
f 746/1203/426 772/1229/452 747/1204/427
f 749/1206/429 920/1384/597 750/1207/430
f 752/1209/432 740/1197/421 742/1199/422
f 745/1202/425 921/1419/598 753/1210/433
f 754/1211/434 809/1268/486 755/1212/435
f 738/1195/419 920/1384/597 749/1206/429
f 757/1214/437 859/1318/536 758/1215/438
f 760/1217/440 914/1376/591 757/1214/437
f 761/1218/441 850/1309/527 762/1219/442
f 747/1204/427 922/1389/599 764/1221/444
f 765/1222/445 768/1374/448 766/1223/446
f 771/1228/451 923/1392/600 772/1229/452
f 741/1230/86 919/1383/596 773/1231/453
f 774/1232/454 924/1394/601 775/1233/455
f 777/1235/457 808/1267/485 778/1236/458
f 780/1238/460 925/1396/602 781/1239/9
f 783/1241/461 793/1251/470 784/1242/462
f 786/1244/463 852/1311/529 787/1245/464
f 789/1247/466 918/1382/595 790/1248/467
f 784/1242/462 780/1238/460 782/1240/322
f 783/1241/461 926/1420/603 792/1250/469
f 794/1252/471 767/1224/447 766/1223/446
f 779/1237/459 778/1236/458 789/1247/466
f 796/1254/473 807/1265/484 754/1211/434
f 797/1255/474 884/1343/561 798/1256/475
f 798/1256/475 884/1343/561 800/1258/477
f 802/1260/479 852/1311/529 786/1244/463
f 804/1262/481 863/1322/540 805/1263/482
f 788/1246/465 787/1245/464 807/1265/484
f 781/1266/9 925/1396/602 808/1267/485
f 809/1268/486 797/1255/474 799/1257/476
f 810/1269/487 815/1274/492 811/1270/488
f 813/1272/490 810/1269/487 812/1271/489
f 815/1274/492 916/1407/593 816/1275/493
f 817/1276/494 824/1283/501 818/1277/495
f 820/1279/497 917/1381/594 821/1280/498
f 823/1282/500 826/1285/503 824/1283/501
f 825/1284/502 828/1287/505 826/1285/503
f 827/1286/504 829/1288/506 828/1287/505
f 827/1286/504 813/1272/490 814/1273/491
f 807/1265/484 831/1290/508 830/1289/507
f 831/1290/508 833/1292/510 832/1291/509
f 833/1292/510 835/1294/512 834/1293/511
f 835/1294/512 838/1297/515 836/1295/513
f 837/1296/514 840/1299/517 836/1295/513
f 839/1298/516 841/1300/518 840/1299/517
f 776/1234/456 775/1233/455 841/1300/518
f 842/1301/519 761/1218/441 763/1220/443
f 787/1245/464 844/1303/521 831/1290/508
f 844/1303/521 845/1304/522 833/1292/510
f 845/1304/522 847/1306/524 835/1294/512
f 846/1305/523 838/1297/515 835/1294/512
f 848/1307/525 837/1296/514 838/1297/515
f 849/1308/526 839/1298/516 837/1296/514
f 758/1215/438 776/1234/456 839/1298/516
f 850/1309/527 873/1332/550 851/1310/528
f 852/1311/529 853/1312/530 844/1303/521
f 853/1312/530 854/1313/531 845/1304/522
f 854/1313/531 855/1314/532 847/1306/524
f 855/1314/532 857/1316/534 846/1305/523
f 856/1315/533 848/1307/525 846/1305/523
f 858/1317/535 849/1308/526 848/1307/525
f 759/1216/439 758/1215/438 849/1308/526
f 859/1318/536 774/1232/454 776/1234/456
f 860/1319/537 748/1205/428 764/1221/444
f 804/1262/481 864/1323/541 862/1321/539
f 864/1323/541 867/1326/544 865/1324/542
f 866/1325/543 869/1328/546 865/1324/542
f 868/1327/545 871/1330/548 869/1328/546
f 870/1329/547 872/1331/549 871/1330/548
f 870/1329/547 794/1252/471 795/1253/472
f 873/1332/550 770/1227/450 769/1226/449
f 802/1260/479 874/1333/551 853/1312/530
f 874/1333/551 876/1335/553 854/1313/531
f 875/1334/552 855/1314/532 854/1313/531
f 875/1334/552 877/1336/554 857/1316/534
f 877/1336/554 879/1338/556 856/1315/533
f 878/1337/555 858/1317/535 856/1315/533
f 760/1217/440 759/1216/439 858/1317/535
f 880/1339/557 913/1373/590 881/1340/558
f 883/1342/560 886/1345/563 800/1258/477
f 885/1344/562 888/1347/565 886/1345/563
f 885/1344/562 889/1348/566 887/1346/564
f 889/1348/566 892/1351/569 890/1349/567
f 891/1350/568 893/1352/570 890/1349/567
f 891/1350/568 860/1319/537 861/1320/538
f 894/1353/571 915/1377/592 895/1354/572
f 897/1356/574 883/1342/560 884/1343/561
f 898/1357/575 885/1344/562 883/1342/560
f 899/1358/576 889/1348/566 885/1344/562
f 900/1359/577 892/1351/569 889/1348/566
f 900/1359/577 901/1360/578 891/1350/568
f 901/1360/578 902/1361/579 860/1319/537
f 902/1361/579 746/1203/426 748/1205/428
f 903/1362/580 911/1370/588 882/1341/559
f 904/1363/581 897/1356/574 797/1255/474
f 905/1364/582 898/1357/575 897/1356/574
f 906/1365/583 899/1358/576 898/1357/575
f 907/1366/584 900/1359/577 899/1358/576
f 907/1366/584 908/1367/585 901/1360/578
f 908/1367/585 909/1368/586 902/1361/579
f 909/1368/586 771/1228/451 746/1203/426
f 910/1369/587 912/1371/589 911/1370/588
f 830/1289/507 904/1363/581 809/1268/486
f 832/1291/509 905/1364/582 904/1363/581
f 834/1293/511 906/1365/583 905/1364/582
f 836/1295/513 907/1366/584 906/1365/583
f 836/1295/513 840/1299/517 908/1367/585
f 840/1299/517 841/1300/518 909/1368/586
f 841/1300/518 775/1233/455 771/1228/451
f 842/1301/519 843/1302/520 912/1371/589
f 919/1383/596 843/1302/520 763/1220/443
f 773/1231/453 763/1220/443 762/1219/442
f 920/1384/597 738/1195/419 762/1219/442
f 880/1339/557 895/1354/572 915/1377/592
f 851/1310/528 769/1226/449 750/1207/430
f 882/1341/559 743/1200/423 753/1210/433
f 921/1385/598 896/1355/573 895/1354/572
f 915/1377/592 894/1353/571 751/1386/431
f 743/1200/423 882/1341/559 911/1370/588
f 740/1197/421 752/1209/432 911/1370/588
f 919/1383/596 740/1197/421 912/1371/589
f 873/1387/550 850/1411/527 859/1318/536
f 768/1225/448 765/1372/445 880/1339/557
f 757/1214/437 914/1376/591 770/1375/450
f 747/1204/427 881/1390/558 913/1388/590
f 881/1390/558 747/1204/427 772/1229/452
f 903/1391/580 772/1229/452 923/1392/600
f 910/1393/587 923/1392/600 924/1394/601
f 925/1396/602 829/1288/506 814/1273/491
f 808/1267/485 814/1273/491 812/1271/489
f 789/1247/466 778/1236/458 812/1271/489
f 816/1275/493 818/1277/495 821/1280/498
f 811/1270/488 816/1275/493 918/1382/595
f 824/1283/501 793/1251/470 792/1250/469
f 926/1397/603 822/1281/499 821/1280/498
f 820/1279/497 790/1421/467 918/1382/595
f 793/1251/470 824/1283/501 826/1285/503
f 780/1238/460 784/1242/462 826/1285/503
f 925/1396/602 780/1238/460 828/1287/505
f 813/1398/490 827/1406/504 756/1213/436
f 810/1399/487 813/1398/490 755/1212/435
f 815/1400/492 810/1399/487 799/1257/476
f 805/1378/482 818/1277/495 816/1275/493
f 798/1256/475 801/1259/478 916/1380/593
f 786/1244/463 817/1403/494 819/1402/496
f 817/1403/494 786/1244/463 788/1246/465
f 823/1404/500 788/1246/465 796/1254/473
f 825/1405/502 796/1254/473 756/1213/436
f 767/1408/447 764/1221/444 922/1389/599
f 914/1376/591 760/1217/440 766/1223/446
f 863/1322/540 802/1260/479 803/1261/480
f 801/1259/478 800/1258/477 804/1410/481
f 850/1411/527 761/1412/441 774/1232/454
f 761/1412/441 842/1395/519 924/1394/601
f 878/1337/555 795/1253/472 766/1223/446
f 879/1338/556 872/1331/549 795/1253/472
f 877/1336/554 871/1330/548 872/1331/549
f 877/1336/554 875/1334/552 869/1328/546
f 875/1334/552 876/1335/553 865/1324/542
f 876/1335/553 874/1333/551 862/1321/539
f 874/1333/551 802/1260/479 863/1322/540
f 767/1408/447 794/1413/471 861/1320/538
f 794/1413/471 870/1414/547 893/1352/570
f 870/1414/547 868/1415/545 890/1349/567
f 868/1415/545 866/1417/543 887/1346/564
f 867/1416/544 888/1347/565 887/1346/564
f 864/1418/541 886/1345/563 888/1347/565
f 804/1410/481 800/1258/477 886/1345/563
f 775/1233/455 924/1394/601 923/1392/600
f 927/1422/12 928/1423/604 929/1424/9
f 928/1423/604 930/1425/15 929/1424/9
f 930/1425/15 931/1426/605 929/1424/9
f 931/1426/605 932/1427/606 929/1424/9
f 932/1427/606 933/1428/607 929/1424/9
f 933/1428/607 934/1429/608 929/1424/9
f 934/1429/608 935/1430/609 929/1424/9
f 935/1430/609 936/1431/610 929/1424/9
f 936/1431/610 937/1432/611 929/1424/9
f 938/1433/612 939/1434/613 940/1435/614
f 941/1436/86 942/1437/615 943/1438/616
f 941/1436/86 944/1439/617 942/1437/615
f 941/1436/86 945/1440/618 944/1439/617
f 941/1436/86 946/1441/619 945/1440/618
f 941/1436/86 947/1442/620 946/1441/619
f 941/1436/86 948/1443/621 947/1442/620
f 941/1436/86 949/1444/622 948/1443/621
f 941/1436/86 950/1445/623 949/1444/622
f 941/1436/86 951/1446/624 950/1445/623
f 941/1436/86 952/1447/625 951/1446/624
f 941/1436/86 953/1448/626 952/1447/625
f 943/1438/616 954/1449/627 953/1448/626
f 955/1450/628 956/1451/629 957/1452/630
f 937/1432/611 958/1453/631 929/1424/9
f 959/1454/632 955/1450/628 957/1452/630
f 941/1436/86 943/1438/616 953/1448/626
f 960/1455/633 961/1456/634 962/1457/635
f 962/1457/635 963/1458/636 964/1459/637
f 964/1459/637 965/1460/638 966/1461/639
f 966/1461/639 967/1462/640 968/1463/641
f 968/1463/641 969/1464/642 970/1465/643
f 970/1465/643 971/1466/644 972/1467/645
f 972/1467/645 973/1468/646 974/1469/647
f 974/1469/647 975/1470/648 976/1471/649
f 976/1471/649 977/1472/650 959/1454/632
f 958/1453/631 978/1473/651 979/1474/652
f 938/1433/612 980/1475/653 960/1455/633
f 981/1476/654 927/1422/12 929/1424/9
f 955/1477/628 981/1476/654 958/1453/631
f 977/1478/650 927/1422/12 981/1476/654
f 975/1479/648 928/1423/604 927/1422/12
f 973/1480/646 930/1425/15 928/1423/604
f 969/1481/642 930/1425/15 971/1482/644
f 967/1483/640 931/1426/605 969/1481/642
f 967/1483/640 933/1428/607 932/1427/606
f 965/1484/638 934/1429/608 933/1428/607
f 961/1485/634 934/1429/608 963/1486/636
f 980/1487/653 935/1430/609 961/1485/634
f 940/1488/614 936/1431/610 980/1487/653
f 957/1489/630 942/1437/615 959/1490/632
f 959/1490/632 944/1439/617 976/1491/649
f 976/1491/649 945/1440/618 974/1492/647
f 974/1492/647 946/1441/619 972/1493/645
f 972/1493/645 947/1442/620 970/1494/643
f 968/1495/641 947/1442/620 948/1443/621
f 968/1495/641 949/1444/622 966/1496/639
f 966/1496/639 950/1445/623 964/1497/637
f 962/1498/635 950/1445/623 951/1446/624
f 960/1499/633 951/1446/624 952/1447/625
f 938/1500/612 952/1447/625 953/1448/626
f 957/1489/630 982/1501/655 943/1438/616
f 938/1500/612 954/1449/627 983/1502/656
f 979/1474/652 955/1477/628 958/1453/631
f 940/1488/614 978/1473/651 937/1432/611
f 958/1453/631 981/1476/654 929/1424/9
f 938/1433/612 983/1503/656 939/1434/613
f 943/1438/616 982/1501/655 954/1449/627
f 955/1450/628 984/1504/657 956/1451/629
f 959/1454/632 977/1472/650 955/1450/628
f 960/1455/633 980/1475/653 961/1456/634
f 962/1457/635 961/1456/634 963/1458/636
f 964/1459/637 963/1458/636 965/1460/638
f 966/1461/639 965/1460/638 967/1462/640
f 968/1463/641 967/1462/640 969/1464/642
f 970/1465/643 969/1464/642 971/1466/644
f 972/1467/645 971/1466/644 973/1468/646
f 974/1469/647 973/1468/646 975/1470/648
f 976/1471/649 975/1470/648 977/1472/650
f 958/1453/631 937/1432/611 978/1473/651
f 938/1433/612 940/1435/614 980/1475/653
f 955/1477/628 977/1478/650 981/1476/654
f 977/1478/650 975/1479/648 927/1422/12
f 975/1479/648 973/1480/646 928/1423/604
f 973/1480/646 971/1482/644 930/1425/15
f 969/1481/642 931/1426/605 930/1425/15
f 967/1483/640 932/1427/606 931/1426/605
f 967/1483/640 965/1484/638 933/1428/607
f 965/1484/638 963/1486/636 934/1429/608
f 961/1485/634 935/1430/609 934/1429/608
f 980/1487/653 936/1431/610 935/1430/609
f 940/1488/614 937/1432/611 936/1431/610
f 957/1489/630 943/1438/616 942/1437/615
f 959/1490/632 942/1437/615 944/1439/617
f 976/1491/649 944/1439/617 945/1440/618
f 974/1492/647 945/1440/618 946/1441/619
f 972/1493/645 946/1441/619 947/1442/620
f 968/1495/641 970/1494/643 947/1442/620
f 968/1495/641 948/1443/621 949/1444/622
f 966/1496/639 949/1444/622 950/1445/623
f 962/1498/635 964/1497/637 950/1445/623
f 960/1499/633 962/1498/635 951/1446/624
f 938/1500/612 960/1499/633 952/1447/625
f 957/1489/630 956/1505/629 982/1501/655
f 938/1500/612 953/1448/626 954/1449/627
f 979/1474/652 984/1506/657 955/1477/628
f 940/1488/614 939/1507/613 978/1473/651
f 985/1508/658 986/1509/659 987/1510/9
f 986/1509/659 988/1511/660 987/1510/9
f 988/1511/660 989/1512/661 987/1510/9
f 989/1512/661 990/1513/662 987/1510/9
f 990/1513/662 991/1514/663 987/1510/9
f 991/1514/663 992/1515/664 987/1510/9
f 992/1515/664 993/1516/665 987/1510/9
f 993/1516/665 994/1517/666 987/1510/9
f 994/1517/666 995/1518/667 987/1510/9
f 996/1519/668 997/1520/669 998/1521/670
f 999/1522/86 1000/1523/671 1001/1524/672
f 999/1522/86 1002/1525/673 1000/1523/671
f 999/1522/86 1003/1526/674 1002/1525/673
f 999/1522/86 1004/1527/675 1003/1526/674
f 999/1522/86 1005/1528/676 1004/1527/675
f 999/1522/86 1006/1529/677 1005/1528/676
f 999/1522/86 1007/1530/678 1006/1529/677
f 999/1522/86 1008/1531/679 1007/1530/678
f 999/1522/86 1009/1532/680 1008/1531/679
f 999/1522/86 1010/1533/681 1009/1532/680
f 999/1522/86 1011/1534/682 1010/1533/681
f 1001/1524/672 1012/1535/683 1011/1534/682
f 1013/1536/684 1014/1537/685 1015/1538/686
f 995/1518/667 1016/1539/687 987/1510/9
f 1017/1540/688 1013/1536/684 1015/1538/686
f 999/1522/86 1001/1524/672 1011/1534/682
f 1016/1539/687 1018/1541/689 1019/1542/690
f 1020/1543/691 1021/1544/692 1017/1540/688
f 1022/1545/693 1023/1546/694 1020/1543/691
f 1024/1547/695 1025/1548/696 1022/1545/693
f 1026/1549/697 1027/1550/698 1024/1547/695
f 1028/1551/699 1029/1552/700 1026/1549/697
f 1030/1553/701 1031/1554/702 1028/1551/699
f 1032/1555/703 1033/1556/704 1030/1553/701
f 1034/1557/705 1035/1558/706 1032/1555/703
f 1036/1559/707 1037/1560/708 1034/1557/705
f 996/1519/668 1038/1561/709 1036/1559/707
f 1039/1562/710 985/1508/658 987/1510/9
f 1013/1563/684 1039/1562/710 1016/1539/687
f 1021/1564/692 985/1508/658 1039/1562/710
f 1023/1565/694 986/1509/659 985/1508/658
f 1025/1566/696 988/1511/660 986/1509/659
f 1029/1567/700 988/1511/660 1027/1568/698
f 1031/1569/702 989/1512/661 1029/1567/700
f 1031/1569/702 991/1514/663 990/1513/662
f 1033/1570/704 992/1515/664 991/1514/663
f 1037/1571/708 992/1515/664 1035/1572/706
f 1038/1573/709 993/1516/665 1037/1571/708
f 998/1574/670 994/1517/666 1038/1573/709
f 1015/1575/686 1000/1523/671 1017/1576/688
f 1017/1576/688 1002/1525/673 1020/1577/691
f 1020/1577/691 1003/1526/674 1022/1578/693
f 1022/1578/693 1004/1527/675 1024/1579/695
f 1024/1579/695 1005/1528/676 1026/1580/697
f 1028/1581/699 1005/1528/676 1006/1529/677
f 1028/1581/699 1007/1530/678 1030/1582/701
f 1030/1582/701 1008/1531/679 1032/1583/703
f 1034/1584/705 1008/1531/679 1009/1532/680
f 1036/1585/707 1009/1532/680 1010/1533/681
f 996/1586/668 1010/1533/681 1011/1534/682
f 1015/1575/686 1040/1587/711 1001/1524/672
f 996/1586/668 1012/1535/683 1041/1588/712
f 1019/1542/690 1013/1563/684 1016/1539/687
f 998/1574/670 1018/1541/689 995/1518/667
f 1016/1539/687 1039/1562/710 987/1510/9
f 996/1519/668 1041/1589/712 997/1520/669
f 1001/1524/672 1040/1587/711 1012/1535/683
f 1013/1536/684 1042/1590/713 1014/1537/685
f 1017/1540/688 1021/1544/692 1013/1536/684
f 1016/1539/687 995/1518/667 1018/1541/689
f 1020/1543/691 1023/1546/694 1021/1544/692
f 1022/1545/693 1025/1548/696 1023/1546/694
f 1024/1547/695 1027/1550/698 1025/1548/696
f 1026/1549/697 1029/1552/700 1027/1550/698
f 1028/1551/699 1031/1554/702 1029/1552/700
f 1030/1553/701 1033/1556/704 1031/1554/702
f 1032/1555/703 1035/1558/706 1033/1556/704
f 1034/1557/705 1037/1560/708 1035/1558/706
f 1036/1559/707 1038/1561/709 1037/1560/708
f 996/1519/668 998/1521/670 1038/1561/709
f 1013/1563/684 1021/1564/692 1039/1562/710
f 1021/1564/692 1023/1565/694 985/1508/658
f 1023/1565/694 1025/1566/696 986/1509/659
f 1025/1566/696 1027/1568/698 988/1511/660
f 1029/1567/700 989/1512/661 988/1511/660
f 1031/1569/702 990/1513/662 989/1512/661
f 1031/1569/702 1033/1570/704 991/1514/663
f 1033/1570/704 1035/1572/706 992/1515/664
f 1037/1571/708 993/1516/665 992/1515/664
f 1038/1573/709 994/1517/666 993/1516/665
f 998/1574/670 995/1518/667 994/1517/666
f 1015/1575/686 1001/1524/672 1000/1523/671
f 1017/1576/688 1000/1523/671 1002/1525/673
f 1020/1577/691 1002/1525/673 1003/1526/674
f 1022/1578/693 1003/1526/674 1004/1527/675
f 1024/1579/695 1004/1527/675 1005/1528/676
f 1028/1581/699 1026/1580/697 1005/1528/676
f 1028/1581/699 1006/1529/677 1007/1530/678
f 1030/1582/701 1007/1530/678 1008/1531/679
f 1034/1584/705 1032/1583/703 1008/1531/679
f 1036/1585/707 1034/1584/705 1009/1532/680
f 996/1586/668 1036/1585/707 1010/1533/681
f 1015/1575/686 1014/1591/685 1040/1587/711
f 996/1586/668 1011/1534/682 1012/1535/683
f 1019/1542/690 1042/1592/713 1013/1563/684
f 998/1574/670 997/1593/669 1018/1541/689
f 1043/1594/714 1044/1595/604 1045/1596/9
f 1044/1595/604 1046/1597/15 1045/1596/9
f 1046/1597/15 1047/1598/605 1045/1596/9
f 1047/1598/605 1048/1599/10 1045/1596/9
f 1048/1599/10 1049/1600/607 1045/1596/9
f 1049/1600/607 1050/1601/608 1045/1596/9
f 1050/1601/608 1051/1602/715 1045/1596/9
f 1051/1602/715 1052/1603/716 1045/1596/9
f 1052/1603/716 1053/1604/717 1045/1596/9
f 1054/1605/718 1055/1606/719 1056/1607/720
f 1057/1608/86 1058/1609/615 1059/1610/721
f 1057/1608/86 1060/1611/722 1058/1609/615
f 1057/1608/86 1061/1612/723 1060/1611/722
f 1057/1608/86 1062/1613/724 1061/1612/723
f 1057/1608/86 1063/1614/725 1062/1613/724
f 1057/1608/86 1064/1615/726 1063/1614/725
f 1057/1608/86 1065/1616/727 1064/1615/726
f 1057/1608/86 1066/1617/728 1065/1616/727
f 1057/1608/86 1067/1618/624 1066/1617/728
f 1057/1608/86 1068/1619/729 1067/1618/624
f 1057/1608/86 1069/1620/626 1068/1619/729
f 1059/1610/721 1070/1621/730 1069/1620/626
f 1071/1622/731 1072/1623/732 1073/1624/733
f 1053/1604/717 1074/1625/734 1045/1596/9
f 1075/1626/735 1071/1622/731 1073/1624/733
f 1057/1608/86 1059/1610/721 1069/1620/626
f 1076/1627/736 1077/1628/737 1078/1629/738
f 1078/1629/738 1079/1630/739 1080/1631/740
f 1080/1631/740 1081/1632/638 1082/1633/741
f 1082/1633/741 1083/1634/640 1084/1635/641
f 1084/1635/641 1085/1636/642 1086/1637/742
f 1086/1637/742 1087/1638/743 1088/1639/744
f 1088/1639/744 1089/1640/646 1090/1641/745
f 1090/1641/745 1091/1642/746 1092/1643/649
f 1092/1643/649 1093/1644/650 1075/1626/735
f 1074/1625/734 1094/1645/747 1095/1646/748
f 1054/1605/718 1096/1647/749 1076/1627/736
f 1097/1648/654 1043/1594/714 1045/1596/9
f 1071/1649/731 1097/1648/654 1074/1625/734
f 1093/1650/650 1043/1594/714 1097/1648/654
f 1091/1651/746 1044/1595/604 1043/1594/714
f 1089/1652/646 1046/1597/15 1044/1595/604
f 1085/1653/642 1046/1597/15 1087/1654/743
f 1083/1655/640 1047/1598/605 1085/1653/642
f 1083/1655/640 1049/1600/607 1048/1599/10
f 1081/1656/638 1050/1601/608 1049/1600/607
f 1077/1657/737 1050/1601/608 1079/1658/739
f 1096/1659/749 1051/1602/715 1077/1657/737
f 1056/1660/720 1052/1603/716 1096/1659/749
f 1073/1661/733 1058/1609/615 1075/1662/735
f 1075/1662/735 1060/1611/722 1092/1663/649
f 1092/1663/649 1061/1612/723 1090/1664/745
f 1090/1664/745 1062/1613/724 1088/1665/744
f 1088/1665/744 1063/1614/725 1086/1666/742
f 1084/1667/641 1063/1614/725 1064/1615/726
f 1084/1667/641 1065/1616/727 1082/1668/741
f 1082/1668/741 1066/1617/728 1080/1669/740
f 1078/1670/738 1066/1617/728 1067/1618/624
f 1076/1671/736 1067/1618/624 1068/1619/729
f 1054/1672/718 1068/1619/729 1069/1620/626
f 1073/1661/733 1098/1673/655 1059/1610/721
f 1054/1672/718 1070/1621/730 1099/1674/750
f 1095/1646/748 1071/1649/731 1074/1625/734
f 1056/1660/720 1094/1645/747 1053/1604/717
f 1074/1625/734 1097/1648/654 1045/1596/9
f 1054/1605/718 1099/1675/750 1055/1606/719
f 1059/1610/721 1098/1673/655 1070/1621/730
f 1071/1622/731 1100/1676/751 1072/1623/732
f 1075/1626/735 1093/1644/650 1071/1622/731
f 1076/1627/736 1096/1647/749 1077/1628/737
f 1078/1629/738 1077/1628/737 1079/1630/739
f 1080/1631/740 1079/1630/739 1081/1632/638
f 1082/1633/741 1081/1632/638 1083/1634/640
f 1084/1635/641 1083/1634/640 1085/1636/642
f 1086/1637/742 1085/1636/642 1087/1638/743
f 1088/1639/744 1087/1638/743 1089/1640/646
f 1090/1641/745 1089/1640/646 1091/1642/746
f 1092/1643/649 1091/1642/746 1093/1644/650
f 1074/1625/734 1053/1604/717 1094/1645/747
f 1054/1605/718 1056/1607/720 1096/1647/749
f 1071/1649/731 1093/1650/650 1097/1648/654
f 1093/1650/650 1091/1651/746 1043/1594/714
f 1091/1651/746 1089/1652/646 1044/1595/604
f 1089/1652/646 1087/1654/743 1046/1597/15
f 1085/1653/642 1047/1598/605 1046/1597/15
f 1083/1655/640 1048/1599/10 1047/1598/605
f 1083/1655/640 1081/1656/638 1049/1600/607
f 1081/1656/638 1079/1658/739 1050/1601/608
f 1077/1657/737 1051/1602/715 1050/1601/608
f 1096/1659/749 1052/1603/716 1051/1602/715
f 1056/1660/720 1053/1604/717 1052/1603/716
f 1073/1661/733 1059/1610/721 1058/1609/615
f 1075/1662/735 1058/1609/615 1060/1611/722
f 1092/1663/649 1060/1611/722 1061/1612/723
f 1090/1664/745 1061/1612/723 1062/1613/724
f 1088/1665/744 1062/1613/724 1063/1614/725
f 1084/1667/641 1086/1666/742 1063/1614/725
f 1084/1667/641 1064/1615/726 1065/1616/727
f 1082/1668/741 1065/1616/727 1066/1617/728
f 1078/1670/738 1080/1669/740 1066/1617/728
f 1076/1671/736 1078/1670/738 1067/1618/624
f 1054/1672/718 1076/1671/736 1068/1619/729
f 1073/1661/733 1072/1677/732 1098/1673/655
f 1054/1672/718 1069/1620/626 1070/1621/730
f 1095/1646/748 1100/1678/751 1071/1649/731
f 1056/1660/720 1055/1679/719 1094/1645/747
f 1101/1194/752 1102/1195/753 1103/1196/424
f 1104/1197/754 1105/1198/86 1106/1199/418
f 1107/1200/755 1108/1201/233 1109/1202/756
f 1110/1203/757 1111/1204/758 1112/1205/759
f 1113/1206/760 1114/1207/761 1115/1208/762
f 1116/1209/763 1106/1199/418 1108/1201/233
f 1109/1202/756 1117/1210/764 1107/1200/755
f 1118/1211/765 1119/1212/766 1120/1213/767
f 1102/1195/753 1113/1206/760 1103/1196/424
f 1121/1214/768 1122/1215/769 1123/1216/770
f 1124/1217/771 1121/1214/768 1123/1216/770
f 1125/1218/772 1126/1219/773 1127/1220/774
f 1111/1204/758 1128/1221/775 1112/1205/759
f 1129/1222/776 1130/1223/777 1131/1224/778
f 1132/1225/779 1133/1226/780 1134/1227/781
f 1135/1228/782 1136/1229/783 1110/1203/757
f 1105/1230/86 1137/1231/784 1101/1194/752
f 1138/1232/785 1139/1233/786 1140/1234/787
f 1141/1235/788 1142/1236/789 1143/1237/236
f 1144/1238/790 1145/1239/9 1146/1240/457
f 1147/1241/791 1148/1242/792 1149/1243/459
f 1150/1244/793 1151/1245/794 1152/1246/795
f 1153/1247/796 1154/1248/797 1155/1249/461
f 1148/1242/792 1146/1240/457 1149/1243/459
f 1147/1241/791 1156/1250/798 1157/1251/799
f 1158/1252/800 1130/1223/777 1159/1253/801
f 1143/1237/236 1153/1247/796 1155/1249/461
f 1160/1254/802 1118/1211/765 1120/1213/767
f 1161/1255/803 1162/1256/804 1163/1257/805
f 1162/1256/804 1164/1258/806 1165/1259/807
f 1166/1260/808 1150/1244/793 1167/1261/809
f 1168/1262/810 1169/1263/811 1170/1264/812
f 1152/1246/795 1171/1265/813 1160/1254/802
f 1145/1266/9 1172/1267/814 1141/1235/788
f 1173/1268/815 1163/1257/805 1119/1212/766
f 1174/1269/816 1175/1270/817 1176/1271/818
f 1177/1272/819 1176/1271/818 1178/1273/820
f 1179/1274/821 1180/1275/822 1175/1270/817
f 1181/1276/823 1182/1277/824 1183/1278/825
f 1184/1279/499 1185/1280/826 1186/1281/827
f 1187/1282/828 1188/1283/829 1181/1276/823
f 1189/1284/830 1190/1285/831 1187/1282/828
f 1191/1286/832 1192/1287/833 1189/1284/830
f 1191/1286/832 1178/1273/820 1193/1288/834
f 1171/1265/813 1194/1289/835 1118/1211/765
f 1195/1290/836 1196/1291/837 1194/1289/835
f 1197/1292/838 1198/1293/839 1196/1291/837
f 1199/1294/840 1200/1295/841 1198/1293/839
f 1201/1296/842 1200/1295/841 1202/1297/843
f 1203/1298/844 1204/1299/845 1201/1296/842
f 1140/1234/787 1205/1300/846 1203/1298/844
f 1206/1301/847 1127/1220/774 1207/1302/848
f 1151/1245/794 1195/1290/836 1171/1265/813
f 1208/1303/849 1197/1292/838 1195/1290/836
f 1209/1304/850 1199/1294/840 1197/1292/838
f 1210/1305/851 1199/1294/840 1211/1306/852
f 1212/1307/853 1202/1297/843 1210/1305/851
f 1213/1308/854 1201/1296/842 1212/1307/853
f 1122/1215/769 1203/1298/844 1213/1308/854
f 1214/1309/855 1215/1310/856 1126/1219/773
f 1216/1311/857 1208/1303/849 1151/1245/794
f 1217/1312/858 1209/1304/850 1208/1303/849
f 1218/1313/859 1211/1306/852 1209/1304/850
f 1219/1314/860 1210/1305/851 1211/1306/852
f 1220/1315/861 1210/1305/851 1221/1316/862
f 1222/1317/863 1212/1307/853 1220/1315/861
f 1123/1216/770 1213/1308/854 1222/1317/863
f 1223/1318/864 1140/1234/787 1122/1215/769
f 1224/1319/865 1128/1221/775 1225/1320/866
f 1168/1262/810 1226/1321/867 1227/1322/868
f 1228/1323/869 1229/1324/870 1226/1321/867
f 1230/1325/871 1229/1324/870 1231/1326/872
f 1232/1327/873 1233/1328/874 1230/1325/871
f 1234/1329/875 1235/1330/876 1232/1327/873
f 1234/1329/875 1159/1253/801 1236/1331/877
f 1237/1332/878 1133/1226/780 1215/1310/856
f 1166/1260/808 1217/1312/858 1216/1311/857
f 1238/1333/879 1218/1313/859 1217/1312/858
f 1239/1334/880 1218/1313/859 1240/1335/881
f 1239/1334/880 1221/1316/862 1219/1314/860
f 1241/1336/882 1220/1315/861 1221/1316/862
f 1242/1337/883 1220/1315/861 1243/1338/884
f 1124/1217/771 1222/1317/863 1242/1337/883
f 1244/1339/885 1245/1340/886 1246/1341/887
f 1247/1342/888 1164/1258/806 1248/1343/889
f 1249/1344/890 1250/1345/891 1247/1342/888
f 1249/1344/890 1251/1346/892 1252/1347/893
f 1253/1348/894 1254/1349/895 1251/1346/892
f 1255/1350/896 1254/1349/895 1256/1351/897
f 1255/1350/896 1225/1320/866 1257/1352/898
f 1258/1353/899 1259/1354/900 1260/1355/901
f 1261/1356/902 1248/1343/889 1161/1255/803
f 1262/1357/903 1247/1342/888 1261/1356/902
f 1263/1358/904 1249/1344/890 1262/1357/903
f 1264/1359/905 1253/1348/894 1263/1358/904
f 1264/1359/905 1255/1350/896 1256/1351/897
f 1265/1360/906 1224/1319/865 1255/1350/896
f 1266/1361/907 1112/1205/759 1224/1319/865
f 1267/1362/908 1246/1341/887 1245/1340/886
f 1268/1363/909 1161/1255/803 1173/1268/815
f 1269/1364/910 1261/1356/902 1268/1363/909
f 1270/1365/911 1262/1357/903 1269/1364/910
f 1271/1366/912 1263/1358/904 1270/1365/911
f 1271/1366/912 1265/1360/906 1264/1359/905
f 1272/1367/913 1266/1361/907 1265/1360/906
f 1273/1368/914 1110/1203/757 1266/1361/907
f 1274/1369/915 1275/1370/916 1267/1362/908
f 1194/1289/835 1173/1268/815 1118/1211/765
f 1196/1291/837 1268/1363/909 1194/1289/835
f 1198/1293/839 1269/1364/910 1196/1291/837
f 1200/1295/841 1270/1365/911 1198/1293/839
f 1200/1295/841 1272/1367/913 1271/1366/912
f 1204/1299/845 1273/1368/914 1272/1367/913
f 1205/1300/846 1135/1228/782 1273/1368/914
f 1206/1301/847 1276/1371/917 1274/1369/915
f 1129/1372/776 1277/1373/918 1244/1339/885
f 1132/1374/779 1134/1375/781 1278/1376/919
f 1279/1377/920 1114/1207/761 1133/1226/780
f 1244/1339/885 1117/1210/764 1259/1354/900
f 1169/1378/811 1183/1278/825 1182/1277/824
f 1170/1379/812 1280/1380/921 1165/1259/807
f 1281/1381/922 1282/1382/923 1180/1275/822
f 1182/1277/824 1156/1250/798 1185/1280/826
f 1283/1383/924 1127/1220/774 1137/1231/784
f 1137/1231/784 1126/1219/773 1102/1195/753
f 1284/1384/925 1126/1219/773 1215/1310/856
f 1244/1339/885 1279/1377/920 1133/1226/780
f 1215/1310/856 1114/1207/761 1284/1384/925
f 1246/1341/887 1117/1210/764 1244/1339/885
f 1285/1385/926 1259/1354/900 1117/1210/764
f 1279/1377/920 1115/1386/762 1114/1207/761
f 1107/1200/755 1275/1370/916 1116/1209/763
f 1104/1197/754 1275/1370/916 1276/1371/917
f 1283/1383/924 1276/1371/917 1207/1302/848
f 1237/1387/878 1223/1318/864 1121/1214/768
f 1132/1225/779 1244/1339/885 1133/1226/780
f 1121/1214/768 1134/1375/781 1237/1387/878
f 1111/1204/758 1277/1388/918 1286/1389/927
f 1245/1390/886 1136/1229/783 1267/1391/908
f 1267/1391/908 1287/1392/928 1274/1393/915
f 1274/1393/915 1288/1394/929 1206/1395/847
f 1289/1396/930 1178/1273/820 1172/1267/814
f 1172/1267/814 1176/1271/818 1142/1236/789
f 1153/1247/796 1176/1271/818 1175/1270/817
f 1180/1275/822 1185/1280/826 1281/1381/922
f 1175/1270/817 1282/1382/923 1153/1247/796
f 1188/1283/829 1156/1250/798 1182/1277/824
f 1290/1397/931 1185/1280/826 1156/1250/798
f 1184/1279/499 1282/1382/923 1281/1381/922
f 1157/1251/799 1190/1285/831 1148/1242/792
f 1144/1238/790 1190/1285/831 1192/1287/833
f 1289/1396/930 1192/1287/833 1193/1288/834
f 1177/1398/819 1120/1213/767 1119/1212/766
f 1174/1399/816 1119/1212/766 1163/1257/805
f 1179/1400/821 1163/1257/805 1162/1256/804
f 1169/1378/811 1180/1275/822 1170/1401/812
f 1162/1256/804 1280/1380/921 1179/1400/821
f 1150/1244/793 1183/1402/825 1167/1261/809
f 1181/1403/823 1152/1246/795 1187/1404/828
f 1187/1404/828 1160/1254/802 1189/1405/830
f 1189/1405/830 1120/1213/767 1191/1406/832
f 1170/1401/812 1180/1275/822 1280/1407/921
f 1131/1408/778 1286/1389/927 1129/1409/776
f 1278/1376/919 1130/1223/777 1132/1374/779
f 1227/1322/868 1167/1261/809 1169/1263/811
f 1165/1259/807 1168/1410/810 1170/1379/812
f 1214/1411/855 1138/1232/785 1223/1318/864
f 1125/1412/772 1288/1394/929 1138/1232/785
f 1242/1337/883 1130/1223/777 1124/1217/771
f 1243/1338/884 1159/1253/801 1242/1337/883
f 1241/1336/882 1236/1331/877 1243/1338/884
f 1241/1336/882 1233/1328/874 1235/1330/876
f 1239/1334/880 1229/1324/870 1233/1328/874
f 1240/1335/881 1226/1321/867 1229/1324/870
f 1238/1333/879 1227/1322/868 1226/1321/867
f 1131/1408/778 1225/1320/866 1128/1221/775
f 1158/1413/800 1257/1352/898 1225/1320/866
f 1234/1414/875 1254/1349/895 1257/1352/898
f 1232/1415/873 1251/1346/892 1254/1349/895
f 1231/1416/872 1251/1346/892 1230/1417/871
f 1228/1418/869 1252/1347/893 1231/1416/872
f 1168/1410/810 1250/1345/891 1228/1418/869
f 1139/1233/786 1287/1392/928 1135/1228/782
f 1129/1409/776 1286/1389/927 1277/1388/918
f 1169/1263/811 1167/1261/809 1183/1402/825
f 1101/1194/752 1137/1231/784 1102/1195/753
f 1104/1197/754 1283/1383/924 1105/1198/86
f 1107/1200/755 1116/1209/763 1108/1201/233
f 1110/1203/757 1136/1229/783 1111/1204/758
f 1113/1206/760 1284/1384/925 1114/1207/761
f 1116/1209/763 1104/1197/754 1106/1199/418
f 1109/1202/756 1285/1419/926 1117/1210/764
f 1118/1211/765 1173/1268/815 1119/1212/766
f 1102/1195/753 1284/1384/925 1113/1206/760
f 1121/1214/768 1223/1318/864 1122/1215/769
f 1124/1217/771 1278/1376/919 1121/1214/768
f 1125/1218/772 1214/1309/855 1126/1219/773
f 1111/1204/758 1286/1389/927 1128/1221/775
f 1129/1222/776 1132/1374/779 1130/1223/777
f 1135/1228/782 1287/1392/928 1136/1229/783
f 1105/1230/86 1283/1383/924 1137/1231/784
f 1138/1232/785 1288/1394/929 1139/1233/786
f 1141/1235/788 1172/1267/814 1142/1236/789
f 1144/1238/790 1289/1396/930 1145/1239/9
f 1147/1241/791 1157/1251/799 1148/1242/792
f 1150/1244/793 1216/1311/857 1151/1245/794
f 1153/1247/796 1282/1382/923 1154/1248/797
f 1148/1242/792 1144/1238/790 1146/1240/457
f 1147/1241/791 1290/1420/931 1156/1250/798
f 1158/1252/800 1131/1224/778 1130/1223/777
f 1143/1237/236 1142/1236/789 1153/1247/796
f 1160/1254/802 1171/1265/813 1118/1211/765
f 1161/1255/803 1248/1343/889 1162/1256/804
f 1162/1256/804 1248/1343/889 1164/1258/806
f 1166/1260/808 1216/1311/857 1150/1244/793
f 1168/1262/810 1227/1322/868 1169/1263/811
f 1152/1246/795 1151/1245/794 1171/1265/813
f 1145/1266/9 1289/1396/930 1172/1267/814
f 1173/1268/815 1161/1255/803 1163/1257/805
f 1174/1269/816 1179/1274/821 1175/1270/817
f 1177/1272/819 1174/1269/816 1176/1271/818
f 1179/1274/821 1280/1407/921 1180/1275/822
f 1181/1276/823 1188/1283/829 1182/1277/824
f 1184/1279/499 1281/1381/922 1185/1280/826
f 1187/1282/828 1190/1285/831 1188/1283/829
f 1189/1284/830 1192/1287/833 1190/1285/831
f 1191/1286/832 1193/1288/834 1192/1287/833
f 1191/1286/832 1177/1272/819 1178/1273/820
f 1171/1265/813 1195/1290/836 1194/1289/835
f 1195/1290/836 1197/1292/838 1196/1291/837
f 1197/1292/838 1199/1294/840 1198/1293/839
f 1199/1294/840 1202/1297/843 1200/1295/841
f 1201/1296/842 1204/1299/845 1200/1295/841
f 1203/1298/844 1205/1300/846 1204/1299/845
f 1140/1234/787 1139/1233/786 1205/1300/846
f 1206/1301/847 1125/1218/772 1127/1220/774
f 1151/1245/794 1208/1303/849 1195/1290/836
f 1208/1303/849 1209/1304/850 1197/1292/838
f 1209/1304/850 1211/1306/852 1199/1294/840
f 1210/1305/851 1202/1297/843 1199/1294/840
f 1212/1307/853 1201/1296/842 1202/1297/843
f 1213/1308/854 1203/1298/844 1201/1296/842
f 1122/1215/769 1140/1234/787 1203/1298/844
f 1214/1309/855 1237/1332/878 1215/1310/856
f 1216/1311/857 1217/1312/858 1208/1303/849
f 1217/1312/858 1218/1313/859 1209/1304/850
f 1218/1313/859 1219/1314/860 1211/1306/852
f 1219/1314/860 1221/1316/862 1210/1305/851
f 1220/1315/861 1212/1307/853 1210/1305/851
f 1222/1317/863 1213/1308/854 1212/1307/853
f 1123/1216/770 1122/1215/769 1213/1308/854
f 1223/1318/864 1138/1232/785 1140/1234/787
f 1224/1319/865 1112/1205/759 1128/1221/775
f 1168/1262/810 1228/1323/869 1226/1321/867
f 1228/1323/869 1231/1326/872 1229/1324/870
f 1230/1325/871 1233/1328/874 1229/1324/870
f 1232/1327/873 1235/1330/876 1233/1328/874
f 1234/1329/875 1236/1331/877 1235/1330/876
f 1234/1329/875 1158/1252/800 1159/1253/801
f 1237/1332/878 1134/1227/781 1133/1226/780
f 1166/1260/808 1238/1333/879 1217/1312/858
f 1238/1333/879 1240/1335/881 1218/1313/859
f 1239/1334/880 1219/1314/860 1218/1313/859
f 1239/1334/880 1241/1336/882 1221/1316/862
f 1241/1336/882 1243/1338/884 1220/1315/861
f 1242/1337/883 1222/1317/863 1220/1315/861
f 1124/1217/771 1123/1216/770 1222/1317/863
f 1244/1339/885 1277/1373/918 1245/1340/886
f 1247/1342/888 1250/1345/891 1164/1258/806
f 1249/1344/890 1252/1347/893 1250/1345/891
f 1249/1344/890 1253/1348/894 1251/1346/892
f 1253/1348/894 1256/1351/897 1254/1349/895
f 1255/1350/896 1257/1352/898 1254/1349/895
f 1255/1350/896 1224/1319/865 1225/1320/866
f 1258/1353/899 1279/1377/920 1259/1354/900
f 1261/1356/902 1247/1342/888 1248/1343/889
f 1262/1357/903 1249/1344/890 1247/1342/888
f 1263/1358/904 1253/1348/894 1249/1344/890
f 1264/1359/905 1256/1351/897 1253/1348/894
f 1264/1359/905 1265/1360/906 1255/1350/896
f 1265/1360/906 1266/1361/907 1224/1319/865
f 1266/1361/907 1110/1203/757 1112/1205/759
f 1267/1362/908 1275/1370/916 1246/1341/887
f 1268/1363/909 1261/1356/902 1161/1255/803
f 1269/1364/910 1262/1357/903 1261/1356/902
f 1270/1365/911 1263/1358/904 1262/1357/903
f 1271/1366/912 1264/1359/905 1263/1358/904
f 1271/1366/912 1272/1367/913 1265/1360/906
f 1272/1367/913 1273/1368/914 1266/1361/907
f 1273/1368/914 1135/1228/782 1110/1203/757
f 1274/1369/915 1276/1371/917 1275/1370/916
f 1194/1289/835 1268/1363/909 1173/1268/815
f 1196/1291/837 1269/1364/910 1268/1363/909
f 1198/1293/839 1270/1365/911 1269/1364/910
f 1200/1295/841 1271/1366/912 1270/1365/911
f 1200/1295/841 1204/1299/845 1272/1367/913
f 1204/1299/845 1205/1300/846 1273/1368/914
f 1205/1300/846 1139/1233/786 1135/1228/782
f 1206/1301/847 1207/1302/848 1276/1371/917
f 1283/1383/924 1207/1302/848 1127/1220/774
f 1137/1231/784 1127/1220/774 1126/1219/773
f 1284/1384/925 1102/1195/753 1126/1219/773
f 1244/1339/885 1259/1354/900 1279/1377/920
f 1215/1310/856 1133/1226/780 1114/1207/761
f 1246/1341/887 1107/1200/755 1117/1210/764
f 1285/1385/926 1260/1355/901 1259/1354/900
f 1279/1377/920 1258/1353/899 1115/1386/762
f 1107/1200/755 1246/1341/887 1275/1370/916
f 1104/1197/754 1116/1209/763 1275/1370/916
f 1283/1383/924 1104/1197/754 1276/1371/917
f 1237/1387/878 1214/1411/855 1223/1318/864
f 1132/1225/779 1129/1372/776 1244/1339/885
f 1121/1214/768 1278/1376/919 1134/1375/781
f 1111/1204/758 1245/1390/886 1277/1388/918
f 1245/1390/886 1111/1204/758 1136/1229/783
f 1267/1391/908 1136/1229/783 1287/1392/928
f 1274/1393/915 1287/1392/928 1288/1394/929
f 1289/1396/930 1193/1288/834 1178/1273/820
f 1172/1267/814 1178/1273/820 1176/1271/818
f 1153/1247/796 1142/1236/789 1176/1271/818
f 1180/1275/822 1182/1277/824 1185/1280/826
f 1175/1270/817 1180/1275/822 1282/1382/923
f 1188/1283/829 1157/1251/799 1156/1250/798
f 1290/1397/931 1186/1281/827 1185/1280/826
f 1184/1279/499 1154/1421/797 1282/1382/923
f 1157/1251/799 1188/1283/829 1190/1285/831
f 1144/1238/790 1148/1242/792 1190/1285/831
f 1289/1396/930 1144/1238/790 1192/1287/833
f 1177/1398/819 1191/1406/832 1120/1213/767
f 1174/1399/816 1177/1398/819 1119/1212/766
f 1179/1400/821 1174/1399/816 1163/1257/805
f 1169/1378/811 1182/1277/824 1180/1275/822
f 1162/1256/804 1165/1259/807 1280/1380/921
f 1150/1244/793 1181/1403/823 1183/1402/825
f 1181/1403/823 1150/1244/793 1152/1246/795
f 1187/1404/828 1152/1246/795 1160/1254/802
f 1189/1405/830 1160/1254/802 1120/1213/767
f 1131/1408/778 1128/1221/775 1286/1389/927
f 1278/1376/919 1124/1217/771 1130/1223/777
f 1227/1322/868 1166/1260/808 1167/1261/809
f 1165/1259/807 1164/1258/806 1168/1410/810
f 1214/1411/855 1125/1412/772 1138/1232/785
f 1125/1412/772 1206/1395/847 1288/1394/929
f 1242/1337/883 1159/1253/801 1130/1223/777
f 1243/1338/884 1236/1331/877 1159/1253/801
f 1241/1336/882 1235/1330/876 1236/1331/877
f 1241/1336/882 1239/1334/880 1233/1328/874
f 1239/1334/880 1240/1335/881 1229/1324/870
f 1240/1335/881 1238/1333/879 1226/1321/867
f 1238/1333/879 1166/1260/808 1227/1322/868
f 1131/1408/778 1158/1413/800 1225/1320/866
f 1158/1413/800 1234/1414/875 1257/1352/898
f 1234/1414/875 1232/1415/873 1254/1349/895
f 1232/1415/873 1230/1417/871 1251/1346/892
f 1231/1416/872 1252/1347/893 1251/1346/892
f 1228/1418/869 1250/1345/891 1252/1347/893
f 1168/1410/810 1164/1258/806 1250/1345/891
f 1139/1233/786 1288/1394/929 1287/1392/928
